course_code,course_name,course_type,faculty,enrolled_students,day_of_week,time_slot,is_exam_near,has_assignment_submission,weather,attendance_rate,actual_attendance
IT3123,Cloud Computing & Virtualization (CC&V),Lecture,Computing,87,Thursday,10:30-12:30,0,0,Sunny,0.8703,76
SE22013,Software Project Management,Lecture,Computing,59,Monday,11:30-14:30,1,0,Rainy,0.8214,48
CS22023,Artificial Intelligence,Lecture,Computing,82,Tuesday,09:00-11:00,0,0,Sunny,0.7217,59
IS3093,Financial Management Concepts (FMC),Lecture,Computing,34,Wednesday,09:00-11:00,1,0,Rainy,0.8067,27
IT3123,Cloud Computing & Virtualization (CC&V),Lecture,Computing,87,Monday,11:30-14:30,0,0,Sunny,0.8089,70
IS3083,E-Commerce (EC),Lecture,Computing,33,Monday,12:00-13:30,0,0,Sunny,0.7268,24
DS22012,Categorical Data Analysis (CDA),Lecture,Computing,83,Friday,08:30-10:30,0,0,Sunny,0.7076,59
IS3093,Financial Management Concepts (FMC),Lecture,Computing,35,Wednesday,14:30-16:30,0,0,Sunny,0.8528,30
IS3073,Management Information Systems (MIS),Lecture,Computing,32,Monday,12:00-13:30,0,0,Cloudy,0.7622,24
IT3103,Service Oriented Web Programming (SOWP),Lecture,Computing,89,Friday,12:00-13:30,0,0,Sunny,0.7619,68
IT3103,Service Oriented Web Programming (SOWP),Lecture,Computing,91,Friday,10:30-12:30,0,0,Cloudy,0.8171,74
IS3112,Marketing Management (MM),Lecture,Computing,45,Tuesday,08:30-10:30,0,0,Cloudy,0.7416,33
SE22013,Software Project Management,Lecture,Computing,57,Tuesday,12:00-13:30,0,0,Sunny,0.8271,47
CS22012,Advanced Data Structures & Algorithms,Lecture,Computing,77,Monday,10:30-12:30,0,0,Rainy,0.7579,58
IT3123,Cloud Computing & Virtualization (CC&V),Lecture,Computing,88,Thursday,08:30-10:30,0,0,Sunny,0.7692,68
IT3143,Independent Study (IS),Lecture,Computing,129,Tuesday,09:00-11:00,0,0,Sunny,0.7569,98
IS3102,Organizational Behaviour (OB),Lecture,Computing,34,Tuesday,11:30-14:30,0,0,Rainy,0.8095,28
IS3102,Organizational Behaviour (OB),Lecture,Computing,34,Monday,09:00-11:00,0,0,Sunny,0.6969,24
IT3113,Cyber Security (CS),Lecture,Computing,91,Thursday,09:00-11:00,0,0,Cloudy,0.737,67
IT3113,Cyber Security (CS),Lecture,Computing,92,Thursday,08:30-10:30,0,0,Rainy,0.7022,65
SE22013,Software Project Management,Lecture,Computing,58,Tuesday,11:30-14:30,0,0,Sunny,0.8527,49
DS22012,Categorical Data Analysis (CDA),Lecture,Computing,84,Thursday,09:00-11:00,0,0,Sunny,0.7785,65
IS3093,Financial Management Concepts (FMC),Lecture,Computing,35,Wednesday,09:00-11:00,0,1,Rainy,0.99,35
IT3143,Independent Study (IS),Lecture,Computing,126,Friday,12:00-13:30,0,1,Rainy,0.9487,120
IS3102,Organizational Behaviour (OB),Lecture,Computing,35,Monday,08:30-10:30,0,0,Cloudy,0.6757,24
IT3143,Independent Study (IS),Lecture,Computing,120,Tuesday,11:30-14:30,0,0,Sunny,0.8595,103
CS3253,Big Data Analytics (BA),Lecture,Computing,36,Wednesday,14:30-16:30,0,1,Sunny,0.9844,35
CS22023,Artificial Intelligence,Lecture,Computing,81,Monday,11:30-14:30,0,0,Cloudy,0.8444,68
IS3102,Organizational Behaviour (OB),Lecture,Computing,34,Tuesday,12:00-13:30,0,1,Sunny,0.9738,33
IS3112,Marketing Management (MM),Lecture,Computing,33,Tuesday,12:00-13:30,0,0,Sunny,0.8355,28
CS22993,Group Project in Software Development,Lecture,Computing,79,Wednesday,14:30-16:30,0,0,Rainy,0.7731,61
IS3102,Organizational Behaviour (OB),Lecture,Computing,36,Tuesday,10:30-12:30,0,0,Sunny,0.8956,32
IT3123,Cloud Computing & Virtualization (CC&V),Lecture,Computing,93,Thursday,11:30-14:30,0,1,Sunny,0.9701,90
CS22012,Advanced Data Structures & Algorithms,Lecture,Computing,82,Monday,10:30-12:30,0,0,Sunny,0.7729,63
IS3102,Organizational Behaviour (OB),Lecture,Computing,32,Wednesday,12:00-13:30,0,0,Sunny,0.8133,26
IS3073,Management Information Systems (MIS),Lecture,Computing,33,Thursday,08:30-10:30,0,1,Cloudy,0.9442,31
CS3253,Big Data Analytics (BA),Lecture,Computing,38,Tuesday,08:30-10:30,0,1,Cloudy,0.987,38
IT3143,Independent Study (IS),Lecture,Computing,122,Friday,10:30-12:30,0,0,Sunny,0.7931,97
IS3073,Management Information Systems (MIS),Lecture,Computing,36,Wednesday,10:30-12:30,0,0,Cloudy,0.893,32
IS3112,Marketing Management (MM),Lecture,Computing,37,Tuesday,10:30-12:30,0,0,Rainy,0.822,30
SE22013,Software Project Management,Lecture,Computing,57,Wednesday,10:30-12:30,1,0,Sunny,0.9507,54
IS3093,Financial Management Concepts (FMC),Lecture,Computing,34,Wednesday,14:30-16:30,0,0,Cloudy,0.8212,28
CS22023,Artificial Intelligence,Lecture,Computing,83,Wednesday,12:00-13:30,0,0,Sunny,0.8293,69
IT3182,Essentials of Artificial Intelligence (EAI),Lecture,Computing,124,Monday,09:00-11:00,1,0,Cloudy,0.7775,96
IT3143,Independent Study (IS),Lecture,Computing,129,Tuesday,14:30-16:30,0,0,Rainy,0.7692,99
SE22013,Software Project Management,Lecture,Computing,59,Thursday,14:30-16:30,0,0,Cloudy,0.8058,48
IT3103,Service Oriented Web Programming (SOWP),Lecture,Computing,91,Thursday,09:00-11:00,0,0,Sunny,0.7378,67
IS3073,Management Information Systems (MIS),Lecture,Computing,34,Monday,14:30-16:30,0,0,Rainy,0.7171,24
CS3253,Big Data Analytics (BA),Lecture,Computing,37,Monday,11:30-14:30,0,0,Rainy,0.7397,27
IS3093,Financial Management Concepts (FMC),Lecture,Computing,32,Wednesday,10:30-12:30,1,0,Sunny,0.9598,31
IT3182,Essentials of Artificial Intelligence (EAI),Lecture,Computing,126,Friday,12:00-13:30,0,0,Sunny,0.7599,96
CS22012,Advanced Data Structures & Algorithms,Lecture,Computing,85,Friday,14:30-16:30,0,0,Sunny,0.7405,63
IT3182,Essentials of Artificial Intelligence (EAI),Lecture,Computing,117,Friday,08:30-10:30,0,0,Sunny,0.7214,84
IT3133,Programming Distributed Components (PDC),Lecture,Computing,89,Thursday,10:30-12:30,1,0,Sunny,0.9435,84
CS22023,Artificial Intelligence,Lecture,Computing,82,Monday,10:30-12:30,1,0,Cloudy,0.8903,73
IS3112,Marketing Management (MM),Lecture,Computing,32,Thursday,14:30-16:30,1,0,Sunny,0.9505,30
IT3133,Programming Distributed Components (PDC),Lecture,Computing,90,Tuesday,09:00-11:00,0,0,Sunny,0.7392,67
IS3102,Organizational Behaviour (OB),Lecture,Computing,33,Wednesday,09:00-11:00,0,0,Rainy,0.678,22
CS3253,Big Data Analytics (BA),Lecture,Computing,42,Tuesday,14:30-16:30,1,0,Sunny,0.9495,40
CS22023,Artificial Intelligence,Lecture,Computing,81,Friday,09:00-11:00,0,0,Cloudy,0.7205,58
IS3102,Organizational Behaviour (OB),Lecture,Computing,34,Tuesday,09:00-11:00,0,1,Cloudy,0.99,34
IT3103,Service Oriented Web Programming (SOWP),Lecture,Computing,89,Thursday,14:30-16:30,1,0,Sunny,0.9209,82
IS3112,Marketing Management (MM),Lecture,Computing,32,Monday,12:00-13:30,0,0,Sunny,0.7313,23
IT3123,Cloud Computing & Virtualization (CC&V),Lecture,Computing,89,Thursday,10:30-12:30,1,0,Sunny,0.99,88
IS3102,Organizational Behaviour (OB),Lecture,Computing,36,Thursday,09:00-11:00,0,0,Sunny,0.7874,28
CS22012,Advanced Data Structures & Algorithms,Lecture,Computing,84,Monday,11:30-14:30,0,0,Rainy,0.781,66
IT3153,Software Quality Assurance (SQA),Lecture,Computing,118,Wednesday,14:30-16:30,0,0,Cloudy,0.8189,97
IS3093,Financial Management Concepts (FMC),Lecture,Computing,36,Wednesday,10:30-12:30,0,0,Sunny,0.8187,29
SE22013,Software Project Management,Lecture,Computing,60,Wednesday,11:30-14:30,0,0,Sunny,0.8542,51
IT3103,Service Oriented Web Programming (SOWP),Lecture,Computing,85,Monday,10:30-12:30,0,0,Rainy,0.714,61
IS3102,Organizational Behaviour (OB),Lecture,Computing,40,Monday,12:00-13:30,0,0,Rainy,0.7007,28
IS3093,Financial Management Concepts (FMC),Lecture,Computing,34,Thursday,11:30-14:30,0,0,Sunny,0.8556,29
IS3112,Marketing Management (MM),Lecture,Computing,30,Wednesday,11:30-14:30,0,0,Cloudy,0.8873,27
IS3083,E-Commerce (EC),Lecture,Computing,36,Monday,12:00-13:30,0,0,Sunny,0.763,27
IT3103,Service Oriented Web Programming (SOWP),Lecture,Computing,89,Friday,08:30-10:30,0,0,Sunny,0.6642,59
SE22013,Software Project Management,Lecture,Computing,62,Wednesday,10:30-12:30,0,0,Sunny,0.8338,52
IT3182,Essentials of Artificial Intelligence (EAI),Lecture,Computing,122,Tuesday,11:30-14:30,0,0,Rainy,0.7966,97
IT3103,Service Oriented Web Programming (SOWP),Lecture,Computing,87,Wednesday,12:00-13:30,0,0,Sunny,0.7948,69
IT3143,Independent Study (IS),Lecture,Computing,124,Tuesday,14:30-16:30,0,0,Rainy,0.7534,93
SE22013,Software Project Management,Lecture,Computing,63,Thursday,11:30-14:30,0,0,Cloudy,0.8585,54
IT3103,Service Oriented Web Programming (SOWP),Lecture,Computing,87,Tuesday,10:30-12:30,0,0,Cloudy,0.84,73
IT3113,Cyber Security (CS),Lecture,Computing,85,Wednesday,10:30-12:30,0,0,Sunny,0.8654,74
IT3153,Software Quality Assurance (SQA),Lecture,Computing,122,Thursday,12:00-13:30,0,0,Sunny,0.8352,102
IS3102,Organizational Behaviour (OB),Lecture,Computing,36,Tuesday,14:30-16:30,1,0,Sunny,0.9329,34
CS22023,Artificial Intelligence,Lecture,Computing,83,Friday,08:30-10:30,0,0,Sunny,0.7216,60
IT3103,Service Oriented Web Programming (SOWP),Lecture,Computing,90,Wednesday,09:00-11:00,1,0,Cloudy,0.8807,79
IT3123,Cloud Computing & Virtualization (CC&V),Lecture,Computing,90,Wednesday,10:30-12:30,0,0,Sunny,0.8659,78
IS3083,E-Commerce (EC),Lecture,Computing,37,Friday,11:30-14:30,0,1,Cloudy,0.9258,34
IT3133,Programming Distributed Components (PDC),Lecture,Computing,86,Friday,10:30-12:30,0,0,Rainy,0.7503,65
CS22023,Artificial Intelligence,Lecture,Computing,84,Monday,09:00-11:00,0,0,Cloudy,0.7044,59
IT3113,Cyber Security (CS),Lecture,Computing,82,Wednesday,11:30-14:30,0,0,Sunny,0.8735,72
SE22013,Software Project Management,Lecture,Computing,60,Thursday,11:30-14:30,0,0,Sunny,0.8795,53
IT3162,GIS and Remote Sensing (GIS&RS),Lecture,Computing,123,Tuesday,10:30-12:30,0,0,Rainy,0.8165,100
IT3133,Programming Distributed Components (PDC),Lecture,Computing,96,Monday,12:00-13:30,1,0,Cloudy,0.8526,82
IT3103,Service Oriented Web Programming (SOWP),Lecture,Computing,86,Wednesday,11:30-14:30,0,0,Rainy,0.8194,70
IT3162,GIS and Remote Sensing (GIS&RS),Lecture,Computing,121,Friday,12:00-13:30,0,1,Rainy,0.9675,117
CS3253,Big Data Analytics (BA),Lecture,Computing,34,Monday,09:00-11:00,0,0,Sunny,0.7206,25
IT3162,GIS and Remote Sensing (GIS&RS),Lecture,Computing,123,Wednesday,14:30-16:30,0,0,Rainy,0.7861,97
IT3123,Cloud Computing & Virtualization (CC&V),Lecture,Computing,92,Tuesday,09:00-11:00,0,0,Rainy,0.696,64
IT3143,Independent Study (IS),Lecture,Computing,123,Monday,14:30-16:30,0,0,Sunny,0.7279,90
CS3253,Big Data Analytics (BA),Lecture,Computing,40,Monday,08:30-10:30,0,0,Sunny,0.6871,27
DS22012,Categorical Data Analysis (CDA),Lecture,Computing,86,Wednesday,10:30-12:30,0,0,Cloudy,0.84,72
SE22013,Software Project Management,Lecture,Computing,58,Friday,09:00-11:00,0,0,Sunny,0.6849,40
DS22012,Categorical Data Analysis (CDA),Lecture,Computing,82,Wednesday,09:00-11:00,0,0,Sunny,0.7805,64
IS3083,E-Commerce (EC),Lecture,Computing,37,Wednesday,11:30-14:30,0,1,Cloudy,0.9735,36
IS3112,Marketing Management (MM),Lecture,Computing,33,Thursday,09:00-11:00,0,1,Sunny,0.99,33
IT3123,Cloud Computing & Virtualization (CC&V),Lecture,Computing,91,Monday,12:00-13:30,0,0,Rainy,0.7093,65
IT3103,Service Oriented Web Programming (SOWP),Lecture,Computing,85,Tuesday,10:30-12:30,0,0,Sunny,0.8437,72
IT3143,Independent Study (IS),Lecture,Computing,118,Friday,12:00-13:30,0,1,Sunny,0.9591,113
IS3112,Marketing Management (MM),Lecture,Computing,30,Wednesday,10:30-12:30,0,0,Sunny,0.8576,26
IT3143,Independent Study (IS),Lecture,Computing,124,Friday,10:30-12:30,0,0,Sunny,0.7863,98
DS22012,Categorical Data Analysis (CDA),Lecture,Computing,87,Wednesday,08:30-10:30,0,0,Cloudy,0.7625,66
IT3153,Software Quality Assurance (SQA),Lecture,Computing,122,Tuesday,11:30-14:30,0,0,Sunny,0.8471,103
IT3153,Software Quality Assurance (SQA),Lecture,Computing,123,Tuesday,10:30-12:30,0,0,Cloudy,0.8761,108
CS3253,Big Data Analytics (BA),Lecture,Computing,40,Monday,12:00-13:30,0,1,Cloudy,0.9655,39
IT3133,Programming Distributed Components (PDC),Lecture,Computing,86,Thursday,14:30-16:30,0,0,Sunny,0.8726,75
CS3253,Big Data Analytics (BA),Lecture,Computing,38,Wednesday,10:30-12:30,0,0,Sunny,0.8624,33
IT3143,Independent Study (IS),Lecture,Computing,120,Thursday,10:30-12:30,0,0,Sunny,0.8244,99
IT3182,Essentials of Artificial Intelligence (EAI),Lecture,Computing,120,Wednesday,09:00-11:00,0,1,Sunny,0.9886,119
IT3153,Software Quality Assurance (SQA),Lecture,Computing,124,Monday,14:30-16:30,0,0,Cloudy,0.7889,98
IT3103,Service Oriented Web Programming (SOWP),Lecture,Computing,91,Tuesday,10:30-12:30,0,1,Rainy,0.9792,89
IS3083,E-Commerce (EC),Lecture,Computing,35,Friday,10:30-12:30,0,0,Sunny,0.7793,27
IT3123,Cloud Computing & Virtualization (CC&V),Lecture,Computing,90,Friday,14:30-16:30,0,1,Cloudy,0.9657,87
DS22012,Categorical Data Analysis (CDA),Lecture,Computing,89,Thursday,09:00-11:00,0,0,Rainy,0.7168,64
IT3162,GIS and Remote Sensing (GIS&RS),Lecture,Computing,127,Monday,09:00-11:00,0,0,Sunny,0.6721,85
DS22012,Categorical Data Analysis (CDA),Lecture,Computing,75,Friday,10:30-12:30,0,1,Sunny,0.9846,74
IS3073,Management Information Systems (MIS),Lecture,Computing,37,Thursday,14:30-16:30,0,0,Sunny,0.8209,30
IT3182,Essentials of Artificial Intelligence (EAI),Lecture,Computing,126,Friday,12:00-13:30,0,0,Cloudy,0.7563,95
IS3102,Organizational Behaviour (OB),Lecture,Computing,34,Tuesday,09:00-11:00,0,0,Sunny,0.7439,25
IS3112,Marketing Management (MM),Lecture,Computing,32,Friday,12:00-13:30,0,0,Rainy,0.6945,22
IS3112,Marketing Management (MM),Lecture,Computing,37,Friday,11:30-14:30,0,0,Cloudy,0.7942,29
CS3253,Big Data Analytics (BA),Lecture,Computing,35,Monday,09:00-11:00,0,0,Sunny,0.6915,24
IT3103,Service Oriented Web Programming (SOWP),Lecture,Computing,85,Wednesday,10:30-12:30,0,0,Sunny,0.8714,74
DS22012,Categorical Data Analysis (CDA),Lecture,Computing,80,Thursday,09:00-11:00,0,0,Sunny,0.7694,62
IS3112,Marketing Management (MM),Lecture,Computing,34,Tuesday,09:00-11:00,0,0,Rainy,0.7325,25
IT3153,Software Quality Assurance (SQA),Lecture,Computing,125,Wednesday,08:30-10:30,0,0,Sunny,0.7817,98
IT3103,Service Oriented Web Programming (SOWP),Lecture,Computing,89,Friday,08:30-10:30,1,1,Sunny,0.9574,85
IS3073,Management Information Systems (MIS),Lecture,Computing,42,Thursday,09:00-11:00,0,0,Sunny,0.7494,31
IT3113,Cyber Security (CS),Lecture,Computing,92,Tuesday,08:30-10:30,0,0,Sunny,0.7613,70
IT3153,Software Quality Assurance (SQA),Lecture,Computing,124,Monday,12:00-13:30,1,0,Rainy,0.7874,98
IT3153,Software Quality Assurance (SQA),Lecture,Computing,122,Thursday,08:30-10:30,0,1,Sunny,0.9533,116
IT3123,Cloud Computing & Virtualization (CC&V),Lecture,Computing,90,Monday,09:00-11:00,0,0,Sunny,0.6521,59
CS3253,Big Data Analytics (BA),Lecture,Computing,40,Friday,09:00-11:00,0,1,Sunny,0.99,40
SE22013,Software Project Management,Lecture,Computing,59,Friday,08:30-10:30,0,0,Sunny,0.6775,40
DS22012,Categorical Data Analysis (CDA),Lecture,Computing,84,Monday,08:30-10:30,0,0,Cloudy,0.6795,57
CS22012,Advanced Data Structures & Algorithms,Lecture,Computing,77,Monday,12:00-13:30,0,0,Sunny,0.706,54
IS3112,Marketing Management (MM),Lecture,Computing,33,Friday,14:30-16:30,0,0,Rainy,0.6929,23
IT3103,Service Oriented Web Programming (SOWP),Lecture,Computing,85,Tuesday,14:30-16:30,0,1,Sunny,0.99,84
CS22993,Group Project in Software Development,Lecture,Computing,82,Tuesday,12:00-13:30,0,1,Sunny,0.9654,79
IS3102,Organizational Behaviour (OB),Lecture,Computing,39,Monday,12:00-13:30,0,1,Rainy,0.9204,36
IS3112,Marketing Management (MM),Lecture,Computing,39,Tuesday,10:30-12:30,0,0,Cloudy,0.89,35
CS22012,Advanced Data Structures & Algorithms,Lecture,Computing,80,Wednesday,08:30-10:30,0,0,Sunny,0.7799,62
IT3113,Cyber Security (CS),Lecture,Computing,92,Friday,12:00-13:30,0,0,Sunny,0.7281,67
IS3102,Organizational Behaviour (OB),Lecture,Computing,35,Monday,10:30-12:30,0,0,Cloudy,0.7718,27
DS22012,Categorical Data Analysis (CDA),Lecture,Computing,83,Monday,09:00-11:00,0,0,Sunny,0.6492,54
CS22012,Advanced Data Structures & Algorithms,Lecture,Computing,84,Monday,11:30-14:30,1,0,Rainy,0.8511,71
IT3143,Independent Study (IS),Lecture,Computing,129,Friday,11:30-14:30,0,0,Cloudy,0.7972,103
IT3123,Cloud Computing & Virtualization (CC&V),Lecture,Computing,90,Wednesday,12:00-13:30,0,0,Sunny,0.8595,77
IS3112,Marketing Management (MM),Lecture,Computing,33,Friday,09:00-11:00,1,0,Sunny,0.7803,26
CS3253,Big Data Analytics (BA),Lecture,Computing,36,Wednesday,10:30-12:30,0,0,Sunny,0.884,32
IS3083,E-Commerce (EC),Lecture,Computing,34,Friday,11:30-14:30,0,0,Sunny,0.7566,26
IT3182,Essentials of Artificial Intelligence (EAI),Lecture,Computing,124,Wednesday,10:30-12:30,0,0,Sunny,0.8916,111
SE22013,Software Project Management,Lecture,Computing,53,Wednesday,14:30-16:30,0,0,Cloudy,0.8085,43
IS3083,E-Commerce (EC),Lecture,Computing,37,Tuesday,11:30-14:30,0,0,Sunny,0.8457,31
IT3103,Service Oriented Web Programming (SOWP),Lecture,Computing,88,Tuesday,12:00-13:30,0,0,Sunny,0.8435,74
CS22012,Advanced Data Structures & Algorithms,Lecture,Computing,82,Tuesday,09:00-11:00,1,0,Sunny,0.8457,69
IT3182,Essentials of Artificial Intelligence (EAI),Lecture,Computing,119,Monday,08:30-10:30,0,0,Cloudy,0.6846,81
CS22023,Artificial Intelligence,Lecture,Computing,88,Friday,09:00-11:00,0,0,Cloudy,0.6648,59
IS3083,E-Commerce (EC),Lecture,Computing,34,Friday,12:00-13:30,0,1,Sunny,0.99,34
DS22012,Categorical Data Analysis (CDA),Lecture,Computing,79,Monday,08:30-10:30,0,0,Cloudy,0.7026,56
DS22012,Categorical Data Analysis (CDA),Lecture,Computing,83,Friday,10:30-12:30,0,0,Cloudy,0.7991,66
IS3073,Management Information Systems (MIS),Lecture,Computing,32,Monday,11:30-14:30,0,0,Rainy,0.7501,24
IS3083,E-Commerce (EC),Lecture,Computing,37,Friday,11:30-14:30,0,0,Rainy,0.7499,28
IT3133,Programming Distributed Components (PDC),Lecture,Computing,87,Thursday,14:30-16:30,0,1,Cloudy,0.9756,85
IS3093,Financial Management Concepts (FMC),Lecture,Computing,32,Thursday,14:30-16:30,0,1,Sunny,0.9759,31
IS3093,Financial Management Concepts (FMC),Lecture,Computing,33,Tuesday,08:30-10:30,0,0,Rainy,0.7141,24
CS3253,Big Data Analytics (BA),Lecture,Computing,41,Thursday,10:30-12:30,0,0,Sunny,0.874,36
IS3083,E-Commerce (EC),Lecture,Computing,39,Wednesday,09:00-11:00,0,0,Sunny,0.7917,31
CS22993,Group Project in Software Development,Lecture,Computing,86,Wednesday,10:30-12:30,0,1,Sunny,0.99,85
IT3113,Cyber Security (CS),Lecture,Computing,84,Wednesday,09:00-11:00,0,0,Cloudy,0.7634,64
IT3162,GIS and Remote Sensing (GIS&RS),Lecture,Computing,123,Friday,08:30-10:30,1,0,Sunny,0.7978,98
SE22013,Software Project Management,Lecture,Computing,55,Tuesday,12:00-13:30,0,0,Cloudy,0.8003,44
DS22012,Categorical Data Analysis (CDA),Lecture,Computing,83,Thursday,10:30-12:30,0,1,Cloudy,0.9687,80
IT3123,Cloud Computing & Virtualization (CC&V),Lecture,Computing,91,Monday,14:30-16:30,0,0,Cloudy,0.7368,67
IT3182,Essentials of Artificial Intelligence (EAI),Lecture,Computing,124,Friday,11:30-14:30,0,1,Sunny,0.9614,119
IT3143,Independent Study (IS),Lecture,Computing,120,Tuesday,14:30-16:30,0,0,Sunny,0.8296,100
SE22013,Software Project Management,Lecture,Computing,60,Tuesday,11:30-14:30,0,0,Sunny,0.8488,51
DS22012,Categorical Data Analysis (CDA),Lecture,Computing,81,Friday,10:30-12:30,0,0,Sunny,0.7783,63
CS22993,Group Project in Software Development,Lecture,Computing,84,Tuesday,09:00-11:00,0,0,Rainy,0.7542,63
CS22993,Group Project in Software Development,Lecture,Computing,87,Wednesday,10:30-12:30,0,0,Sunny,0.8785,76
IS3112,Marketing Management (MM),Lecture,Computing,35,Wednesday,09:00-11:00,0,0,Rainy,0.6993,24
CS22993,Group Project in Software Development,Lecture,Computing,76,Tuesday,11:30-14:30,0,1,Cloudy,0.9449,72
IT3182,Essentials of Artificial Intelligence (EAI),Lecture,Computing,124,Friday,11:30-14:30,0,0,Sunny,0.7589,94
IT3113,Cyber Security (CS),Lecture,Computing,88,Tuesday,14:30-16:30,0,0,Sunny,0.8094,71
SE22013,Software Project Management,Lecture,Computing,58,Thursday,08:30-10:30,0,0,Cloudy,0.7676,45
IT3182,Essentials of Artificial Intelligence (EAI),Lecture,Computing,127,Thursday,14:30-16:30,0,0,Sunny,0.7957,101
IT3103,Service Oriented Web Programming (SOWP),Lecture,Computing,91,Tuesday,11:30-14:30,0,0,Cloudy,0.8753,80
CS22023,Artificial Intelligence,Lecture,Computing,82,Monday,08:30-10:30,0,0,Sunny,0.7393,61
IT3143,Independent Study (IS),Lecture,Computing,118,Tuesday,10:30-12:30,0,0,Rainy,0.8202,97
IT3162,GIS and Remote Sensing (GIS&RS),Lecture,Computing,129,Tuesday,10:30-12:30,0,0,Cloudy,0.8979,116
IT3153,Software Quality Assurance (SQA),Lecture,Computing,124,Thursday,09:00-11:00,0,0,Sunny,0.7664,95
CS22012,Advanced Data Structures & Algorithms,Lecture,Computing,84,Wednesday,10:30-12:30,0,0,Sunny,0.8624,72
IS3093,Financial Management Concepts (FMC),Lecture,Computing,33,Wednesday,09:00-11:00,0,0,Sunny,0.7706,25
CS22012,Advanced Data Structures & Algorithms,Lecture,Computing,77,Monday,12:00-13:30,0,0,Rainy,0.7007,54
DS22012,Categorical Data Analysis (CDA),Lecture,Computing,85,Monday,08:30-10:30,0,0,Sunny,0.6808,58
IT3103,Service Oriented Web Programming (SOWP),Lecture,Computing,88,Monday,14:30-16:30,0,0,Rainy,0.7298,64
CS3253,Big Data Analytics (BA),Lecture,Computing,37,Monday,11:30-14:30,0,0,Sunny,0.8071,30
IT3103,Service Oriented Web Programming (SOWP),Lecture,Computing,84,Wednesday,10:30-12:30,0,0,Rainy,0.8282,70
CS22993,Group Project in Software Development,Lecture,Computing,78,Thursday,11:30-14:30,0,0,Sunny,0.824,64
IT3113,Cyber Security (CS),Lecture,Computing,91,Monday,10:30-12:30,0,0,Sunny,0.7741,70
DS22012,Categorical Data Analysis (CDA),Lecture,Computing,78,Thursday,10:30-12:30,0,0,Sunny,0.8448,66
CS22012,Advanced Data Structures & Algorithms,Lecture,Computing,85,Wednesday,09:00-11:00,0,0,Cloudy,0.7427,63
IS3073,Management Information Systems (MIS),Lecture,Computing,36,Thursday,08:30-10:30,0,1,Sunny,0.9733,35
IT3133,Programming Distributed Components (PDC),Lecture,Computing,95,Thursday,12:00-13:30,0,0,Sunny,0.8079,77
IS3073,Management Information Systems (MIS),Lecture,Computing,36,Wednesday,11:30-14:30,0,0,Cloudy,0.8464,30
IS3073,Management Information Systems (MIS),Lecture,Computing,34,Monday,10:30-12:30,0,0,Rainy,0.7419,25
IS3083,E-Commerce (EC),Lecture,Computing,31,Wednesday,12:00-13:30,0,0,Sunny,0.7844,24
IS3093,Financial Management Concepts (FMC),Lecture,Computing,36,Tuesday,09:00-11:00,0,0,Cloudy,0.7862,28
IT3143,Independent Study (IS),Lecture,Computing,123,Friday,09:00-11:00,0,0,Sunny,0.7015,86
IS3073,Management Information Systems (MIS),Lecture,Computing,39,Thursday,11:30-14:30,0,0,Rainy,0.8202,32
IT3143,Independent Study (IS),Lecture,Computing,120,Tuesday,11:30-14:30,1,0,Sunny,0.9207,110
CS3253,Big Data Analytics (BA),Lecture,Computing,40,Tuesday,12:00-13:30,1,1,Rainy,0.9863,39
DS22012,Categorical Data Analysis (CDA),Lecture,Computing,79,Friday,11:30-14:30,0,0,Sunny,0.8021,63
IT3162,GIS and Remote Sensing (GIS&RS),Lecture,Computing,124,Thursday,08:30-10:30,0,0,Rainy,0.6757,84
IS3083,E-Commerce (EC),Lecture,Computing,38,Thursday,10:30-12:30,0,0,Sunny,0.8604,33
CS3253,Big Data Analytics (BA),Lecture,Computing,43,Tuesday,08:30-10:30,0,0,Cloudy,0.7641,33
CS22993,Group Project in Software Development,Lecture,Computing,85,Monday,10:30-12:30,0,0,Sunny,0.7815,66
IT3143,Independent Study (IS),Lecture,Computing,126,Wednesday,12:00-13:30,1,1,Sunny,0.9257,117
CS22012,Advanced Data Structures & Algorithms,Lecture,Computing,84,Thursday,12:00-13:30,0,0,Sunny,0.8424,71
IS3083,E-Commerce (EC),Lecture,Computing,40,Friday,10:30-12:30,0,0,Cloudy,0.782,31
IT3153,Software Quality Assurance (SQA),Lecture,Computing,119,Thursday,08:30-10:30,0,0,Cloudy,0.7853,93
IT3103,Service Oriented Web Programming (SOWP),Lecture,Computing,93,Wednesday,11:30-14:30,0,0,Sunny,0.9001,84
CS3253,Big Data Analytics (BA),Lecture,Computing,37,Monday,09:00-11:00,0,0,Cloudy,0.6899,26
CS3253,Big Data Analytics (BA),Lecture,Computing,36,Tuesday,10:30-12:30,0,0,Sunny,0.8561,31
IS3083,E-Commerce (EC),Lecture,Computing,31,Wednesday,12:00-13:30,0,0,Cloudy,0.8571,27
IT3162,GIS and Remote Sensing (GIS&RS),Lecture,Computing,124,Friday,08:30-10:30,0,0,Sunny,0.6625,82
IT3113,Cyber Security (CS),Lecture,Computing,83,Friday,09:00-11:00,0,1,Cloudy,0.9734,81
IT3103,Service Oriented Web Programming (SOWP),Lecture,Computing,80,Friday,11:30-14:30,0,0,Rainy,0.724,58
CS22993,Group Project in Software Development,Lecture,Computing,86,Thursday,08:30-10:30,0,0,Cloudy,0.7509,65
SE22013,Software Project Management,Lecture,Computing,55,Thursday,14:30-16:30,0,0,Cloudy,0.8009,44
IT3113,Cyber Security (CS),Lecture,Computing,88,Monday,08:30-10:30,1,0,Sunny,0.7751,68
CS22023,Artificial Intelligence,Lecture,Computing,81,Tuesday,11:30-14:30,0,0,Rainy,0.8122,66
IT3153,Software Quality Assurance (SQA),Lecture,Computing,125,Wednesday,10:30-12:30,1,0,Cloudy,0.9711,121
IT3103,Service Oriented Web Programming (SOWP),Lecture,Computing,85,Friday,11:30-14:30,0,0,Sunny,0.8383,71
SE22013,Software Project Management,Lecture,Computing,55,Thursday,10:30-12:30,1,0,Sunny,0.9567,53
IT3162,GIS and Remote Sensing (GIS&RS),Lecture,Computing,124,Wednesday,08:30-10:30,0,0,Sunny,0.7527,93
CS22012,Advanced Data Structures & Algorithms,Lecture,Computing,78,Monday,12:00-13:30,0,0,Sunny,0.763,60
IS3083,E-Commerce (EC),Lecture,Computing,39,Wednesday,08:30-10:30,0,0,Sunny,0.7611,30
SE22013,Software Project Management,Lecture,Computing,58,Monday,12:00-13:30,1,1,Sunny,0.99,57
IT3143,Independent Study (IS),Lecture,Computing,128,Wednesday,10:30-12:30,0,0,Sunny,0.8676,111
IT3153,Software Quality Assurance (SQA),Lecture,Computing,121,Thursday,12:00-13:30,0,0,Rainy,0.7699,93
IT3182,Essentials of Artificial Intelligence (EAI),Lecture,Computing,118,Thursday,10:30-12:30,0,0,Sunny,0.864,102
IS3093,Financial Management Concepts (FMC),Lecture,Computing,35,Wednesday,10:30-12:30,0,0,Sunny,0.8791,31
DS22012,Categorical Data Analysis (CDA),Lecture,Computing,83,Wednesday,08:30-10:30,0,0,Cloudy,0.7343,61
IT3103,Service Oriented Web Programming (SOWP),Lecture,Computing,95,Monday,12:00-13:30,0,0,Rainy,0.6786,64
IS3073,Management Information Systems (MIS),Lecture,Computing,31,Friday,10:30-12:30,0,0,Sunny,0.7986,25
CS22023,Artificial Intelligence,Lecture,Computing,80,Friday,09:00-11:00,0,1,Sunny,0.9449,76
IT3182,Essentials of Artificial Intelligence (EAI),Lecture,Computing,120,Tuesday,12:00-13:30,1,0,Sunny,0.9417,113
CS22023,Artificial Intelligence,Lecture,Computing,80,Tuesday,10:30-12:30,0,0,Cloudy,0.8518,68
IS3102,Organizational Behaviour (OB),Lecture,Computing,34,Friday,11:30-14:30,0,0,Sunny,0.8145,28
IT3133,Programming Distributed Components (PDC),Lecture,Computing,90,Friday,08:30-10:30,0,0,Rainy,0.6199,56
IS3083,E-Commerce (EC),Lecture,Computing,31,Monday,09:00-11:00,0,1,Rainy,0.9564,30
IT3123,Cloud Computing & Virtualization (CC&V),Lecture,Computing,89,Friday,08:30-10:30,0,0,Sunny,0.7049,63
IS3112,Marketing Management (MM),Lecture,Computing,35,Tuesday,14:30-16:30,0,0,Sunny,0.842,29
IS3112,Marketing Management (MM),Lecture,Computing,34,Friday,09:00-11:00,1,0,Cloudy,0.7984,27
IS3073,Management Information Systems (MIS),Lecture,Computing,37,Tuesday,12:00-13:30,0,0,Sunny,0.8095,30
IT3133,Programming Distributed Components (PDC),Lecture,Computing,83,Thursday,08:30-10:30,0,0,Sunny,0.7706,64
SE22013,Software Project Management,Lecture,Computing,54,Friday,11:30-14:30,0,1,Sunny,0.9445,51
IT3182,Essentials of Artificial Intelligence (EAI),Lecture,Computing,124,Monday,12:00-13:30,0,0,Sunny,0.7732,96
IT3143,Independent Study (IS),Lecture,Computing,126,Friday,10:30-12:30,0,0,Sunny,0.8,101
IT3182,Essentials of Artificial Intelligence (EAI),Lecture,Computing,120,Tuesday,08:30-10:30,0,1,Sunny,0.9678,116
CS3253,Big Data Analytics (BA),Lecture,Computing,40,Monday,09:00-11:00,0,0,Rainy,0.608,24
CS22012,Advanced Data Structures & Algorithms,Lecture,Computing,83,Tuesday,10:30-12:30,1,0,Sunny,0.9596,80
IT3113,Cyber Security (CS),Lecture,Computing,88,Monday,11:30-14:30,0,0,Sunny,0.7486,66
IT3113,Cyber Security (CS),Lecture,Computing,89,Tuesday,10:30-12:30,0,0,Sunny,0.8658,77
IT3143,Independent Study (IS),Lecture,Computing,121,Wednesday,08:30-10:30,0,0,Rainy,0.7061,85
IS3073,Management Information Systems (MIS),Lecture,Computing,34,Wednesday,14:30-16:30,0,0,Cloudy,0.8223,28
IT3133,Programming Distributed Components (PDC),Lecture,Computing,89,Wednesday,09:00-11:00,1,1,Cloudy,0.9802,87
IT3133,Programming Distributed Components (PDC),Lecture,Computing,91,Monday,12:00-13:30,0,0,Cloudy,0.7607,69
SE22013,Software Project Management,Lecture,Computing,55,Tuesday,12:00-13:30,0,0,Sunny,0.8139,45
IT3123,Cloud Computing & Virtualization (CC&V),Lecture,Computing,94,Thursday,12:00-13:30,0,0,Sunny,0.7987,75
IT3143,Independent Study (IS),Lecture,Computing,126,Thursday,08:30-10:30,1,0,Sunny,0.8657,109
IT3133,Programming Distributed Components (PDC),Lecture,Computing,90,Wednesday,10:30-12:30,0,0,Rainy,0.8284,75
IS3102,Organizational Behaviour (OB),Lecture,Computing,34,Thursday,08:30-10:30,0,1,Sunny,0.9403,32
IS3073,Management Information Systems (MIS),Lecture,Computing,32,Thursday,10:30-12:30,0,1,Rainy,0.9481,30
IS3083,E-Commerce (EC),Lecture,Computing,33,Friday,08:30-10:30,0,0,Sunny,0.6946,23
IT3123,Cloud Computing & Virtualization (CC&V),Lecture,Computing,85,Thursday,08:30-10:30,0,1,Sunny,0.9709,83
IT3153,Software Quality Assurance (SQA),Lecture,Computing,127,Tuesday,08:30-10:30,0,0,Cloudy,0.7879,100
IT3103,Service Oriented Web Programming (SOWP),Lecture,Computing,92,Wednesday,10:30-12:30,0,0,Rainy,0.8122,75
CS22993,Group Project in Software Development,Lecture,Computing,81,Monday,08:30-10:30,0,0,Sunny,0.6982,57
IS3083,E-Commerce (EC),Lecture,Computing,31,Thursday,09:00-11:00,0,0,Sunny,0.7593,24
DS22012,Categorical Data Analysis (CDA),Lecture,Computing,78,Tuesday,10:30-12:30,0,0,Sunny,0.8303,65
CS3253,Big Data Analytics (BA),Lecture,Computing,43,Thursday,08:30-10:30,0,0,Sunny,0.7507,32
IT3162,GIS and Remote Sensing (GIS&RS),Lecture,Computing,118,Wednesday,08:30-10:30,0,0,Sunny,0.775,91
CS3253,Big Data Analytics (BA),Lecture,Computing,42,Tuesday,09:00-11:00,0,0,Cloudy,0.7771,33
IT3133,Programming Distributed Components (PDC),Lecture,Computing,88,Wednesday,09:00-11:00,1,1,Cloudy,0.9586,84
IS3073,Management Information Systems (MIS),Lecture,Computing,33,Thursday,10:30-12:30,0,0,Sunny,0.859,28
IT3182,Essentials of Artificial Intelligence (EAI),Lecture,Computing,121,Thursday,10:30-12:30,0,0,Sunny,0.8606,104
IS3083,E-Commerce (EC),Lecture,Computing,37,Tuesday,11:30-14:30,1,0,Sunny,0.9637,36
IS3083,E-Commerce (EC),Lecture,Computing,36,Friday,09:00-11:00,0,1,Sunny,0.99,36
IS3102,Organizational Behaviour (OB),Lecture,Computing,31,Tuesday,09:00-11:00,0,1,Sunny,0.9541,30
IS3093,Financial Management Concepts (FMC),Lecture,Computing,41,Thursday,12:00-13:30,0,0,Sunny,0.8292,34
IS3083,E-Commerce (EC),Lecture,Computing,38,Monday,08:30-10:30,1,1,Cloudy,0.9412,36
CS22023,Artificial Intelligence,Lecture,Computing,83,Monday,10:30-12:30,0,0,Sunny,0.8114,67
IT3113,Cyber Security (CS),Lecture,Computing,90,Wednesday,10:30-12:30,0,0,Sunny,0.8229,74
IT3113,Cyber Security (CS),Lecture,Computing,87,Wednesday,12:00-13:30,0,0,Sunny,0.8156,71
IS3073,Management Information Systems (MIS),Lecture,Computing,31,Friday,10:30-12:30,0,0,Sunny,0.8027,25
IT3123,Cloud Computing & Virtualization (CC&V),Lecture,Computing,84,Thursday,14:30-16:30,0,0,Cloudy,0.8173,69
IS3102,Organizational Behaviour (OB),Lecture,Computing,37,Wednesday,12:00-13:30,0,0,Sunny,0.8281,31
DS22012,Categorical Data Analysis (CDA),Lecture,Computing,85,Thursday,10:30-12:30,0,0,Cloudy,0.8712,74
DS22012,Categorical Data Analysis (CDA),Lecture,Computing,79,Friday,12:00-13:30,0,0,Sunny,0.7435,59
IS3102,Organizational Behaviour (OB),Lecture,Computing,33,Tuesday,11:30-14:30,0,1,Sunny,0.9703,32
IT3103,Service Oriented Web Programming (SOWP),Lecture,Computing,89,Friday,10:30-12:30,1,1,Sunny,0.9489,84
IT3113,Cyber Security (CS),Lecture,Computing,90,Monday,11:30-14:30,0,0,Cloudy,0.7879,71
IT3153,Software Quality Assurance (SQA),Lecture,Computing,122,Friday,08:30-10:30,0,0,Cloudy,0.6778,83
IT3143,Independent Study (IS),Lecture,Computing,124,Thursday,08:30-10:30,0,1,Sunny,0.9643,120
IT3143,Independent Study (IS),Lecture,Computing,121,Wednesday,12:00-13:30,0,1,Sunny,0.9688,117
IT3103,Service Oriented Web Programming (SOWP),Lecture,Computing,89,Monday,11:30-14:30,0,1,Sunny,0.976,87
IS3073,Management Information Systems (MIS),Lecture,Computing,37,Monday,11:30-14:30,1,0,Cloudy,0.8867,33
CS22023,Artificial Intelligence,Lecture,Computing,81,Tuesday,08:30-10:30,0,0,Sunny,0.7721,63
IT3153,Software Quality Assurance (SQA),Lecture,Computing,123,Wednesday,10:30-12:30,0,0,Sunny,0.8401,103
IT3162,GIS and Remote Sensing (GIS&RS),Lecture,Computing,128,Wednesday,09:00-11:00,0,0,Rainy,0.699,89
IT3153,Software Quality Assurance (SQA),Lecture,Computing,126,Monday,09:00-11:00,0,0,Cloudy,0.7018,88
IT3123,Cloud Computing & Virtualization (CC&V),Lecture,Computing,85,Monday,09:00-11:00,0,1,Cloudy,0.9406,80
IT3143,Independent Study (IS),Lecture,Computing,127,Wednesday,09:00-11:00,0,0,Rainy,0.7136,91
IT3143,Independent Study (IS),Lecture,Computing,124,Wednesday,08:30-10:30,0,0,Rainy,0.7227,90
IT3103,Service Oriented Web Programming (SOWP),Lecture,Computing,95,Thursday,10:30-12:30,0,0,Cloudy,0.8687,83
IT3123,Cloud Computing & Virtualization (CC&V),Lecture,Computing,90,Thursday,10:30-12:30,0,0,Cloudy,0.8401,76
IS3083,E-Commerce (EC),Lecture,Computing,36,Thursday,14:30-16:30,0,0,Sunny,0.7994,29
IT3143,Independent Study (IS),Lecture,Computing,127,Friday,10:30-12:30,0,0,Sunny,0.8123,103
IT3113,Cyber Security (CS),Lecture,Computing,84,Wednesday,11:30-14:30,0,0,Cloudy,0.8637,73
DS22012,Categorical Data Analysis (CDA),Lecture,Computing,79,Wednesday,10:30-12:30,1,0,Rainy,0.9138,72
IT3182,Essentials of Artificial Intelligence (EAI),Lecture,Computing,125,Tuesday,14:30-16:30,0,1,Rainy,0.9774,122
IT3182,Essentials of Artificial Intelligence (EAI),Lecture,Computing,122,Wednesday,08:30-10:30,0,1,Sunny,0.9377,114
CS3253,Big Data Analytics (BA),Lecture,Computing,37,Thursday,09:00-11:00,1,1,Sunny,0.99,37
IT3153,Software Quality Assurance (SQA),Lecture,Computing,129,Tuesday,11:30-14:30,0,0,Sunny,0.8562,110
IT3182,Essentials of Artificial Intelligence (EAI),Lecture,Computing,125,Tuesday,11:30-14:30,0,0,Cloudy,0.8559,107
IT3133,Programming Distributed Components (PDC),Lecture,Computing,87,Tuesday,10:30-12:30,1,0,Rainy,0.9252,80
CS22012,Advanced Data Structures & Algorithms,Lecture,Computing,80,Tuesday,12:00-13:30,1,1,Sunny,0.99,79
IS3112,Marketing Management (MM),Lecture,Computing,38,Tuesday,12:00-13:30,1,1,Rainy,0.9317,35
IT3153,Software Quality Assurance (SQA),Lecture,Computing,125,Tuesday,14:30-16:30,0,0,Sunny,0.8332,104
SE22013,Software Project Management,Lecture,Computing,53,Wednesday,10:30-12:30,0,0,Sunny,0.8997,48
IS3083,E-Commerce (EC),Lecture,Computing,39,Thursday,12:00-13:30,0,0,Sunny,0.8093,32
IS3093,Financial Management Concepts (FMC),Lecture,Computing,37,Monday,08:30-10:30,0,1,Sunny,0.9616,36
CS22993,Group Project in Software Development,Lecture,Computing,80,Thursday,10:30-12:30,0,0,Sunny,0.8843,71
IS3073,Management Information Systems (MIS),Lecture,Computing,37,Monday,14:30-16:30,0,0,Sunny,0.6988,26
CS22993,Group Project in Software Development,Lecture,Computing,80,Thursday,11:30-14:30,0,0,Cloudy,0.8407,67
IT3103,Service Oriented Web Programming (SOWP),Lecture,Computing,91,Monday,09:00-11:00,1,0,Rainy,0.7516,68
IT3133,Programming Distributed Components (PDC),Lecture,Computing,87,Wednesday,11:30-14:30,0,0,Sunny,0.8646,75
IT3162,GIS and Remote Sensing (GIS&RS),Lecture,Computing,123,Tuesday,14:30-16:30,0,0,Sunny,0.866,107
IS3102,Organizational Behaviour (OB),Lecture,Computing,40,Tuesday,14:30-16:30,1,0,Cloudy,0.9822,39
IT3113,Cyber Security (CS),Lecture,Computing,89,Thursday,12:00-13:30,0,0,Sunny,0.83,74
IS3073,Management Information Systems (MIS),Lecture,Computing,36,Monday,08:30-10:30,0,0,Sunny,0.6677,24
CS22023,Artificial Intelligence,Lecture,Computing,81,Wednesday,09:00-11:00,1,0,Cloudy,0.8207,66
CS22993,Group Project in Software Development,Lecture,Computing,81,Tuesday,11:30-14:30,0,0,Rainy,0.8191,66
CS3253,Big Data Analytics (BA),Lecture,Computing,34,Wednesday,08:30-10:30,1,0,Rainy,0.7969,27
IS3093,Financial Management Concepts (FMC),Lecture,Computing,33,Tuesday,12:00-13:30,0,0,Sunny,0.8027,26
CS22993,Group Project in Software Development,Lecture,Computing,77,Monday,08:30-10:30,0,0,Sunny,0.7036,54
IT3182,Essentials of Artificial Intelligence (EAI),Lecture,Computing,119,Thursday,10:30-12:30,0,0,Sunny,0.8823,105
IS3093,Financial Management Concepts (FMC),Lecture,Computing,38,Monday,09:00-11:00,0,1,Cloudy,0.9468,36
IT3123,Cloud Computing & Virtualization (CC&V),Lecture,Computing,85,Tuesday,12:00-13:30,0,0,Sunny,0.8304,71
IT3153,Software Quality Assurance (SQA),Lecture,Computing,125,Monday,10:30-12:30,1,0,Sunny,0.8892,111
IT3143,Independent Study (IS),Lecture,Computing,124,Monday,11:30-14:30,0,0,Cloudy,0.7611,94
IT3153,Software Quality Assurance (SQA),Lecture,Computing,121,Wednesday,08:30-10:30,1,0,Sunny,0.8687,105
IT3182,Essentials of Artificial Intelligence (EAI),Lecture,Computing,121,Wednesday,11:30-14:30,0,0,Sunny,0.8582,104
IT3143,Independent Study (IS),Lecture,Computing,126,Tuesday,09:00-11:00,0,1,Rainy,0.99,125
IT3153,Software Quality Assurance (SQA),Lecture,Computing,120,Friday,08:30-10:30,0,0,Sunny,0.7001,84
IS3073,Management Information Systems (MIS),Lecture,Computing,34,Wednesday,09:00-11:00,0,1,Sunny,0.9691,33
IS3073,Management Information Systems (MIS),Lecture,Computing,39,Monday,11:30-14:30,0,0,Sunny,0.804,31
IS3083,E-Commerce (EC),Lecture,Computing,33,Thursday,08:30-10:30,0,0,Cloudy,0.7279,24
IT3153,Software Quality Assurance (SQA),Lecture,Computing,121,Thursday,12:00-13:30,0,1,Sunny,0.983,119
CS22023,Artificial Intelligence,Lecture,Computing,79,Tuesday,08:30-10:30,0,0,Cloudy,0.7426,59
IT3162,GIS and Remote Sensing (GIS&RS),Lecture,Computing,118,Tuesday,12:00-13:30,0,0,Sunny,0.8455,100
IS3112,Marketing Management (MM),Lecture,Computing,35,Tuesday,14:30-16:30,0,0,Sunny,0.7702,27
IT3113,Cyber Security (CS),Lecture,Computing,87,Friday,14:30-16:30,1,0,Cloudy,0.8715,76
CS22012,Advanced Data Structures & Algorithms,Lecture,Computing,77,Thursday,10:30-12:30,0,0,Rainy,0.8239,63
DS22012,Categorical Data Analysis (CDA),Lecture,Computing,81,Wednesday,08:30-10:30,0,0,Sunny,0.7772,63
SE22013,Software Project Management,Lecture,Computing,55,Thursday,08:30-10:30,0,1,Sunny,0.952,52
IT3103,Service Oriented Web Programming (SOWP),Lecture,Computing,91,Thursday,10:30-12:30,0,0,Rainy,0.8292,75
IT3153,Software Quality Assurance (SQA),Lecture,Computing,117,Tuesday,12:00-13:30,0,0,Rainy,0.7807,91
IT3103,Service Oriented Web Programming (SOWP),Lecture,Computing,85,Wednesday,14:30-16:30,1,0,Sunny,0.8927,76
CS3253,Big Data Analytics (BA),Lecture,Computing,38,Wednesday,12:00-13:30,1,0,Sunny,0.9407,36
IT3143,Independent Study (IS),Lecture,Computing,125,Monday,11:30-14:30,0,0,Sunny,0.7715,96
IT3133,Programming Distributed Components (PDC),Lecture,Computing,89,Thursday,09:00-11:00,0,0,Sunny,0.7824,70
IT3153,Software Quality Assurance (SQA),Lecture,Computing,127,Monday,09:00-11:00,0,0,Sunny,0.7267,92
CS3253,Big Data Analytics (BA),Lecture,Computing,43,Wednesday,14:30-16:30,0,0,Rainy,0.7542,32
CS22993,Group Project in Software Development,Lecture,Computing,85,Monday,10:30-12:30,0,1,Cloudy,0.99,84
IS3093,Financial Management Concepts (FMC),Lecture,Computing,35,Wednesday,14:30-16:30,0,1,Sunny,0.976,34
IS3073,Management Information Systems (MIS),Lecture,Computing,37,Monday,10:30-12:30,0,0,Cloudy,0.7853,29
CS22993,Group Project in Software Development,Lecture,Computing,88,Thursday,09:00-11:00,0,0,Sunny,0.7792,69
CS22023,Artificial Intelligence,Lecture,Computing,85,Monday,08:30-10:30,0,0,Sunny,0.688,58
CS3253,Big Data Analytics (BA),Lecture,Computing,37,Tuesday,12:00-13:30,1,0,Sunny,0.9187,34
IT3113,Cyber Security (CS),Lecture,Computing,91,Friday,08:30-10:30,0,0,Sunny,0.6451,59
IS3073,Management Information Systems (MIS),Lecture,Computing,32,Thursday,11:30-14:30,0,0,Sunny,0.8581,27
IT3162,GIS and Remote Sensing (GIS&RS),Lecture,Computing,127,Monday,09:00-11:00,0,0,Sunny,0.7094,90
CS22012,Advanced Data Structures & Algorithms,Lecture,Computing,82,Monday,12:00-13:30,0,0,Cloudy,0.7803,64
IT3123,Cloud Computing & Virtualization (CC&V),Lecture,Computing,92,Monday,09:00-11:00,0,0,Cloudy,0.7055,65
IT3113,Cyber Security (CS),Lecture,Computing,90,Thursday,10:30-12:30,0,1,Sunny,0.9744,88
IT3153,Software Quality Assurance (SQA),Lecture,Computing,121,Thursday,09:00-11:00,0,0,Sunny,0.726,88
CS22012,Advanced Data Structures & Algorithms,Lecture,Computing,84,Wednesday,08:30-10:30,0,0,Sunny,0.7569,64
DS22012,Categorical Data Analysis (CDA),Lecture,Computing,82,Wednesday,10:30-12:30,0,0,Sunny,0.8709,71
IS3073,Management Information Systems (MIS),Lecture,Computing,34,Tuesday,11:30-14:30,1,0,Cloudy,0.9858,34
IS3083,E-Commerce (EC),Lecture,Computing,37,Monday,08:30-10:30,0,0,Sunny,0.7052,26
CS22023,Artificial Intelligence,Lecture,Computing,76,Tuesday,12:00-13:30,1,0,Rainy,0.8648,66
IS3093,Financial Management Concepts (FMC),Lecture,Computing,37,Friday,09:00-11:00,1,1,Cloudy,0.964,36
CS22012,Advanced Data Structures & Algorithms,Lecture,Computing,84,Thursday,14:30-16:30,1,1,Rainy,0.9818,82
IT3153,Software Quality Assurance (SQA),Lecture,Computing,123,Wednesday,09:00-11:00,0,1,Rainy,0.9662,119
CS3253,Big Data Analytics (BA),Lecture,Computing,39,Monday,09:00-11:00,0,0,Rainy,0.6393,25
IS3102,Organizational Behaviour (OB),Lecture,Computing,36,Wednesday,11:30-14:30,1,0,Sunny,0.9818,35
CS3253,Big Data Analytics (BA),Lecture,Computing,45,Tuesday,09:00-11:00,0,1,Rainy,0.9602,43
IT3103,Service Oriented Web Programming (SOWP),Lecture,Computing,87,Wednesday,10:30-12:30,1,0,Rainy,0.9544,83
IS3112,Marketing Management (MM),Lecture,Computing,34,Thursday,11:30-14:30,0,1,Sunny,0.9569,33
IT3103,Service Oriented Web Programming (SOWP),Lecture,Computing,89,Friday,08:30-10:30,0,0,Cloudy,0.6803,61
CS22023,Artificial Intelligence,Lecture,Computing,83,Wednesday,11:30-14:30,1,0,Sunny,0.9424,78
IS3093,Financial Management Concepts (FMC),Lecture,Computing,29,Thursday,14:30-16:30,0,1,Rainy,0.929,27
CS22012,Advanced Data Structures & Algorithms,Lecture,Computing,77,Friday,10:30-12:30,0,0,Sunny,0.8008,62
IT3133,Programming Distributed Components (PDC),Lecture,Computing,89,Tuesday,11:30-14:30,0,0,Rainy,0.8248,73
IS3093,Financial Management Concepts (FMC),Lecture,Computing,38,Friday,08:30-10:30,0,0,Cloudy,0.6799,26
IT3133,Programming Distributed Components (PDC),Lecture,Computing,87,Tuesday,09:00-11:00,0,1,Sunny,0.9527,83
IS3112,Marketing Management (MM),Lecture,Computing,33,Monday,09:00-11:00,0,0,Sunny,0.6864,23
IS3083,E-Commerce (EC),Lecture,Computing,29,Thursday,09:00-11:00,0,0,Sunny,0.7507,22
IT3123,Cloud Computing & Virtualization (CC&V),Lecture,Computing,84,Tuesday,14:30-16:30,0,1,Cloudy,0.944,79
IT3113,Cyber Security (CS),Lecture,Computing,88,Tuesday,10:30-12:30,0,0,Sunny,0.843,74
IT3133,Programming Distributed Components (PDC),Lecture,Computing,85,Monday,08:30-10:30,1,0,Rainy,0.7175,61
IT3153,Software Quality Assurance (SQA),Lecture,Computing,120,Thursday,10:30-12:30,0,0,Rainy,0.7636,92
IS3083,E-Commerce (EC),Lecture,Computing,39,Friday,08:30-10:30,0,0,Cloudy,0.6972,27
IT3182,Essentials of Artificial Intelligence (EAI),Lecture,Computing,127,Tuesday,12:00-13:30,0,0,Sunny,0.8188,104
IT3133,Programming Distributed Components (PDC),Lecture,Computing,89,Wednesday,10:30-12:30,0,0,Sunny,0.8349,74
IS3073,Management Information Systems (MIS),Lecture,Computing,32,Wednesday,08:30-10:30,0,0,Sunny,0.768,25
CS22012,Advanced Data Structures & Algorithms,Lecture,Computing,82,Wednesday,10:30-12:30,0,0,Sunny,0.8766,72
IT3153,Software Quality Assurance (SQA),Lecture,Computing,121,Wednesday,12:00-13:30,0,0,Cloudy,0.8154,99
IT3143,Independent Study (IS),Lecture,Computing,124,Wednesday,10:30-12:30,0,0,Cloudy,0.8266,103
IS3102,Organizational Behaviour (OB),Lecture,Computing,39,Monday,10:30-12:30,0,0,Sunny,0.8038,31
DS22012,Categorical Data Analysis (CDA),Lecture,Computing,85,Thursday,10:30-12:30,0,0,Cloudy,0.8636,73
CS22012,Advanced Data Structures & Algorithms,Lecture,Computing,82,Thursday,14:30-16:30,0,0,Sunny,0.8522,70
IT3162,GIS and Remote Sensing (GIS&RS),Lecture,Computing,124,Wednesday,14:30-16:30,0,0,Sunny,0.7774,96
CS22023,Artificial Intelligence,Lecture,Computing,79,Tuesday,10:30-12:30,0,1,Sunny,0.9839,78
IT3182,Essentials of Artificial Intelligence (EAI),Lecture,Computing,127,Tuesday,12:00-13:30,0,0,Sunny,0.8103,103
IT3133,Programming Distributed Components (PDC),Lecture,Computing,88,Monday,08:30-10:30,1,0,Cloudy,0.8034,71
CS22993,Group Project in Software Development,Lecture,Computing,76,Tuesday,09:00-11:00,0,0,Sunny,0.7469,57
IT3113,Cyber Security (CS),Lecture,Computing,85,Friday,14:30-16:30,1,0,Sunny,0.8729,74
IT3162,GIS and Remote Sensing (GIS&RS),Lecture,Computing,122,Thursday,10:30-12:30,0,0,Cloudy,0.8196,100
CS22993,Group Project in Software Development,Lecture,Computing,80,Friday,08:30-10:30,1,0,Rainy,0.7236,58
IS3093,Financial Management Concepts (FMC),Lecture,Computing,30,Monday,09:00-11:00,0,0,Sunny,0.6857,21
IS3073,Management Information Systems (MIS),Lecture,Computing,35,Tuesday,10:30-12:30,0,0,Cloudy,0.8002,28
IT3153,Software Quality Assurance (SQA),Lecture,Computing,122,Monday,14:30-16:30,0,0,Rainy,0.6826,83
IT3182,Essentials of Artificial Intelligence (EAI),Lecture,Computing,118,Friday,12:00-13:30,1,0,Cloudy,0.8189,97
CS22023,Artificial Intelligence,Lecture,Computing,87,Friday,11:30-14:30,1,1,Sunny,0.9613,84
CS22023,Artificial Intelligence,Lecture,Computing,83,Friday,08:30-10:30,0,0,Sunny,0.6754,56
IT3103,Service Oriented Web Programming (SOWP),Lecture,Computing,87,Monday,08:30-10:30,0,0,Rainy,0.6374,55
IT3133,Programming Distributed Components (PDC),Lecture,Computing,91,Tuesday,09:00-11:00,0,1,Cloudy,0.9758,89
IT3103,Service Oriented Web Programming (SOWP),Lecture,Computing,86,Wednesday,09:00-11:00,1,0,Cloudy,0.855,74
CS3253,Big Data Analytics (BA),Lecture,Computing,41,Monday,08:30-10:30,0,0,Rainy,0.6816,28
IT3143,Independent Study (IS),Lecture,Computing,122,Monday,08:30-10:30,0,0,Rainy,0.6316,77
CS22023,Artificial Intelligence,Lecture,Computing,83,Tuesday,12:00-13:30,1,0,Sunny,0.8891,74
IT3133,Programming Distributed Components (PDC),Lecture,Computing,85,Thursday,09:00-11:00,1,0,Sunny,0.8639,73
IT3133,Programming Distributed Components (PDC),Lecture,Computing,90,Tuesday,10:30-12:30,0,1,Sunny,0.9792,88
IS3102,Organizational Behaviour (OB),Lecture,Computing,40,Friday,09:00-11:00,0,0,Cloudy,0.6614,26
SE22013,Software Project Management,Lecture,Computing,63,Monday,10:30-12:30,0,0,Rainy,0.75,47
IT3182,Essentials of Artificial Intelligence (EAI),Lecture,Computing,127,Tuesday,11:30-14:30,1,0,Sunny,0.9869,125
IS3102,Organizational Behaviour (OB),Lecture,Computing,39,Wednesday,10:30-12:30,0,0,Sunny,0.8529,33
IT3133,Programming Distributed Components (PDC),Lecture,Computing,89,Monday,10:30-12:30,0,1,Sunny,0.9633,86
IT3133,Programming Distributed Components (PDC),Lecture,Computing,94,Friday,09:00-11:00,1,1,Rainy,0.9704,91
IT3153,Software Quality Assurance (SQA),Lecture,Computing,120,Monday,09:00-11:00,0,0,Sunny,0.6703,80
CS22012,Advanced Data Structures & Algorithms,Lecture,Computing,81,Thursday,10:30-12:30,1,0,Sunny,0.9655,78
IT3113,Cyber Security (CS),Lecture,Computing,90,Wednesday,10:30-12:30,0,0,Sunny,0.8505,77
CS22993,Group Project in Software Development,Lecture,Computing,83,Thursday,09:00-11:00,0,0,Rainy,0.7266,60
IT3113,Cyber Security (CS),Lecture,Computing,85,Tuesday,11:30-14:30,0,0,Rainy,0.8065,69
IT3182,Essentials of Artificial Intelligence (EAI),Lecture,Computing,127,Monday,14:30-16:30,0,0,Sunny,0.7718,98
IS3083,E-Commerce (EC),Lecture,Computing,37,Thursday,08:30-10:30,0,0,Cloudy,0.7599,28
IT3153,Software Quality Assurance (SQA),Lecture,Computing,123,Monday,08:30-10:30,0,0,Sunny,0.6749,83
CS22993,Group Project in Software Development,Lecture,Computing,83,Friday,09:00-11:00,0,0,Sunny,0.6798,56
IT3153,Software Quality Assurance (SQA),Lecture,Computing,123,Friday,11:30-14:30,1,0,Sunny,0.8895,109
IS3083,E-Commerce (EC),Lecture,Computing,35,Tuesday,14:30-16:30,0,0,Cloudy,0.8099,28
IT3133,Programming Distributed Components (PDC),Lecture,Computing,88,Wednesday,08:30-10:30,0,1,Cloudy,0.9856,87
IS3102,Organizational Behaviour (OB),Lecture,Computing,36,Friday,08:30-10:30,0,0,Rainy,0.629,23
IS3093,Financial Management Concepts (FMC),Lecture,Computing,38,Friday,12:00-13:30,0,0,Cloudy,0.725,28
CS3253,Big Data Analytics (BA),Lecture,Computing,38,Tuesday,14:30-16:30,0,0,Sunny,0.8073,31
CS22012,Advanced Data Structures & Algorithms,Lecture,Computing,87,Monday,08:30-10:30,0,0,Sunny,0.6727,59
SE22013,Software Project Management,Lecture,Computing,54,Tuesday,09:00-11:00,0,1,Cloudy,0.955,52
SE22013,Software Project Management,Lecture,Computing,59,Monday,08:30-10:30,1,0,Sunny,0.8316,49
IT3123,Cloud Computing & Virtualization (CC&V),Lecture,Computing,92,Wednesday,11:30-14:30,1,0,Sunny,0.9459,87
IT3153,Software Quality Assurance (SQA),Lecture,Computing,118,Wednesday,12:00-13:30,0,1,Cloudy,0.9543,113
CS22023,Artificial Intelligence,Lecture,Computing,83,Tuesday,10:30-12:30,0,0,Cloudy,0.9086,75
IT3153,Software Quality Assurance (SQA),Lecture,Computing,125,Wednesday,08:30-10:30,0,0,Rainy,0.7362,92
CS22993,Group Project in Software Development,Lecture,Computing,85,Wednesday,11:30-14:30,0,0,Sunny,0.8364,71
IT3113,Cyber Security (CS),Lecture,Computing,91,Tuesday,11:30-14:30,0,0,Cloudy,0.8589,78
IS3073,Management Information Systems (MIS),Lecture,Computing,38,Monday,11:30-14:30,0,0,Rainy,0.7465,28
IT3133,Programming Distributed Components (PDC),Lecture,Computing,92,Friday,10:30-12:30,0,0,Cloudy,0.7996,74
CS22012,Advanced Data Structures & Algorithms,Lecture,Computing,82,Monday,12:00-13:30,0,0,Sunny,0.7515,62
IT3153,Software Quality Assurance (SQA),Lecture,Computing,127,Monday,12:00-13:30,1,0,Rainy,0.8033,102
IS3073,Management Information Systems (MIS),Lecture,Computing,35,Thursday,14:30-16:30,0,0,Cloudy,0.7828,27
DS22012,Categorical Data Analysis (CDA),Lecture,Computing,78,Thursday,08:30-10:30,1,0,Sunny,0.8701,68
IT3123,Cloud Computing & Virtualization (CC&V),Lecture,Computing,92,Wednesday,09:00-11:00,0,0,Cloudy,0.7351,68
IS3083,E-Commerce (EC),Lecture,Computing,28,Friday,11:30-14:30,0,0,Rainy,0.7398,21
CS22993,Group Project in Software Development,Lecture,Computing,78,Monday,10:30-12:30,1,1,Sunny,0.9548,74
IT3143,Independent Study (IS),Lecture,Computing,127,Tuesday,11:30-14:30,1,0,Sunny,0.9645,122
CS22023,Artificial Intelligence,Lecture,Computing,80,Monday,14:30-16:30,0,0,Rainy,0.6942,56
CS22993,Group Project in Software Development,Lecture,Computing,81,Tuesday,10:30-12:30,0,0,Rainy,0.8295,67
IT3133,Programming Distributed Components (PDC),Lecture,Computing,86,Wednesday,08:30-10:30,0,0,Cloudy,0.752,65
IT3143,Independent Study (IS),Lecture,Computing,123,Friday,08:30-10:30,0,0,Cloudy,0.7166,88
IS3083,E-Commerce (EC),Lecture,Computing,38,Monday,08:30-10:30,1,0,Sunny,0.797,30
IT3162,GIS and Remote Sensing (GIS&RS),Lecture,Computing,126,Thursday,12:00-13:30,1,0,Sunny,0.9049,114
IT3162,GIS and Remote Sensing (GIS&RS),Lecture,Computing,127,Monday,10:30-12:30,0,0,Sunny,0.7995,102
IT3153,Software Quality Assurance (SQA),Lecture,Computing,120,Friday,08:30-10:30,1,1,Cloudy,0.9727,117
IT3113,Cyber Security (CS),Lecture,Computing,82,Friday,08:30-10:30,0,0,Cloudy,0.7062,58
SE22013,Software Project Management,Lecture,Computing,62,Wednesday,10:30-12:30,1,0,Sunny,0.9484,59
IT3162,GIS and Remote Sensing (GIS&RS),Lecture,Computing,123,Monday,09:00-11:00,0,0,Cloudy,0.6968,86
IS3102,Organizational Behaviour (OB),Lecture,Computing,35,Monday,11:30-14:30,0,0,Sunny,0.7894,28
IT3153,Software Quality Assurance (SQA),Lecture,Computing,122,Monday,08:30-10:30,0,0,Sunny,0.6982,85
CS22023,Artificial Intelligence,Lecture,Computing,81,Monday,11:30-14:30,0,0,Sunny,0.7707,62
DS22012,Categorical Data Analysis (CDA),Lecture,Computing,83,Tuesday,12:00-13:30,0,0,Sunny,0.8405,70
IS3112,Marketing Management (MM),Lecture,Computing,34,Friday,10:30-12:30,1,0,Cloudy,0.8842,30
IT3123,Cloud Computing & Virtualization (CC&V),Lecture,Computing,92,Monday,10:30-12:30,0,1,Cloudy,0.9763,90
IT3123,Cloud Computing & Virtualization (CC&V),Lecture,Computing,85,Friday,09:00-11:00,0,0,Cloudy,0.7136,61
CS3253,Big Data Analytics (BA),Lecture,Computing,47,Friday,11:30-14:30,0,0,Rainy,0.7506,35
IT3123,Cloud Computing & Virtualization (CC&V),Lecture,Computing,87,Monday,10:30-12:30,0,0,Sunny,0.8069,70
CS22993,Group Project in Software Development,Lecture,Computing,81,Thursday,14:30-16:30,1,0,Sunny,0.8929,72
DS22012,Categorical Data Analysis (CDA),Lecture,Computing,83,Monday,09:00-11:00,1,0,Sunny,0.7553,63
IS3093,Financial Management Concepts (FMC),Lecture,Computing,34,Tuesday,08:30-10:30,0,0,Cloudy,0.7624,26
IT3103,Service Oriented Web Programming (SOWP),Lecture,Computing,93,Wednesday,09:00-11:00,0,0,Sunny,0.7711,72
IS3083,E-Commerce (EC),Lecture,Computing,36,Tuesday,10:30-12:30,0,1,Rainy,0.9573,34
CS22993,Group Project in Software Development,Lecture,Computing,85,Monday,10:30-12:30,0,0,Sunny,0.7825,67
IS3073,Management Information Systems (MIS),Lecture,Computing,33,Friday,12:00-13:30,1,1,Sunny,0.9636,32
IT3182,Essentials of Artificial Intelligence (EAI),Lecture,Computing,122,Monday,08:30-10:30,0,0,Sunny,0.7064,86
IT3143,Independent Study (IS),Lecture,Computing,127,Monday,14:30-16:30,0,0,Cloudy,0.7684,98
CS3253,Big Data Analytics (BA),Lecture,Computing,43,Tuesday,11:30-14:30,0,0,Rainy,0.7954,34
IS3093,Financial Management Concepts (FMC),Lecture,Computing,35,Thursday,09:00-11:00,0,0,Sunny,0.7701,27
DS22012,Categorical Data Analysis (CDA),Lecture,Computing,84,Wednesday,10:30-12:30,1,0,Sunny,0.9808,82
IT3162,GIS and Remote Sensing (GIS&RS),Lecture,Computing,122,Thursday,14:30-16:30,0,0,Cloudy,0.8382,102
IT3162,GIS and Remote Sensing (GIS&RS),Lecture,Computing,122,Thursday,10:30-12:30,0,1,Cloudy,0.99,121
IS3102,Organizational Behaviour (OB),Lecture,Computing,33,Thursday,11:30-14:30,0,0,Cloudy,0.9016,30
CS22993,Group Project in Software Development,Lecture,Computing,78,Monday,14:30-16:30,1,1,Rainy,0.9643,75
CS22023,Artificial Intelligence,Lecture,Computing,77,Thursday,11:30-14:30,0,1,Sunny,0.9499,73
IS3083,E-Commerce (EC),Lecture,Computing,34,Wednesday,10:30-12:30,0,0,Sunny,0.8352,28
IT3153,Software Quality Assurance (SQA),Lecture,Computing,122,Thursday,09:00-11:00,0,0,Sunny,0.7593,93
IT3133,Programming Distributed Components (PDC),Lecture,Computing,88,Monday,09:00-11:00,0,0,Sunny,0.7388,65
DS22012,Categorical Data Analysis (CDA),Lecture,Computing,85,Tuesday,08:30-10:30,0,0,Sunny,0.7565,64
CS22993,Group Project in Software Development,Lecture,Computing,79,Monday,09:00-11:00,0,0,Sunny,0.7176,57
IT3162,GIS and Remote Sensing (GIS&RS),Lecture,Computing,118,Wednesday,12:00-13:30,0,0,Sunny,0.8364,99
IT3153,Software Quality Assurance (SQA),Lecture,Computing,122,Monday,09:00-11:00,0,0,Sunny,0.6742,82
IT3113,Cyber Security (CS),Lecture,Computing,86,Monday,08:30-10:30,0,0,Sunny,0.694,60
IT3143,Independent Study (IS),Lecture,Computing,119,Friday,09:00-11:00,0,0,Sunny,0.7196,86
IT3103,Service Oriented Web Programming (SOWP),Lecture,Computing,95,Thursday,11:30-14:30,1,1,Cloudy,0.9404,89
IT3143,Independent Study (IS),Lecture,Computing,125,Tuesday,09:00-11:00,0,1,Sunny,0.9655,121
IT3182,Essentials of Artificial Intelligence (EAI),Lecture,Computing,126,Monday,10:30-12:30,0,1,Cloudy,0.9651,122
IT3123,Cloud Computing & Virtualization (CC&V),Lecture,Computing,88,Tuesday,12:00-13:30,0,0,Sunny,0.8052,71
IS3102,Organizational Behaviour (OB),Lecture,Computing,40,Thursday,09:00-11:00,0,0,Sunny,0.739,30
IT3103,Service Oriented Web Programming (SOWP),Lecture,Computing,87,Tuesday,08:30-10:30,0,1,Sunny,0.9416,82
IT3182,Essentials of Artificial Intelligence (EAI),Lecture,Computing,119,Monday,10:30-12:30,0,0,Sunny,0.7669,91
CS3253,Big Data Analytics (BA),Lecture,Computing,38,Friday,12:00-13:30,0,0,Cloudy,0.7643,29
IT3113,Cyber Security (CS),Lecture,Computing,85,Wednesday,11:30-14:30,0,0,Sunny,0.8846,75
CS22993,Group Project in Software Development,Lecture,Computing,79,Thursday,09:00-11:00,1,1,Sunny,0.9678,76
IT3123,Cloud Computing & Virtualization (CC&V),Lecture,Computing,90,Thursday,11:30-14:30,0,1,Sunny,0.9556,86
IT3133,Programming Distributed Components (PDC),Lecture,Computing,88,Monday,12:00-13:30,0,0,Sunny,0.7492,66
IT3103,Service Oriented Web Programming (SOWP),Lecture,Computing,96,Wednesday,12:00-13:30,1,0,Sunny,0.9253,89
IS3112,Marketing Management (MM),Lecture,Computing,38,Tuesday,12:00-13:30,0,0,Sunny,0.8411,32
IS3112,Marketing Management (MM),Lecture,Computing,33,Tuesday,12:00-13:30,0,0,Cloudy,0.8158,27
IS3073,Management Information Systems (MIS),Lecture,Computing,37,Tuesday,08:30-10:30,0,0,Rainy,0.6954,26
IS3083,E-Commerce (EC),Lecture,Computing,30,Wednesday,10:30-12:30,1,0,Sunny,0.9349,28
IT3113,Cyber Security (CS),Lecture,Computing,88,Wednesday,10:30-12:30,1,0,Sunny,0.9472,83
CS22993,Group Project in Software Development,Lecture,Computing,79,Tuesday,08:30-10:30,1,0,Cloudy,0.8681,69
IS3102,Organizational Behaviour (OB),Lecture,Computing,34,Friday,09:00-11:00,0,0,Sunny,0.6904,23
CS22012,Advanced Data Structures & Algorithms,Lecture,Computing,83,Monday,08:30-10:30,0,0,Rainy,0.6536,54
CS22023,Artificial Intelligence,Lecture,Computing,78,Tuesday,08:30-10:30,0,0,Sunny,0.7821,61
SE22013,Software Project Management,Lecture,Computing,60,Tuesday,11:30-14:30,0,0,Cloudy,0.8437,51
IT3162,GIS and Remote Sensing (GIS&RS),Lecture,Computing,124,Friday,12:00-13:30,0,0,Sunny,0.7908,98
CS22993,Group Project in Software Development,Lecture,Computing,80,Wednesday,09:00-11:00,0,1,Sunny,0.99,79
DS22012,Categorical Data Analysis (CDA),Lecture,Computing,83,Tuesday,08:30-10:30,0,0,Cloudy,0.7487,62
IT3113,Cyber Security (CS),Lecture,Computing,89,Monday,10:30-12:30,0,0,Sunny,0.7677,68
IT3162,GIS and Remote Sensing (GIS&RS),Lecture,Computing,123,Tuesday,08:30-10:30,1,0,Sunny,0.8783,108
IS3102,Organizational Behaviour (OB),Lecture,Computing,38,Friday,14:30-16:30,0,0,Sunny,0.726,28
CS22012,Advanced Data Structures & Algorithms,Lecture,Computing,82,Monday,14:30-16:30,0,1,Sunny,0.99,81
IT3133,Programming Distributed Components (PDC),Lecture,Computing,88,Thursday,10:30-12:30,0,0,Rainy,0.8052,71
IT3123,Cloud Computing & Virtualization (CC&V),Lecture,Computing,92,Friday,12:00-13:30,0,0,Cloudy,0.7502,69
DS22012,Categorical Data Analysis (CDA),Lecture,Computing,83,Thursday,11:30-14:30,0,0,Sunny,0.8206,68
IT3113,Cyber Security (CS),Lecture,Computing,87,Monday,14:30-16:30,0,0,Rainy,0.7133,62
CS22023,Artificial Intelligence,Lecture,Computing,83,Monday,12:00-13:30,0,1,Sunny,0.9673,80
IS3112,Marketing Management (MM),Lecture,Computing,39,Wednesday,11:30-14:30,0,0,Cloudy,0.8574,33
DS22012,Categorical Data Analysis (CDA),Lecture,Computing,88,Friday,11:30-14:30,1,0,Sunny,0.9036,80
IS3102,Organizational Behaviour (OB),Lecture,Computing,36,Thursday,10:30-12:30,1,0,Sunny,0.9585,35
IS3102,Organizational Behaviour (OB),Lecture,Computing,34,Wednesday,09:00-11:00,0,0,Sunny,0.7323,25
CS22023,Artificial Intelligence,Lecture,Computing,83,Tuesday,08:30-10:30,0,0,Sunny,0.7742,64
CS22023,Artificial Intelligence,Lecture,Computing,81,Monday,09:00-11:00,1,0,Rainy,0.7357,60
IT3133,Programming Distributed Components (PDC),Lecture,Computing,86,Wednesday,09:00-11:00,0,1,Cloudy,0.986,85
IT3103,Service Oriented Web Programming (SOWP),Lecture,Computing,85,Friday,08:30-10:30,0,0,Sunny,0.6986,59
IS3083,E-Commerce (EC),Lecture,Computing,34,Tuesday,11:30-14:30,1,0,Sunny,0.9266,32
IS3102,Organizational Behaviour (OB),Lecture,Computing,33,Tuesday,14:30-16:30,0,0,Cloudy,0.762,25
CS22993,Group Project in Software Development,Lecture,Computing,85,Tuesday,12:00-13:30,1,0,Cloudy,0.9156,78
IS3093,Financial Management Concepts (FMC),Lecture,Computing,33,Monday,09:00-11:00,0,0,Cloudy,0.6892,23
IS3093,Financial Management Concepts (FMC),Lecture,Computing,31,Monday,10:30-12:30,0,0,Sunny,0.8031,25
CS22993,Group Project in Software Development,Lecture,Computing,81,Wednesday,12:00-13:30,0,0,Sunny,0.831,67
CS22012,Advanced Data Structures & Algorithms,Lecture,Computing,82,Tuesday,08:30-10:30,0,0,Sunny,0.8018,66
IS3102,Organizational Behaviour (OB),Lecture,Computing,35,Monday,11:30-14:30,0,0,Cloudy,0.8143,29
SE22013,Software Project Management,Lecture,Computing,52,Friday,10:30-12:30,0,0,Sunny,0.7752,40
CS3253,Big Data Analytics (BA),Lecture,Computing,40,Wednesday,09:00-11:00,1,0,Sunny,0.8331,33
IT3103,Service Oriented Web Programming (SOWP),Lecture,Computing,88,Monday,11:30-14:30,0,0,Sunny,0.7644,67
IS3102,Organizational Behaviour (OB),Lecture,Computing,40,Thursday,11:30-14:30,1,0,Sunny,0.9624,38
IS3112,Marketing Management (MM),Lecture,Computing,32,Monday,10:30-12:30,1,0,Cloudy,0.9021,29
CS3253,Big Data Analytics (BA),Lecture,Computing,37,Monday,11:30-14:30,0,1,Sunny,0.9694,36
CS3253,Big Data Analytics (BA),Lecture,Computing,40,Wednesday,08:30-10:30,0,0,Cloudy,0.7625,30
IT3143,Independent Study (IS),Lecture,Computing,119,Monday,11:30-14:30,0,0,Cloudy,0.7767,92
IT3153,Software Quality Assurance (SQA),Lecture,Computing,129,Tuesday,09:00-11:00,0,0,Rainy,0.6945,90
IT3123,Cloud Computing & Virtualization (CC&V),Lecture,Computing,92,Thursday,12:00-13:30,0,1,Sunny,0.951,87
IT3113,Cyber Security (CS),Lecture,Computing,93,Wednesday,08:30-10:30,1,0,Cloudy,0.8672,81
IT3123,Cloud Computing & Virtualization (CC&V),Lecture,Computing,80,Monday,08:30-10:30,1,0,Sunny,0.7774,62
IS3112,Marketing Management (MM),Lecture,Computing,33,Friday,10:30-12:30,0,0,Sunny,0.8124,27
IT3123,Cloud Computing & Virtualization (CC&V),Lecture,Computing,92,Tuesday,10:30-12:30,0,0,Sunny,0.8557,79
DS22012,Categorical Data Analysis (CDA),Lecture,Computing,79,Monday,09:00-11:00,0,0,Rainy,0.6176,49
SE22013,Software Project Management,Lecture,Computing,52,Wednesday,12:00-13:30,0,0,Sunny,0.8228,43
IS3093,Financial Management Concepts (FMC),Lecture,Computing,36,Monday,10:30-12:30,1,0,Sunny,0.8856,32
IS3073,Management Information Systems (MIS),Lecture,Computing,31,Wednesday,08:30-10:30,0,1,Cloudy,0.9561,30
DS22012,Categorical Data Analysis (CDA),Lecture,Computing,87,Monday,11:30-14:30,1,0,Sunny,0.8573,75
IT3133,Programming Distributed Components (PDC),Lecture,Computing,91,Monday,10:30-12:30,0,0,Sunny,0.8026,73
IS3112,Marketing Management (MM),Lecture,Computing,32,Friday,12:00-13:30,0,0,Sunny,0.7373,24
IT3113,Cyber Security (CS),Lecture,Computing,84,Wednesday,08:30-10:30,0,0,Sunny,0.7571,64
IT3123,Cloud Computing & Virtualization (CC&V),Lecture,Computing,87,Monday,12:00-13:30,0,0,Sunny,0.7439,65
IT3182,Essentials of Artificial Intelligence (EAI),Lecture,Computing,127,Friday,08:30-10:30,0,1,Sunny,0.9655,123
CS22993,Group Project in Software Development,Lecture,Computing,78,Friday,09:00-11:00,0,0,Cloudy,0.7184,56
CS3253,Big Data Analytics (BA),Lecture,Computing,41,Thursday,08:30-10:30,0,0,Sunny,0.7482,31
SE22013,Software Project Management,Lecture,Computing,54,Tuesday,11:30-14:30,0,1,Cloudy,0.9358,51
CS22012,Advanced Data Structures & Algorithms,Lecture,Computing,80,Wednesday,10:30-12:30,0,0,Sunny,0.8884,71
IT3103,Service Oriented Web Programming (SOWP),Lecture,Computing,86,Thursday,08:30-10:30,1,1,Sunny,0.9415,81
IT3123,Cloud Computing & Virtualization (CC&V),Lecture,Computing,90,Tuesday,14:30-16:30,0,0,Sunny,0.7875,71
IS3083,E-Commerce (EC),Lecture,Computing,34,Wednesday,14:30-16:30,0,0,Cloudy,0.8268,28
IS3083,E-Commerce (EC),Lecture,Computing,37,Tuesday,10:30-12:30,0,0,Rainy,0.8082,30
DS22012,Categorical Data Analysis (CDA),Lecture,Computing,80,Wednesday,10:30-12:30,1,0,Cloudy,0.9593,77
IS3083,E-Commerce (EC),Lecture,Computing,33,Tuesday,10:30-12:30,1,0,Cloudy,0.9786,32
IS3112,Marketing Management (MM),Lecture,Computing,33,Thursday,10:30-12:30,0,0,Sunny,0.8456,28
CS22012,Advanced Data Structures & Algorithms,Lecture,Computing,76,Monday,10:30-12:30,0,0,Cloudy,0.78,59
IT3133,Programming Distributed Components (PDC),Lecture,Computing,92,Monday,08:30-10:30,0,0,Sunny,0.7031,65
IT3133,Programming Distributed Components (PDC),Lecture,Computing,87,Thursday,08:30-10:30,0,1,Sunny,0.9687,84
IS3102,Organizational Behaviour (OB),Lecture,Computing,37,Thursday,10:30-12:30,1,0,Rainy,0.9104,34
IT3113,Cyber Security (CS),Lecture,Computing,89,Tuesday,09:00-11:00,0,1,Sunny,0.9482,84
CS22993,Group Project in Software Development,Lecture,Computing,83,Tuesday,09:00-11:00,0,0,Rainy,0.6529,54
IT3113,Cyber Security (CS),Lecture,Computing,91,Friday,08:30-10:30,0,1,Sunny,0.9328,85
IT3153,Software Quality Assurance (SQA),Lecture,Computing,124,Monday,09:00-11:00,0,0,Cloudy,0.7012,87
IT3123,Cloud Computing & Virtualization (CC&V),Lecture,Computing,90,Monday,08:30-10:30,0,0,Cloudy,0.6838,62
IT3143,Independent Study (IS),Lecture,Computing,122,Tuesday,08:30-10:30,0,0,Rainy,0.704,86
IT3162,GIS and Remote Sensing (GIS&RS),Lecture,Computing,122,Tuesday,10:30-12:30,0,0,Cloudy,0.8374,102
CS3253,Big Data Analytics (BA),Lecture,Computing,43,Monday,12:00-13:30,0,0,Sunny,0.7301,31
IT3123,Cloud Computing & Virtualization (CC&V),Lecture,Computing,80,Friday,10:30-12:30,1,0,Sunny,0.9018,72
IT3182,Essentials of Artificial Intelligence (EAI),Lecture,Computing,126,Thursday,09:00-11:00,0,0,Sunny,0.7582,96
IT3143,Independent Study (IS),Lecture,Computing,126,Friday,10:30-12:30,0,0,Cloudy,0.7842,99
IS3093,Financial Management Concepts (FMC),Lecture,Computing,34,Tuesday,09:00-11:00,0,0,Sunny,0.7495,25
IT3113,Cyber Security (CS),Lecture,Computing,89,Thursday,10:30-12:30,0,0,Sunny,0.8919,79
IT3143,Independent Study (IS),Lecture,Computing,126,Monday,11:30-14:30,0,0,Cloudy,0.8206,103
CS22012,Advanced Data Structures & Algorithms,Lecture,Computing,81,Monday,08:30-10:30,1,0,Sunny,0.8141,66
IS3093,Financial Management Concepts (FMC),Lecture,Computing,32,Friday,08:30-10:30,0,0,Cloudy,0.6737,22
IT3153,Software Quality Assurance (SQA),Lecture,Computing,124,Monday,12:00-13:30,1,0,Sunny,0.8451,105
IT3103,Service Oriented Web Programming (SOWP),Lecture,Computing,88,Tuesday,10:30-12:30,0,1,Cloudy,0.9607,85
IT3113,Cyber Security (CS),Lecture,Computing,85,Monday,11:30-14:30,0,0,Sunny,0.8126,69
IT3162,GIS and Remote Sensing (GIS&RS),Lecture,Computing,123,Monday,12:00-13:30,0,1,Rainy,0.99,122
IT3123,Cloud Computing & Virtualization (CC&V),Lecture,Computing,92,Friday,08:30-10:30,0,0,Sunny,0.7221,66
CS22993,Group Project in Software Development,Lecture,Computing,82,Thursday,08:30-10:30,0,0,Sunny,0.7258,60
IT3162,GIS and Remote Sensing (GIS&RS),Lecture,Computing,118,Friday,08:30-10:30,0,0,Sunny,0.681,80
IT3182,Essentials of Artificial Intelligence (EAI),Lecture,Computing,125,Monday,12:00-13:30,0,0,Sunny,0.7643,96
IS3102,Organizational Behaviour (OB),Lecture,Computing,35,Thursday,10:30-12:30,0,0,Cloudy,0.8839,31
IT3103,Service Oriented Web Programming (SOWP),Lecture,Computing,83,Wednesday,08:30-10:30,0,0,Sunny,0.7491,62
IT3113,Cyber Security (CS),Lecture,Computing,81,Monday,11:30-14:30,1,1,Cloudy,0.99,80
IS3073,Management Information Systems (MIS),Lecture,Computing,33,Tuesday,14:30-16:30,0,1,Cloudy,0.9577,32
CS3253,Big Data Analytics (BA),Lecture,Computing,37,Wednesday,09:00-11:00,1,0,Sunny,0.8789,33
IT3162,GIS and Remote Sensing (GIS&RS),Lecture,Computing,126,Friday,14:30-16:30,0,1,Cloudy,0.9802,124
CS22023,Artificial Intelligence,Lecture,Computing,90,Tuesday,12:00-13:30,0,0,Sunny,0.8415,76
CS22012,Advanced Data Structures & Algorithms,Lecture,Computing,83,Wednesday,08:30-10:30,0,0,Rainy,0.7275,60
IT3153,Software Quality Assurance (SQA),Lecture,Computing,121,Friday,09:00-11:00,1,1,Cloudy,0.9394,114
IS3073,Management Information Systems (MIS),Lecture,Computing,31,Monday,09:00-11:00,0,0,Sunny,0.712,22
CS22993,Group Project in Software Development,Lecture,Computing,76,Monday,11:30-14:30,1,0,Sunny,0.8454,64
IS3112,Marketing Management (MM),Lecture,Computing,34,Wednesday,11:30-14:30,0,0,Cloudy,0.8706,30
IT3133,Programming Distributed Components (PDC),Lecture,Computing,88,Tuesday,10:30-12:30,0,0,Sunny,0.8836,78
IS3093,Financial Management Concepts (FMC),Lecture,Computing,34,Tuesday,14:30-16:30,0,0,Sunny,0.8257,28
IS3093,Financial Management Concepts (FMC),Lecture,Computing,38,Tuesday,09:00-11:00,0,0,Sunny,0.7658,29
CS3253,Big Data Analytics (BA),Lecture,Computing,42,Thursday,11:30-14:30,1,0,Sunny,0.95,40
IS3112,Marketing Management (MM),Lecture,Computing,38,Wednesday,08:30-10:30,0,0,Sunny,0.7442,28
IT3113,Cyber Security (CS),Lecture,Computing,94,Thursday,11:30-14:30,1,0,Cloudy,0.9849,93
IT3123,Cloud Computing & Virtualization (CC&V),Lecture,Computing,88,Monday,10:30-12:30,0,1,Sunny,0.9744,86
CS22993,Group Project in Software Development,Lecture,Computing,79,Tuesday,10:30-12:30,1,0,Sunny,0.9711,77
CS22993,Group Project in Software Development,Lecture,Computing,83,Tuesday,12:00-13:30,0,0,Cloudy,0.8047,67
CS3253,Big Data Analytics (BA),Lecture,Computing,35,Friday,08:30-10:30,1,0,Cloudy,0.7842,27
SE22013,Software Project Management,Lecture,Computing,63,Monday,10:30-12:30,0,0,Cloudy,0.7995,50
SE22013,Software Project Management,Lecture,Computing,62,Monday,08:30-10:30,0,0,Sunny,0.6829,42
SE22013,Software Project Management,Lecture,Computing,57,Monday,08:30-10:30,0,0,Sunny,0.6852,39
IT3182,Essentials of Artificial Intelligence (EAI),Lecture,Computing,119,Monday,10:30-12:30,1,0,Cloudy,0.9053,108
IS3112,Marketing Management (MM),Lecture,Computing,31,Monday,10:30-12:30,0,0,Sunny,0.7795,24
CS3253,Big Data Analytics (BA),Lecture,Computing,39,Thursday,14:30-16:30,0,0,Sunny,0.8228,32
IT3182,Essentials of Artificial Intelligence (EAI),Lecture,Computing,127,Friday,14:30-16:30,0,1,Cloudy,0.9545,121
CS22023,Artificial Intelligence,Lecture,Computing,85,Tuesday,08:30-10:30,0,0,Sunny,0.7585,64
IT3153,Software Quality Assurance (SQA),Lecture,Computing,123,Wednesday,08:30-10:30,1,0,Cloudy,0.854,105
CS3253,Big Data Analytics (BA),Lecture,Computing,39,Monday,10:30-12:30,1,0,Sunny,0.8938,35
IT3113,Cyber Security (CS),Lecture,Computing,88,Thursday,09:00-11:00,0,0,Cloudy,0.745,66
IT3103,Service Oriented Web Programming (SOWP),Lecture,Computing,87,Monday,09:00-11:00,0,0,Sunny,0.673,59
CS22012,Advanced Data Structures & Algorithms,Lecture,Computing,82,Tuesday,08:30-10:30,1,1,Sunny,0.9721,80
IT3143,Independent Study (IS),Lecture,Computing,127,Thursday,09:00-11:00,0,0,Sunny,0.7775,99
IT3153,Software Quality Assurance (SQA),Lecture,Computing,121,Tuesday,11:30-14:30,0,0,Sunny,0.8709,105
IS3073,Management Information Systems (MIS),Lecture,Computing,35,Friday,09:00-11:00,0,1,Cloudy,0.9632,34
SE22013,Software Project Management,Lecture,Computing,62,Tuesday,08:30-10:30,0,0,Rainy,0.7362,46
DS22012,Categorical Data Analysis (CDA),Lecture,Computing,79,Wednesday,12:00-13:30,1,0,Cloudy,0.9103,72
CS3253,Big Data Analytics (BA),Lecture,Computing,44,Monday,08:30-10:30,0,0,Sunny,0.6798,30
DS22012,Categorical Data Analysis (CDA),Lecture,Computing,82,Thursday,10:30-12:30,0,0,Cloudy,0.8579,70
IT3182,Essentials of Artificial Intelligence (EAI),Lecture,Computing,121,Monday,10:30-12:30,0,0,Sunny,0.7504,91
IT3162,GIS and Remote Sensing (GIS&RS),Lecture,Computing,121,Monday,11:30-14:30,0,1,Sunny,0.9117,110
CS22023,Artificial Intelligence,Lecture,Computing,80,Friday,14:30-16:30,0,0,Cloudy,0.7359,59
IT3153,Software Quality Assurance (SQA),Lecture,Computing,126,Wednesday,10:30-12:30,1,0,Rainy,0.8996,113
IS3093,Financial Management Concepts (FMC),Lecture,Computing,32,Wednesday,10:30-12:30,0,0,Sunny,0.855,27
CS22012,Advanced Data Structures & Algorithms,Lecture,Computing,81,Friday,09:00-11:00,0,0,Sunny,0.6884,56
IT3143,Independent Study (IS),Lecture,Computing,125,Tuesday,11:30-14:30,0,0,Cloudy,0.8389,105
DS22012,Categorical Data Analysis (CDA),Lecture,Computing,83,Monday,10:30-12:30,0,0,Rainy,0.7211,60
IS3112,Marketing Management (MM),Lecture,Computing,36,Monday,09:00-11:00,1,0,Sunny,0.8103,29
CS3253,Big Data Analytics (BA),Lecture,Computing,42,Monday,08:30-10:30,0,0,Sunny,0.7005,29
CS22993,Group Project in Software Development,Lecture,Computing,84,Wednesday,08:30-10:30,0,1,Sunny,0.9753,82
IT3182,Essentials of Artificial Intelligence (EAI),Lecture,Computing,126,Friday,08:30-10:30,1,1,Cloudy,0.9692,122
IS3112,Marketing Management (MM),Lecture,Computing,36,Tuesday,14:30-16:30,0,0,Sunny,0.8271,30
CS22023,Artificial Intelligence,Lecture,Computing,79,Friday,10:30-12:30,0,0,Cloudy,0.7593,60
CS22993,Group Project in Software Development,Lecture,Computing,82,Tuesday,14:30-16:30,1,0,Cloudy,0.9089,75
DS22012,Categorical Data Analysis (CDA),Lecture,Computing,84,Monday,09:00-11:00,0,0,Rainy,0.6305,53
CS3253,Big Data Analytics (BA),Lecture,Computing,36,Friday,10:30-12:30,0,0,Sunny,0.7972,29
IS3083,E-Commerce (EC),Lecture,Computing,35,Friday,09:00-11:00,0,1,Sunny,0.952,33
IS3093,Financial Management Concepts (FMC),Lecture,Computing,34,Friday,12:00-13:30,0,0,Sunny,0.7335,25
IS3083,E-Commerce (EC),Lecture,Computing,32,Monday,11:30-14:30,1,1,Cloudy,0.9676,31
IS3102,Organizational Behaviour (OB),Lecture,Computing,31,Thursday,12:00-13:30,0,1,Sunny,0.9834,30
IS3093,Financial Management Concepts (FMC),Lecture,Computing,31,Wednesday,12:00-13:30,0,0,Sunny,0.8174,25
IT3162,GIS and Remote Sensing (GIS&RS),Lecture,Computing,124,Tuesday,12:00-13:30,0,0,Sunny,0.8327,103
IS3112,Marketing Management (MM),Lecture,Computing,35,Wednesday,14:30-16:30,0,1,Rainy,0.9568,33
IT3103,Service Oriented Web Programming (SOWP),Lecture,Computing,96,Friday,12:00-13:30,0,0,Sunny,0.775,74
IS3102,Organizational Behaviour (OB),Lecture,Computing,34,Wednesday,10:30-12:30,0,0,Rainy,0.8073,27
SE22013,Software Project Management,Lecture,Computing,55,Wednesday,09:00-11:00,0,0,Cloudy,0.7483,41
IT3113,Cyber Security (CS),Lecture,Computing,93,Tuesday,10:30-12:30,0,0,Sunny,0.8516,79
IS3112,Marketing Management (MM),Lecture,Computing,32,Thursday,10:30-12:30,0,0,Sunny,0.8712,28
IS3112,Marketing Management (MM),Lecture,Computing,32,Monday,14:30-16:30,1,0,Rainy,0.7997,26
DS22012,Categorical Data Analysis (CDA),Lecture,Computing,73,Monday,11:30-14:30,0,0,Sunny,0.7815,57
IT3162,GIS and Remote Sensing (GIS&RS),Lecture,Computing,124,Tuesday,08:30-10:30,0,0,Cloudy,0.7898,98
DS22012,Categorical Data Analysis (CDA),Lecture,Computing,81,Wednesday,11:30-14:30,0,0,Cloudy,0.8402,68
CS3253,Big Data Analytics (BA),Lecture,Computing,33,Monday,12:00-13:30,0,0,Sunny,0.7394,24
IT3153,Software Quality Assurance (SQA),Lecture,Computing,125,Wednesday,10:30-12:30,0,0,Sunny,0.863,108
IT3123,Cloud Computing & Virtualization (CC&V),Lecture,Computing,90,Friday,11:30-14:30,0,1,Sunny,0.9543,86
IS3073,Management Information Systems (MIS),Lecture,Computing,30,Wednesday,11:30-14:30,0,0,Sunny,0.8552,26
IS3102,Organizational Behaviour (OB),Lecture,Computing,35,Wednesday,10:30-12:30,0,0,Sunny,0.8851,31
IS3102,Organizational Behaviour (OB),Lecture,Computing,32,Tuesday,09:00-11:00,0,0,Sunny,0.76,24
DS22012,Categorical Data Analysis (CDA),Lecture,Computing,83,Tuesday,12:00-13:30,1,0,Sunny,0.9394,78
IT3133,Programming Distributed Components (PDC),Lecture,Computing,85,Tuesday,09:00-11:00,0,0,Sunny,0.7598,65
IT3123,Cloud Computing & Virtualization (CC&V),Lecture,Computing,88,Thursday,09:00-11:00,0,0,Sunny,0.7608,67
IS3112,Marketing Management (MM),Lecture,Computing,34,Wednesday,10:30-12:30,0,0,Sunny,0.8481,29
CS3253,Big Data Analytics (BA),Lecture,Computing,44,Friday,12:00-13:30,1,0,Sunny,0.8759,39
IT3143,Independent Study (IS),Lecture,Computing,125,Monday,12:00-13:30,0,0,Sunny,0.7783,97
IS3083,E-Commerce (EC),Lecture,Computing,38,Wednesday,11:30-14:30,1,0,Sunny,0.9162,35
CS22993,Group Project in Software Development,Lecture,Computing,81,Friday,08:30-10:30,1,0,Rainy,0.7127,58
CS22012,Advanced Data Structures & Algorithms,Lecture,Computing,88,Thursday,09:00-11:00,0,1,Sunny,0.99,87
IT3133,Programming Distributed Components (PDC),Lecture,Computing,89,Monday,09:00-11:00,0,0,Sunny,0.7182,64
IT3133,Programming Distributed Components (PDC),Lecture,Computing,88,Monday,09:00-11:00,1,0,Rainy,0.7501,66
CS22993,Group Project in Software Development,Lecture,Computing,80,Thursday,09:00-11:00,0,0,Sunny,0.7553,60
IS3102,Organizational Behaviour (OB),Lecture,Computing,35,Wednesday,08:30-10:30,0,0,Cloudy,0.7359,26
CS22023,Artificial Intelligence,Lecture,Computing,88,Tuesday,09:00-11:00,1,0,Sunny,0.8658,76
IT3103,Service Oriented Web Programming (SOWP),Lecture,Computing,89,Wednesday,10:30-12:30,0,0,Sunny,0.8533,76
IS3102,Organizational Behaviour (OB),Lecture,Computing,38,Friday,09:00-11:00,1,0,Sunny,0.767,29
IS3112,Marketing Management (MM),Lecture,Computing,32,Monday,10:30-12:30,0,0,Cloudy,0.8004,26
IT3113,Cyber Security (CS),Lecture,Computing,88,Monday,09:00-11:00,1,0,Cloudy,0.8146,72
IT3123,Cloud Computing & Virtualization (CC&V),Lecture,Computing,87,Wednesday,14:30-16:30,1,0,Sunny,0.9204,80
IS3073,Management Information Systems (MIS),Lecture,Computing,31,Friday,14:30-16:30,0,0,Sunny,0.7368,23
IS3083,E-Commerce (EC),Lecture,Computing,35,Thursday,11:30-14:30,0,1,Rainy,0.9448,33
IS3073,Management Information Systems (MIS),Lecture,Computing,36,Friday,08:30-10:30,0,0,Cloudy,0.7228,26
CS3253,Big Data Analytics (BA),Lecture,Computing,39,Wednesday,10:30-12:30,0,0,Sunny,0.8277,32
IT3133,Programming Distributed Components (PDC),Lecture,Computing,93,Thursday,14:30-16:30,0,0,Sunny,0.8096,75
IT3153,Software Quality Assurance (SQA),Lecture,Computing,129,Thursday,10:30-12:30,1,0,Sunny,0.9177,118
IT3133,Programming Distributed Components (PDC),Lecture,Computing,89,Friday,08:30-10:30,0,1,Sunny,0.9303,83
IT3143,Independent Study (IS),Lecture,Computing,126,Thursday,11:30-14:30,0,0,Rainy,0.8032,101
CS22993,Group Project in Software Development,Lecture,Computing,84,Monday,11:30-14:30,0,0,Sunny,0.7548,63
IT3162,GIS and Remote Sensing (GIS&RS),Lecture,Computing,123,Monday,11:30-14:30,0,0,Rainy,0.7065,87
IS3093,Financial Management Concepts (FMC),Lecture,Computing,38,Tuesday,11:30-14:30,0,0,Rainy,0.8301,32
IT3133,Programming Distributed Components (PDC),Lecture,Computing,83,Wednesday,08:30-10:30,0,0,Sunny,0.7489,62
IT3123,Cloud Computing & Virtualization (CC&V),Lecture,Computing,89,Tuesday,11:30-14:30,1,0,Rainy,0.905,81
IT3153,Software Quality Assurance (SQA),Lecture,Computing,129,Friday,09:00-11:00,0,1,Cloudy,0.9675,125
IT3153,Software Quality Assurance (SQA),Lecture,Computing,128,Wednesday,11:30-14:30,0,0,Sunny,0.8552,109
IT3182,Essentials of Artificial Intelligence (EAI),Lecture,Computing,124,Wednesday,11:30-14:30,0,0,Sunny,0.8401,104
DS22012,Categorical Data Analysis (CDA),Lecture,Computing,86,Monday,09:00-11:00,0,0,Sunny,0.6894,59
IS3102,Organizational Behaviour (OB),Lecture,Computing,34,Tuesday,12:00-13:30,0,0,Sunny,0.8186,28
IT3162,GIS and Remote Sensing (GIS&RS),Lecture,Computing,124,Tuesday,10:30-12:30,0,0,Rainy,0.8047,100
IS3093,Financial Management Concepts (FMC),Lecture,Computing,39,Monday,10:30-12:30,0,0,Sunny,0.8042,31
IS3093,Financial Management Concepts (FMC),Lecture,Computing,36,Thursday,11:30-14:30,0,0,Rainy,0.8155,29
IT3143,Independent Study (IS),Lecture,Computing,126,Friday,10:30-12:30,0,0,Cloudy,0.7665,97
IT3103,Service Oriented Web Programming (SOWP),Lecture,Computing,89,Friday,11:30-14:30,0,0,Cloudy,0.7481,67
IT3162,GIS and Remote Sensing (GIS&RS),Lecture,Computing,124,Wednesday,08:30-10:30,0,0,Sunny,0.7185,89
IS3112,Marketing Management (MM),Lecture,Computing,32,Monday,10:30-12:30,0,0,Cloudy,0.7674,25
IS3073,Management Information Systems (MIS),Lecture,Computing,31,Thursday,10:30-12:30,0,0,Cloudy,0.8852,27
IS3112,Marketing Management (MM),Lecture,Computing,36,Tuesday,09:00-11:00,0,1,Rainy,0.9745,35
IS3083,E-Commerce (EC),Lecture,Computing,35,Tuesday,09:00-11:00,0,0,Sunny,0.7816,27
IS3112,Marketing Management (MM),Lecture,Computing,32,Friday,11:30-14:30,0,0,Sunny,0.7596,24
IT3162,GIS and Remote Sensing (GIS&RS),Lecture,Computing,127,Wednesday,09:00-11:00,0,0,Sunny,0.8087,103
IT3162,GIS and Remote Sensing (GIS&RS),Lecture,Computing,122,Monday,11:30-14:30,0,0,Sunny,0.8017,98
IT3143,Independent Study (IS),Lecture,Computing,122,Wednesday,11:30-14:30,0,0,Sunny,0.836,102
IT3153,Software Quality Assurance (SQA),Lecture,Computing,122,Tuesday,11:30-14:30,0,0,Sunny,0.8563,104
IS3073,Management Information Systems (MIS),Lecture,Computing,41,Tuesday,14:30-16:30,0,0,Sunny,0.8278,34
IT3113,Cyber Security (CS),Lecture,Computing,90,Thursday,08:30-10:30,0,0,Cloudy,0.7325,66
IT3113,Cyber Security (CS),Lecture,Computing,91,Monday,12:00-13:30,0,0,Sunny,0.7585,69
CS22012,Advanced Data Structures & Algorithms,Lecture,Computing,78,Monday,11:30-14:30,0,0,Cloudy,0.7914,62
SE22013,Software Project Management,Lecture,Computing,61,Monday,08:30-10:30,0,0,Sunny,0.6736,41
IS3073,Management Information Systems (MIS),Lecture,Computing,36,Friday,08:30-10:30,0,1,Cloudy,0.99,36
CS22993,Group Project in Software Development,Lecture,Computing,85,Monday,09:00-11:00,0,0,Sunny,0.6681,57
IT3153,Software Quality Assurance (SQA),Lecture,Computing,126,Thursday,10:30-12:30,0,0,Sunny,0.8384,106
IT3153,Software Quality Assurance (SQA),Lecture,Computing,125,Thursday,09:00-11:00,0,0,Cloudy,0.7255,91
IT3143,Independent Study (IS),Lecture,Computing,121,Tuesday,09:00-11:00,0,0,Sunny,0.7436,90
IT3153,Software Quality Assurance (SQA),Lecture,Computing,123,Monday,10:30-12:30,0,0,Cloudy,0.8116,100
IT3103,Service Oriented Web Programming (SOWP),Lecture,Computing,89,Monday,10:30-12:30,0,0,Sunny,0.7998,71
CS22012,Advanced Data Structures & Algorithms,Lecture,Computing,81,Tuesday,14:30-16:30,0,0,Sunny,0.8474,69
IS3073,Management Information Systems (MIS),Lecture,Computing,35,Friday,10:30-12:30,1,0,Sunny,0.8707,30
IS3083,E-Commerce (EC),Lecture,Computing,35,Wednesday,08:30-10:30,1,0,Sunny,0.8397,29
CS22012,Advanced Data Structures & Algorithms,Lecture,Computing,79,Monday,09:00-11:00,0,1,Rainy,0.96,76
SE22013,Software Project Management,Lecture,Computing,53,Tuesday,10:30-12:30,0,0,Cloudy,0.8737,46
CS3253,Big Data Analytics (BA),Lecture,Computing,42,Wednesday,14:30-16:30,0,0,Sunny,0.802,34
CS22023,Artificial Intelligence,Lecture,Computing,77,Tuesday,12:00-13:30,1,1,Sunny,0.9835,76
IT3123,Cloud Computing & Virtualization (CC&V),Lecture,Computing,87,Tuesday,09:00-11:00,0,0,Rainy,0.7279,63
IS3093,Financial Management Concepts (FMC),Lecture,Computing,33,Monday,10:30-12:30,0,0,Sunny,0.7834,26
IS3102,Organizational Behaviour (OB),Lecture,Computing,33,Tuesday,09:00-11:00,0,0,Sunny,0.7918,26
IS3093,Financial Management Concepts (FMC),Lecture,Computing,31,Tuesday,14:30-16:30,1,0,Sunny,0.9186,28
IT3153,Software Quality Assurance (SQA),Lecture,Computing,121,Monday,10:30-12:30,0,1,Sunny,0.9854,119
DS22012,Categorical Data Analysis (CDA),Lecture,Computing,83,Friday,14:30-16:30,0,0,Cloudy,0.7323,61
IT3162,GIS and Remote Sensing (GIS&RS),Lecture,Computing,122,Wednesday,10:30-12:30,0,0,Rainy,0.784,96
IS3102,Organizational Behaviour (OB),Lecture,Computing,37,Monday,10:30-12:30,0,1,Cloudy,0.99,37
IT3123,Cloud Computing & Virtualization (CC&V),Lecture,Computing,83,Tuesday,08:30-10:30,0,1,Sunny,0.9762,81
IS3073,Management Information Systems (MIS),Lecture,Computing,32,Tuesday,09:00-11:00,0,0,Sunny,0.7846,25
IT3103,Service Oriented Web Programming (SOWP),Lecture,Computing,86,Tuesday,10:30-12:30,1,1,Sunny,0.9829,85
IS3073,Management Information Systems (MIS),Lecture,Computing,34,Thursday,10:30-12:30,0,1,Cloudy,0.99,34
IS3102,Organizational Behaviour (OB),Lecture,Computing,30,Monday,08:30-10:30,0,0,Sunny,0.6816,20
IS3102,Organizational Behaviour (OB),Lecture,Computing,37,Tuesday,14:30-16:30,0,0,Rainy,0.7572,28
IS3083,E-Commerce (EC),Lecture,Computing,39,Thursday,10:30-12:30,0,0,Rainy,0.7971,31
SE22013,Software Project Management,Lecture,Computing,64,Tuesday,09:00-11:00,0,1,Cloudy,0.9827,63
IT3123,Cloud Computing & Virtualization (CC&V),Lecture,Computing,85,Friday,10:30-12:30,0,0,Sunny,0.7859,67
IS3073,Management Information Systems (MIS),Lecture,Computing,35,Thursday,08:30-10:30,0,0,Sunny,0.765,27
IS3073,Management Information Systems (MIS),Lecture,Computing,32,Friday,08:30-10:30,0,1,Cloudy,0.9851,32
IS3102,Organizational Behaviour (OB),Lecture,Computing,35,Wednesday,09:00-11:00,1,0,Sunny,0.8607,30
IS3112,Marketing Management (MM),Lecture,Computing,32,Monday,10:30-12:30,0,1,Sunny,0.9659,31
CS3253,Big Data Analytics (BA),Lecture,Computing,40,Friday,12:00-13:30,1,0,Sunny,0.8224,33
IT3133,Programming Distributed Components (PDC),Lecture,Computing,88,Friday,10:30-12:30,0,1,Sunny,0.9672,85
IS3083,E-Commerce (EC),Lecture,Computing,37,Tuesday,09:00-11:00,0,0,Sunny,0.7363,27
IS3083,E-Commerce (EC),Lecture,Computing,32,Thursday,09:00-11:00,0,0,Rainy,0.6944,22
IT3143,Independent Study (IS),Lecture,Computing,123,Thursday,09:00-11:00,1,0,Sunny,0.8668,107
IS3083,E-Commerce (EC),Lecture,Computing,31,Thursday,09:00-11:00,0,0,Sunny,0.7529,23
IT3182,Essentials of Artificial Intelligence (EAI),Lecture,Computing,125,Wednesday,08:30-10:30,1,0,Cloudy,0.829,104
IS3102,Organizational Behaviour (OB),Lecture,Computing,33,Wednesday,12:00-13:30,0,0,Sunny,0.8264,27
DS22012,Categorical Data Analysis (CDA),Lecture,Computing,82,Wednesday,10:30-12:30,0,0,Sunny,0.8798,72
IS3093,Financial Management Concepts (FMC),Lecture,Computing,33,Wednesday,08:30-10:30,0,0,Sunny,0.7667,25
IS3102,Organizational Behaviour (OB),Lecture,Computing,34,Tuesday,10:30-12:30,0,0,Sunny,0.8605,29
IS3073,Management Information Systems (MIS),Lecture,Computing,38,Tuesday,08:30-10:30,0,1,Cloudy,0.99,38
IS3102,Organizational Behaviour (OB),Lecture,Computing,34,Tuesday,12:00-13:30,0,0,Rainy,0.7663,26
IT3182,Essentials of Artificial Intelligence (EAI),Lecture,Computing,119,Monday,08:30-10:30,0,1,Sunny,0.9837,117
IT3103,Service Oriented Web Programming (SOWP),Lecture,Computing,88,Monday,10:30-12:30,1,0,Sunny,0.9054,80
IT3153,Software Quality Assurance (SQA),Lecture,Computing,122,Thursday,10:30-12:30,0,0,Sunny,0.8668,106
CS22023,Artificial Intelligence,Lecture,Computing,81,Tuesday,14:30-16:30,0,0,Cloudy,0.8135,66
IT3123,Cloud Computing & Virtualization (CC&V),Lecture,Computing,91,Wednesday,10:30-12:30,0,0,Cloudy,0.8836,80
IT3113,Cyber Security (CS),Lecture,Computing,86,Tuesday,11:30-14:30,0,0,Cloudy,0.8602,74
IS3083,E-Commerce (EC),Lecture,Computing,35,Wednesday,09:00-11:00,0,0,Sunny,0.7864,28
CS3253,Big Data Analytics (BA),Lecture,Computing,39,Friday,10:30-12:30,0,0,Sunny,0.7917,31
IT3182,Essentials of Artificial Intelligence (EAI),Lecture,Computing,127,Tuesday,08:30-10:30,1,0,Sunny,0.8491,108
SE22013,Software Project Management,Lecture,Computing,53,Tuesday,12:00-13:30,0,0,Rainy,0.7702,41
IS3083,E-Commerce (EC),Lecture,Computing,34,Tuesday,14:30-16:30,0,0,Cloudy,0.8147,28
IS3093,Financial Management Concepts (FMC),Lecture,Computing,35,Monday,12:00-13:30,1,1,Sunny,0.99,35
IT3123,Cloud Computing & Virtualization (CC&V),Lecture,Computing,85,Friday,08:30-10:30,0,0,Sunny,0.691,59
IT3123,Cloud Computing & Virtualization (CC&V),Lecture,Computing,85,Tuesday,10:30-12:30,0,0,Sunny,0.8566,73
IS3102,Organizational Behaviour (OB),Lecture,Computing,33,Friday,14:30-16:30,1,0,Rainy,0.7851,26
DS22012,Categorical Data Analysis (CDA),Lecture,Computing,80,Thursday,09:00-11:00,1,0,Sunny,0.8622,69
IS3112,Marketing Management (MM),Lecture,Computing,32,Thursday,14:30-16:30,0,0,Sunny,0.858,27
IT3113,Cyber Security (CS),Lecture,Computing,88,Wednesday,08:30-10:30,0,0,Cloudy,0.7463,66
IS3112,Marketing Management (MM),Lecture,Computing,34,Wednesday,08:30-10:30,0,0,Sunny,0.7728,26
IT3162,GIS and Remote Sensing (GIS&RS),Lecture,Computing,126,Tuesday,09:00-11:00,0,0,Sunny,0.749,94
IS3112,Marketing Management (MM),Lecture,Computing,37,Monday,08:30-10:30,0,0,Sunny,0.6874,25
IS3102,Organizational Behaviour (OB),Lecture,Computing,33,Thursday,11:30-14:30,0,0,Sunny,0.8544,28
CS22023,Artificial Intelligence,Lecture,Computing,85,Friday,14:30-16:30,1,0,Sunny,0.8522,72
IT3113,Cyber Security (CS),Lecture,Computing,88,Monday,14:30-16:30,0,0,Sunny,0.7305,64
CS22012,Advanced Data Structures & Algorithms,Lecture,Computing,83,Tuesday,09:00-11:00,0,0,Sunny,0.7838,65
IT3162,GIS and Remote Sensing (GIS&RS),Lecture,Computing,126,Monday,14:30-16:30,0,0,Sunny,0.7365,93
IT3113,Cyber Security (CS),Lecture,Computing,86,Tuesday,12:00-13:30,0,0,Sunny,0.8253,71
IS3083,E-Commerce (EC),Lecture,Computing,37,Monday,10:30-12:30,0,1,Rainy,0.9533,35
IS3112,Marketing Management (MM),Lecture,Computing,38,Tuesday,10:30-12:30,0,0,Cloudy,0.8607,33
IT3162,GIS and Remote Sensing (GIS&RS),Lecture,Computing,124,Thursday,08:30-10:30,0,1,Sunny,0.99,123
CS3253,Big Data Analytics (BA),Lecture,Computing,40,Thursday,10:30-12:30,0,1,Sunny,0.9652,39
IT3113,Cyber Security (CS),Lecture,Computing,89,Wednesday,08:30-10:30,0,0,Sunny,0.7575,67
IT3153,Software Quality Assurance (SQA),Lecture,Computing,120,Monday,09:00-11:00,0,0,Cloudy,0.6721,81
IT3133,Programming Distributed Components (PDC),Lecture,Computing,90,Wednesday,11:30-14:30,0,1,Sunny,0.979,88
IT3123,Cloud Computing & Virtualization (CC&V),Lecture,Computing,88,Thursday,10:30-12:30,0,0,Sunny,0.8607,76
IT3113,Cyber Security (CS),Lecture,Computing,85,Wednesday,08:30-10:30,0,0,Sunny,0.7814,66
SE22013,Software Project Management,Lecture,Computing,51,Monday,08:30-10:30,0,0,Sunny,0.6889,35
CS3253,Big Data Analytics (BA),Lecture,Computing,48,Tuesday,08:30-10:30,0,0,Sunny,0.7401,36
IT3103,Service Oriented Web Programming (SOWP),Lecture,Computing,90,Monday,10:30-12:30,0,0,Sunny,0.7683,69
IT3153,Software Quality Assurance (SQA),Lecture,Computing,120,Wednesday,08:30-10:30,0,0,Rainy,0.7292,88
IT3103,Service Oriented Web Programming (SOWP),Lecture,Computing,88,Thursday,14:30-16:30,0,1,Cloudy,0.99,87
SE22013,Software Project Management,Lecture,Computing,55,Wednesday,10:30-12:30,0,0,Rainy,0.8164,45
IS3083,E-Commerce (EC),Lecture,Computing,34,Friday,12:00-13:30,0,0,Rainy,0.7039,24
CS22023,Artificial Intelligence,Lecture,Computing,85,Thursday,11:30-14:30,0,0,Sunny,0.8524,72
IS3093,Financial Management Concepts (FMC),Lecture,Computing,35,Thursday,12:00-13:30,0,0,Sunny,0.8136,28
DS22012,Categorical Data Analysis (CDA),Lecture,Computing,83,Monday,11:30-14:30,0,1,Cloudy,0.9689,80
CS22993,Group Project in Software Development,Lecture,Computing,83,Monday,09:00-11:00,0,0,Sunny,0.7059,59
IS3102,Organizational Behaviour (OB),Lecture,Computing,36,Wednesday,12:00-13:30,0,0,Sunny,0.798,29
CS22023,Artificial Intelligence,Lecture,Computing,76,Wednesday,14:30-16:30,1,1,Sunny,0.9528,72
DS22012,Categorical Data Analysis (CDA),Lecture,Computing,81,Tuesday,12:00-13:30,0,0,Sunny,0.8369,68
CS3253,Big Data Analytics (BA),Lecture,Computing,42,Tuesday,12:00-13:30,0,0,Sunny,0.8377,35
IS3083,E-Commerce (EC),Lecture,Computing,34,Wednesday,08:30-10:30,0,1,Cloudy,0.9467,32
CS22023,Artificial Intelligence,Lecture,Computing,82,Friday,08:30-10:30,0,0,Sunny,0.677,56
CS22993,Group Project in Software Development,Lecture,Computing,82,Wednesday,12:00-13:30,0,0,Cloudy,0.8016,66
IS3073,Management Information Systems (MIS),Lecture,Computing,36,Thursday,08:30-10:30,0,0,Sunny,0.7304,26
IT3182,Essentials of Artificial Intelligence (EAI),Lecture,Computing,127,Tuesday,11:30-14:30,0,1,Cloudy,0.9605,122
CS22023,Artificial Intelligence,Lecture,Computing,82,Thursday,14:30-16:30,0,0,Sunny,0.796,65
IT3143,Independent Study (IS),Lecture,Computing,127,Wednesday,09:00-11:00,0,1,Cloudy,0.99,126
IT3182,Essentials of Artificial Intelligence (EAI),Lecture,Computing,125,Thursday,12:00-13:30,0,1,Sunny,0.9621,120
CS22993,Group Project in Software Development,Lecture,Computing,84,Tuesday,08:30-10:30,0,0,Rainy,0.6925,58
IT3123,Cloud Computing & Virtualization (CC&V),Lecture,Computing,90,Tuesday,09:00-11:00,0,0,Rainy,0.6866,62
IT3113,Cyber Security (CS),Lecture,Computing,87,Wednesday,08:30-10:30,1,1,Sunny,0.9693,84
IT3103,Service Oriented Web Programming (SOWP),Lecture,Computing,89,Tuesday,11:30-14:30,0,0,Sunny,0.851,76
IT3123,Cloud Computing & Virtualization (CC&V),Lecture,Computing,87,Wednesday,12:00-13:30,1,1,Rainy,0.9718,85
DS22012,Categorical Data Analysis (CDA),Lecture,Computing,81,Monday,10:30-12:30,0,0,Sunny,0.7931,64
IS3102,Organizational Behaviour (OB),Lecture,Computing,30,Tuesday,10:30-12:30,0,0,Sunny,0.8614,26
IS3073,Management Information Systems (MIS),Lecture,Computing,36,Monday,08:30-10:30,0,0,Cloudy,0.7003,25
IT3103,Service Oriented Web Programming (SOWP),Lecture,Computing,85,Thursday,08:30-10:30,0,1,Sunny,0.947,80
IS3073,Management Information Systems (MIS),Lecture,Computing,36,Friday,10:30-12:30,0,0,Cloudy,0.82,30
IT3103,Service Oriented Web Programming (SOWP),Lecture,Computing,89,Wednesday,10:30-12:30,0,0,Cloudy,0.8744,78
IS3102,Organizational Behaviour (OB),Lecture,Computing,39,Wednesday,11:30-14:30,0,1,Sunny,0.9861,38
CS22023,Artificial Intelligence,Lecture,Computing,79,Thursday,09:00-11:00,0,1,Cloudy,0.99,78
IS3112,Marketing Management (MM),Lecture,Computing,37,Tuesday,08:30-10:30,0,0,Sunny,0.7729,29
IS3073,Management Information Systems (MIS),Lecture,Computing,31,Wednesday,08:30-10:30,1,0,Rainy,0.7969,25
IS3073,Management Information Systems (MIS),Lecture,Computing,33,Tuesday,08:30-10:30,0,0,Rainy,0.7131,24
IT3113,Cyber Security (CS),Lecture,Computing,88,Friday,10:30-12:30,0,0,Sunny,0.7726,68
CS22012,Advanced Data Structures & Algorithms,Lecture,Computing,82,Friday,09:00-11:00,0,0,Cloudy,0.6756,55
IT3103,Service Oriented Web Programming (SOWP),Lecture,Computing,89,Friday,09:00-11:00,0,0,Sunny,0.6834,61
IT3153,Software Quality Assurance (SQA),Lecture,Computing,121,Thursday,08:30-10:30,0,0,Cloudy,0.7691,93
DS22012,Categorical Data Analysis (CDA),Lecture,Computing,82,Wednesday,08:30-10:30,0,0,Cloudy,0.763,63
IS3102,Organizational Behaviour (OB),Lecture,Computing,39,Friday,11:30-14:30,0,0,Rainy,0.7428,29
IS3093,Financial Management Concepts (FMC),Lecture,Computing,37,Thursday,10:30-12:30,1,0,Sunny,0.9869,37
IT3182,Essentials of Artificial Intelligence (EAI),Lecture,Computing,117,Friday,08:30-10:30,0,0,Sunny,0.6871,80
SE22013,Software Project Management,Lecture,Computing,59,Monday,08:30-10:30,1,0,Sunny,0.7931,47
CS22023,Artificial Intelligence,Lecture,Computing,84,Tuesday,08:30-10:30,0,0,Sunny,0.769,65
CS22023,Artificial Intelligence,Lecture,Computing,75,Wednesday,11:30-14:30,0,0,Cloudy,0.8474,64
DS22012,Categorical Data Analysis (CDA),Lecture,Computing,79,Thursday,10:30-12:30,1,1,Sunny,0.9345,74
SE22013,Software Project Management,Lecture,Computing,53,Friday,08:30-10:30,0,0,Cloudy,0.6821,36
IS3102,Organizational Behaviour (OB),Lecture,Computing,27,Tuesday,11:30-14:30,0,0,Cloudy,0.844,23
CS3253,Big Data Analytics (BA),Lecture,Computing,36,Thursday,10:30-12:30,0,0,Sunny,0.8749,31
IT3133,Programming Distributed Components (PDC),Lecture,Computing,88,Monday,08:30-10:30,0,0,Sunny,0.6828,60
IT3182,Essentials of Artificial Intelligence (EAI),Lecture,Computing,122,Tuesday,08:30-10:30,1,0,Rainy,0.7881,96
CS22993,Group Project in Software Development,Lecture,Computing,84,Monday,10:30-12:30,0,0,Sunny,0.7958,67
IT3162,GIS and Remote Sensing (GIS&RS),Lecture,Computing,124,Wednesday,10:30-12:30,0,0,Rainy,0.7918,98
IT3103,Service Oriented Web Programming (SOWP),Lecture,Computing,85,Wednesday,12:00-13:30,0,0,Cloudy,0.8138,69
IT3113,Cyber Security (CS),Lecture,Computing,83,Friday,10:30-12:30,0,0,Cloudy,0.7887,65
IT3182,Essentials of Artificial Intelligence (EAI),Lecture,Computing,123,Tuesday,12:00-13:30,0,0,Cloudy,0.8158,100
IT3162,GIS and Remote Sensing (GIS&RS),Lecture,Computing,122,Monday,09:00-11:00,0,0,Sunny,0.6911,84
IT3113,Cyber Security (CS),Lecture,Computing,92,Monday,08:30-10:30,1,0,Rainy,0.7586,70
IS3083,E-Commerce (EC),Lecture,Computing,32,Friday,08:30-10:30,0,0,Sunny,0.7135,23
IT3113,Cyber Security (CS),Lecture,Computing,94,Monday,08:30-10:30,1,1,Rainy,0.9868,93
IT3153,Software Quality Assurance (SQA),Lecture,Computing,123,Friday,08:30-10:30,0,0,Rainy,0.6462,79
IS3093,Financial Management Concepts (FMC),Lecture,Computing,37,Monday,08:30-10:30,1,0,Sunny,0.7999,30
SE22013,Software Project Management,Lecture,Computing,59,Tuesday,08:30-10:30,0,0,Sunny,0.7631,45
IT3123,Cloud Computing & Virtualization (CC&V),Lecture,Computing,91,Thursday,09:00-11:00,0,0,Sunny,0.778,71
IT3153,Software Quality Assurance (SQA),Lecture,Computing,126,Tuesday,11:30-14:30,0,0,Rainy,0.8004,101
IT3162,GIS and Remote Sensing (GIS&RS),Lecture,Computing,121,Tuesday,09:00-11:00,0,1,Sunny,0.963,117
DS22012,Categorical Data Analysis (CDA),Lecture,Computing,81,Friday,10:30-12:30,0,0,Sunny,0.7957,64
CS22012,Advanced Data Structures & Algorithms,Lecture,Computing,81,Wednesday,09:00-11:00,0,0,Sunny,0.7842,64
IT3153,Software Quality Assurance (SQA),Lecture,Computing,121,Tuesday,09:00-11:00,0,0,Cloudy,0.7733,94
CS22012,Advanced Data Structures & Algorithms,Lecture,Computing,80,Wednesday,12:00-13:30,0,0,Sunny,0.8324,67
IS3112,Marketing Management (MM),Lecture,Computing,32,Thursday,10:30-12:30,0,0,Rainy,0.8276,26
IS3083,E-Commerce (EC),Lecture,Computing,35,Thursday,09:00-11:00,0,0,Sunny,0.751,26
CS3253,Big Data Analytics (BA),Lecture,Computing,42,Tuesday,09:00-11:00,0,0,Sunny,0.7725,32
SE22013,Software Project Management,Lecture,Computing,57,Tuesday,10:30-12:30,0,0,Sunny,0.8531,49
CS22012,Advanced Data Structures & Algorithms,Lecture,Computing,84,Tuesday,11:30-14:30,0,0,Sunny,0.8701,73
IS3102,Organizational Behaviour (OB),Lecture,Computing,37,Friday,10:30-12:30,0,0,Rainy,0.7569,28
IS3093,Financial Management Concepts (FMC),Lecture,Computing,41,Friday,10:30-12:30,1,0,Sunny,0.8623,35
CS22023,Artificial Intelligence,Lecture,Computing,84,Thursday,09:00-11:00,1,1,Rainy,0.9579,80
SE22013,Software Project Management,Lecture,Computing,60,Wednesday,09:00-11:00,1,0,Sunny,0.8751,53
CS3253,Big Data Analytics (BA),Lecture,Computing,37,Thursday,10:30-12:30,0,1,Cloudy,0.99,37
IT3123,Cloud Computing & Virtualization (CC&V),Lecture,Computing,85,Monday,08:30-10:30,1,1,Sunny,0.9885,84
IT3143,Independent Study (IS),Lecture,Computing,129,Wednesday,12:00-13:30,0,0,Cloudy,0.8586,111
IT3153,Software Quality Assurance (SQA),Lecture,Computing,123,Tuesday,08:30-10:30,0,0,Sunny,0.78,96
IS3083,E-Commerce (EC),Lecture,Computing,35,Thursday,08:30-10:30,1,0,Sunny,0.827,29
IT3153,Software Quality Assurance (SQA),Lecture,Computing,126,Wednesday,10:30-12:30,0,1,Sunny,0.99,125
CS3253,Big Data Analytics (BA),Lecture,Computing,44,Monday,09:00-11:00,0,1,Rainy,0.99,44
CS22023,Artificial Intelligence,Lecture,Computing,80,Friday,10:30-12:30,0,1,Sunny,0.9581,77
IT3103,Service Oriented Web Programming (SOWP),Lecture,Computing,88,Tuesday,12:00-13:30,0,0,Sunny,0.8113,71
IT3113,Cyber Security (CS),Lecture,Computing,88,Thursday,10:30-12:30,1,0,Rainy,0.8917,78
IT3123,Cloud Computing & Virtualization (CC&V),Lecture,Computing,82,Wednesday,10:30-12:30,0,0,Cloudy,0.8799,72
CS22012,Advanced Data Structures & Algorithms,Lecture,Computing,84,Tuesday,08:30-10:30,0,0,Sunny,0.7194,60
IT3123,Cloud Computing & Virtualization (CC&V),Lecture,Computing,90,Monday,10:30-12:30,0,0,Cloudy,0.8164,73
DS22012,Categorical Data Analysis (CDA),Lecture,Computing,86,Wednesday,11:30-14:30,0,0,Sunny,0.8774,75
CS22993,Group Project in Software Development,Lecture,Computing,78,Friday,09:00-11:00,1,0,Cloudy,0.8257,64
IT3182,Essentials of Artificial Intelligence (EAI),Lecture,Computing,127,Thursday,09:00-11:00,0,0,Sunny,0.7284,93
IT3143,Independent Study (IS),Lecture,Computing,120,Monday,08:30-10:30,0,0,Sunny,0.699,84
IT3123,Cloud Computing & Virtualization (CC&V),Lecture,Computing,87,Wednesday,12:00-13:30,0,0,Sunny,0.8361,73
IT3153,Software Quality Assurance (SQA),Lecture,Computing,128,Monday,10:30-12:30,1,1,Rainy,0.9636,123
CS22012,Advanced Data Structures & Algorithms,Lecture,Computing,87,Tuesday,08:30-10:30,0,0,Rainy,0.6523,57
IS3093,Financial Management Concepts (FMC),Lecture,Computing,35,Wednesday,09:00-11:00,0,0,Sunny,0.7065,25
CS22993,Group Project in Software Development,Lecture,Computing,83,Friday,10:30-12:30,0,0,Sunny,0.8016,67
IS3112,Marketing Management (MM),Lecture,Computing,32,Thursday,11:30-14:30,0,1,Sunny,0.9836,31
IT3113,Cyber Security (CS),Lecture,Computing,85,Wednesday,09:00-11:00,0,0,Sunny,0.7561,64
IT3162,GIS and Remote Sensing (GIS&RS),Lecture,Computing,125,Monday,10:30-12:30,1,1,Sunny,0.9777,122
IS3102,Organizational Behaviour (OB),Lecture,Computing,33,Tuesday,10:30-12:30,0,0,Cloudy,0.8398,28
IS3093,Financial Management Concepts (FMC),Lecture,Computing,34,Wednesday,12:00-13:30,0,0,Cloudy,0.7891,27
CS3253,Big Data Analytics (BA),Lecture,Computing,39,Tuesday,11:30-14:30,0,0,Sunny,0.8364,33
CS22993,Group Project in Software Development,Lecture,Computing,80,Tuesday,10:30-12:30,0,1,Sunny,0.9506,76
IT3182,Essentials of Artificial Intelligence (EAI),Lecture,Computing,120,Wednesday,14:30-16:30,0,1,Cloudy,0.99,119
CS3253,Big Data Analytics (BA),Lecture,Computing,42,Wednesday,10:30-12:30,1,1,Sunny,0.9893,42
IT3153,Software Quality Assurance (SQA),Lecture,Computing,124,Tuesday,12:00-13:30,1,0,Sunny,0.9235,115
IT3182,Essentials of Artificial Intelligence (EAI),Lecture,Computing,121,Friday,09:00-11:00,0,0,Sunny,0.6474,78
IT3133,Programming Distributed Components (PDC),Lecture,Computing,93,Monday,10:30-12:30,0,0,Sunny,0.7982,74
SE22013,Software Project Management,Lecture,Computing,60,Monday,12:00-13:30,0,0,Sunny,0.7286,44
IT3133,Programming Distributed Components (PDC),Lecture,Computing,80,Monday,09:00-11:00,0,0,Sunny,0.6881,55
IS3073,Management Information Systems (MIS),Lecture,Computing,32,Monday,11:30-14:30,0,1,Sunny,0.99,32
IS3093,Financial Management Concepts (FMC),Lecture,Computing,36,Wednesday,11:30-14:30,1,1,Cloudy,0.964,35
CS22993,Group Project in Software Development,Lecture,Computing,80,Thursday,11:30-14:30,0,0,Cloudy,0.8695,70
IT3123,Cloud Computing & Virtualization (CC&V),Lecture,Computing,91,Friday,08:30-10:30,0,0,Sunny,0.6588,60
IT3133,Programming Distributed Components (PDC),Lecture,Computing,91,Wednesday,12:00-13:30,0,0,Sunny,0.8435,77
IT3143,Independent Study (IS),Lecture,Computing,118,Monday,08:30-10:30,0,0,Rainy,0.6246,74
SE22013,Software Project Management,Lecture,Computing,57,Wednesday,14:30-16:30,0,1,Rainy,0.9754,56
CS22023,Artificial Intelligence,Lecture,Computing,80,Tuesday,09:00-11:00,0,1,Sunny,0.9515,76
IT3113,Cyber Security (CS),Lecture,Computing,88,Monday,11:30-14:30,0,0,Sunny,0.7993,70
IS3093,Financial Management Concepts (FMC),Lecture,Computing,33,Tuesday,09:00-11:00,0,0,Cloudy,0.7082,23
IT3103,Service Oriented Web Programming (SOWP),Lecture,Computing,92,Monday,10:30-12:30,0,0,Cloudy,0.7421,68
IT3123,Cloud Computing & Virtualization (CC&V),Lecture,Computing,88,Tuesday,10:30-12:30,0,0,Sunny,0.8439,74
CS22012,Advanced Data Structures & Algorithms,Lecture,Computing,82,Thursday,12:00-13:30,0,0,Sunny,0.8397,69
IS3083,E-Commerce (EC),Lecture,Computing,30,Monday,14:30-16:30,0,0,Sunny,0.7188,22
IS3112,Marketing Management (MM),Lecture,Computing,35,Tuesday,09:00-11:00,0,0,Sunny,0.7632,27
IT3143,Independent Study (IS),Lecture,Computing,126,Wednesday,10:30-12:30,1,1,Sunny,0.9766,123
IT3143,Independent Study (IS),Lecture,Computing,123,Monday,08:30-10:30,0,1,Sunny,0.982,121
DS22012,Categorical Data Analysis (CDA),Lecture,Computing,79,Monday,08:30-10:30,0,0,Sunny,0.7098,56
IS3102,Organizational Behaviour (OB),Lecture,Computing,38,Thursday,10:30-12:30,0,1,Sunny,0.9683,37
SE22013,Software Project Management,Lecture,Computing,63,Monday,14:30-16:30,0,0,Sunny,0.7718,49
IS3083,E-Commerce (EC),Lecture,Computing,39,Friday,08:30-10:30,0,0,Cloudy,0.6774,26
IT3143,Independent Study (IS),Lecture,Computing,120,Tuesday,09:00-11:00,0,0,Rainy,0.7092,85
IS3112,Marketing Management (MM),Lecture,Computing,35,Friday,08:30-10:30,0,0,Rainy,0.6133,21
IT3123,Cloud Computing & Virtualization (CC&V),Lecture,Computing,85,Tuesday,12:00-13:30,0,1,Cloudy,0.9205,78
CS22993,Group Project in Software Development,Lecture,Computing,82,Friday,09:00-11:00,0,0,Sunny,0.7034,58
IT3143,Independent Study (IS),Lecture,Computing,116,Wednesday,08:30-10:30,0,0,Sunny,0.7935,92
CS3253,Big Data Analytics (BA),Lecture,Computing,39,Monday,10:30-12:30,0,1,Sunny,0.9814,38
IT3153,Software Quality Assurance (SQA),Lecture,Computing,123,Tuesday,08:30-10:30,0,0,Sunny,0.78,96
IT3113,Cyber Security (CS),Lecture,Computing,90,Monday,08:30-10:30,0,0,Sunny,0.6695,60
CS22993,Group Project in Software Development,Lecture,Computing,81,Monday,11:30-14:30,0,0,Sunny,0.7813,63
IS3073,Management Information Systems (MIS),Lecture,Computing,39,Tuesday,11:30-14:30,0,0,Sunny,0.8419,33
IT3153,Software Quality Assurance (SQA),Lecture,Computing,120,Monday,10:30-12:30,0,1,Sunny,0.9867,118
IT3182,Essentials of Artificial Intelligence (EAI),Lecture,Computing,126,Thursday,09:00-11:00,0,0,Sunny,0.7625,96
IS3083,E-Commerce (EC),Lecture,Computing,31,Wednesday,10:30-12:30,0,1,Cloudy,0.9832,30
CS3253,Big Data Analytics (BA),Lecture,Computing,40,Thursday,12:00-13:30,0,0,Cloudy,0.8442,34
IT3182,Essentials of Artificial Intelligence (EAI),Lecture,Computing,126,Thursday,10:30-12:30,0,0,Sunny,0.854,108
IS3073,Management Information Systems (MIS),Lecture,Computing,36,Wednesday,14:30-16:30,0,0,Sunny,0.8117,29
IT3162,GIS and Remote Sensing (GIS&RS),Lecture,Computing,124,Wednesday,10:30-12:30,0,0,Sunny,0.8437,105
SE22013,Software Project Management,Lecture,Computing,58,Monday,09:00-11:00,0,1,Rainy,0.9532,55
SE22013,Software Project Management,Lecture,Computing,62,Tuesday,11:30-14:30,0,0,Sunny,0.8462,52
IT3162,GIS and Remote Sensing (GIS&RS),Lecture,Computing,125,Monday,09:00-11:00,0,0,Sunny,0.7019,88
IT3182,Essentials of Artificial Intelligence (EAI),Lecture,Computing,129,Tuesday,08:30-10:30,0,0,Sunny,0.7664,99
IS3073,Management Information Systems (MIS),Lecture,Computing,30,Monday,08:30-10:30,0,0,Sunny,0.6465,19
IS3093,Financial Management Concepts (FMC),Lecture,Computing,33,Tuesday,08:30-10:30,0,0,Sunny,0.7943,26
CS3253,Big Data Analytics (BA),Lecture,Computing,33,Monday,10:30-12:30,0,0,Sunny,0.7881,26
IT3143,Independent Study (IS),Lecture,Computing,122,Friday,09:00-11:00,0,0,Sunny,0.664,81
SE22013,Software Project Management,Lecture,Computing,56,Tuesday,11:30-14:30,0,1,Cloudy,0.9316,52
IT3113,Cyber Security (CS),Lecture,Computing,92,Tuesday,09:00-11:00,0,0,Sunny,0.7334,67
IT3113,Cyber Security (CS),Lecture,Computing,91,Monday,10:30-12:30,0,1,Sunny,0.9704,88
IS3073,Management Information Systems (MIS),Lecture,Computing,33,Friday,08:30-10:30,0,1,Cloudy,0.9818,32
IT3153,Software Quality Assurance (SQA),Lecture,Computing,123,Monday,11:30-14:30,0,0,Sunny,0.8065,99
CS3253,Big Data Analytics (BA),Lecture,Computing,37,Wednesday,09:00-11:00,1,0,Cloudy,0.8647,32
IT3162,GIS and Remote Sensing (GIS&RS),Lecture,Computing,121,Wednesday,11:30-14:30,0,1,Sunny,0.99,120
IS3083,E-Commerce (EC),Lecture,Computing,31,Thursday,14:30-16:30,0,0,Rainy,0.7741,24
CS22023,Artificial Intelligence,Lecture,Computing,82,Tuesday,08:30-10:30,0,0,Sunny,0.777,64
SE22013,Software Project Management,Lecture,Computing,54,Friday,09:00-11:00,0,0,Sunny,0.6825,37
CS22023,Artificial Intelligence,Lecture,Computing,84,Thursday,12:00-13:30,0,0,Cloudy,0.8153,68
IT3133,Programming Distributed Components (PDC),Lecture,Computing,84,Monday,12:00-13:30,0,1,Sunny,0.9637,81
IT3182,Essentials of Artificial Intelligence (EAI),Lecture,Computing,130,Wednesday,08:30-10:30,0,1,Sunny,0.9375,122
IS3102,Organizational Behaviour (OB),Lecture,Computing,33,Monday,10:30-12:30,0,0,Sunny,0.8098,27
DS22012,Categorical Data Analysis (CDA),Lecture,Computing,80,Friday,09:00-11:00,0,0,Sunny,0.6949,56
CS22993,Group Project in Software Development,Lecture,Computing,84,Tuesday,09:00-11:00,1,1,Sunny,0.9583,80
CS22023,Artificial Intelligence,Lecture,Computing,84,Monday,10:30-12:30,0,0,Cloudy,0.7789,65
IT3103,Service Oriented Web Programming (SOWP),Lecture,Computing,87,Thursday,08:30-10:30,0,0,Rainy,0.6872,60
IS3102,Organizational Behaviour (OB),Lecture,Computing,39,Wednesday,08:30-10:30,0,0,Sunny,0.772,30
CS22023,Artificial Intelligence,Lecture,Computing,76,Thursday,11:30-14:30,0,0,Cloudy,0.8722,66
IS3093,Financial Management Concepts (FMC),Lecture,Computing,41,Tuesday,11:30-14:30,1,0,Sunny,0.9424,39
CS22993,Group Project in Software Development,Lecture,Computing,79,Tuesday,10:30-12:30,0,0,Sunny,0.847,67
IS3102,Organizational Behaviour (OB),Lecture,Computing,38,Monday,08:30-10:30,0,0,Rainy,0.5997,23
IT3113,Cyber Security (CS),Lecture,Computing,85,Wednesday,10:30-12:30,0,0,Sunny,0.8395,71
CS3253,Big Data Analytics (BA),Lecture,Computing,36,Friday,10:30-12:30,0,0,Sunny,0.8076,29
SE22013,Software Project Management,Lecture,Computing,56,Monday,08:30-10:30,0,0,Sunny,0.7133,40
IT3153,Software Quality Assurance (SQA),Lecture,Computing,122,Friday,11:30-14:30,0,0,Sunny,0.7964,97
DS22012,Categorical Data Analysis (CDA),Lecture,Computing,82,Monday,09:00-11:00,0,1,Sunny,0.937,77
IT3153,Software Quality Assurance (SQA),Lecture,Computing,121,Thursday,14:30-16:30,0,0,Rainy,0.7633,92
IS3112,Marketing Management (MM),Lecture,Computing,36,Tuesday,10:30-12:30,0,0,Sunny,0.8705,31
IS3083,E-Commerce (EC),Lecture,Computing,37,Tuesday,10:30-12:30,0,0,Cloudy,0.8527,32
CS22012,Advanced Data Structures & Algorithms,Lecture,Computing,84,Thursday,09:00-11:00,0,0,Sunny,0.7748,65
CS22023,Artificial Intelligence,Lecture,Computing,86,Wednesday,12:00-13:30,0,0,Sunny,0.8116,70
DS22012,Categorical Data Analysis (CDA),Lecture,Computing,83,Friday,08:30-10:30,0,1,Cloudy,0.9528,79
SE22013,Software Project Management,Lecture,Computing,58,Monday,08:30-10:30,0,0,Rainy,0.6711,39
IS3073,Management Information Systems (MIS),Lecture,Computing,33,Thursday,14:30-16:30,0,0,Sunny,0.8327,27
CS22023,Artificial Intelligence,Lecture,Computing,85,Tuesday,11:30-14:30,0,0,Sunny,0.9004,77
IS3102,Organizational Behaviour (OB),Lecture,Computing,35,Wednesday,11:30-14:30,1,0,Sunny,0.9713,34
IS3112,Marketing Management (MM),Lecture,Computing,37,Wednesday,11:30-14:30,0,0,Cloudy,0.8453,31
IT3153,Software Quality Assurance (SQA),Lecture,Computing,129,Tuesday,09:00-11:00,0,0,Sunny,0.7617,98
IS3102,Organizational Behaviour (OB),Lecture,Computing,36,Thursday,11:30-14:30,0,0,Sunny,0.8373,30
IS3102,Organizational Behaviour (OB),Lecture,Computing,36,Monday,14:30-16:30,0,0,Sunny,0.719,26
IT3153,Software Quality Assurance (SQA),Lecture,Computing,123,Tuesday,09:00-11:00,0,1,Sunny,0.9756,120
IT3162,GIS and Remote Sensing (GIS&RS),Lecture,Computing,128,Wednesday,10:30-12:30,1,0,Sunny,0.99,127
IT3143,Independent Study (IS),Lecture,Computing,121,Thursday,11:30-14:30,0,0,Sunny,0.8555,104
IS3073,Management Information Systems (MIS),Lecture,Computing,42,Friday,10:30-12:30,0,1,Sunny,0.9421,40
IS3093,Financial Management Concepts (FMC),Lecture,Computing,37,Friday,10:30-12:30,0,0,Rainy,0.7764,29
IS3112,Marketing Management (MM),Lecture,Computing,40,Thursday,10:30-12:30,1,1,Sunny,0.9702,39
CS22993,Group Project in Software Development,Lecture,Computing,85,Tuesday,10:30-12:30,0,0,Cloudy,0.8941,76
IT3153,Software Quality Assurance (SQA),Lecture,Computing,126,Tuesday,12:00-13:30,1,0,Rainy,0.9185,116
IT3182,Essentials of Artificial Intelligence (EAI),Lecture,Computing,122,Monday,12:00-13:30,0,0,Cloudy,0.7431,91
IT3133,Programming Distributed Components (PDC),Lecture,Computing,94,Tuesday,11:30-14:30,0,0,Sunny,0.8592,81
DS22012,Categorical Data Analysis (CDA),Lecture,Computing,78,Tuesday,10:30-12:30,1,0,Cloudy,0.9555,75
IS3083,E-Commerce (EC),Lecture,Computing,38,Tuesday,09:00-11:00,0,0,Sunny,0.7451,28
IS3083,E-Commerce (EC),Lecture,Computing,29,Monday,12:00-13:30,0,0,Rainy,0.6855,20
IS3112,Marketing Management (MM),Lecture,Computing,37,Thursday,09:00-11:00,0,0,Rainy,0.6884,25
IS3093,Financial Management Concepts (FMC),Lecture,Computing,33,Monday,10:30-12:30,1,0,Sunny,0.8907,29
IT3153,Software Quality Assurance (SQA),Lecture,Computing,125,Wednesday,10:30-12:30,0,0,Rainy,0.8302,104
DS22012,Categorical Data Analysis (CDA),Lecture,Computing,78,Thursday,11:30-14:30,0,0,Sunny,0.9016,70
CS22023,Artificial Intelligence,Lecture,Computing,81,Friday,10:30-12:30,0,0,Sunny,0.7552,61
IT3182,Essentials of Artificial Intelligence (EAI),Lecture,Computing,123,Tuesday,09:00-11:00,0,0,Rainy,0.7288,90
IT3162,GIS and Remote Sensing (GIS&RS),Lecture,Computing,122,Thursday,11:30-14:30,0,1,Cloudy,0.99,121
DS22012,Categorical Data Analysis (CDA),Lecture,Computing,80,Friday,12:00-13:30,0,1,Sunny,0.9686,77
IS3083,E-Commerce (EC),Lecture,Computing,33,Thursday,09:00-11:00,0,0,Rainy,0.7405,24
CS22012,Advanced Data Structures & Algorithms,Lecture,Computing,78,Thursday,12:00-13:30,0,0,Sunny,0.846,66
SE22013,Software Project Management,Lecture,Computing,56,Tuesday,10:30-12:30,0,0,Cloudy,0.8753,49
IT3143,Independent Study (IS),Lecture,Computing,123,Friday,11:30-14:30,0,1,Sunny,0.9763,120
CS3253,Big Data Analytics (BA),Lecture,Computing,41,Tuesday,11:30-14:30,0,0,Rainy,0.8207,34
IT3133,Programming Distributed Components (PDC),Lecture,Computing,91,Tuesday,12:00-13:30,0,0,Sunny,0.7988,73
IT3123,Cloud Computing & Virtualization (CC&V),Lecture,Computing,90,Friday,14:30-16:30,0,0,Sunny,0.7052,63
IT3103,Service Oriented Web Programming (SOWP),Lecture,Computing,87,Wednesday,09:00-11:00,0,0,Sunny,0.7654,67
IS3093,Financial Management Concepts (FMC),Lecture,Computing,31,Friday,08:30-10:30,0,0,Sunny,0.6822,21
IS3102,Organizational Behaviour (OB),Lecture,Computing,30,Wednesday,08:30-10:30,0,0,Sunny,0.7632,23
IS3093,Financial Management Concepts (FMC),Lecture,Computing,35,Tuesday,10:30-12:30,0,1,Sunny,0.9561,33
IS3102,Organizational Behaviour (OB),Lecture,Computing,32,Tuesday,14:30-16:30,0,0,Rainy,0.7718,25
IS3093,Financial Management Concepts (FMC),Lecture,Computing,38,Tuesday,08:30-10:30,0,0,Sunny,0.7411,28
IS3112,Marketing Management (MM),Lecture,Computing,35,Wednesday,08:30-10:30,0,0,Rainy,0.7066,25
IS3093,Financial Management Concepts (FMC),Lecture,Computing,36,Tuesday,09:00-11:00,1,0,Sunny,0.8541,31
IT3153,Software Quality Assurance (SQA),Lecture,Computing,122,Wednesday,10:30-12:30,0,0,Cloudy,0.8996,110
IT3103,Service Oriented Web Programming (SOWP),Lecture,Computing,82,Wednesday,11:30-14:30,1,0,Rainy,0.9139,75
IS3093,Financial Management Concepts (FMC),Lecture,Computing,31,Monday,09:00-11:00,0,0,Sunny,0.7231,22
IT3143,Independent Study (IS),Lecture,Computing,124,Monday,09:00-11:00,0,0,Sunny,0.6444,80
IT3123,Cloud Computing & Virtualization (CC&V),Lecture,Computing,95,Monday,14:30-16:30,1,0,Rainy,0.7861,75
IS3083,E-Commerce (EC),Lecture,Computing,35,Tuesday,08:30-10:30,0,0,Sunny,0.7445,26
IS3102,Organizational Behaviour (OB),Lecture,Computing,31,Wednesday,11:30-14:30,0,0,Sunny,0.8694,27
IT3182,Essentials of Artificial Intelligence (EAI),Lecture,Computing,121,Wednesday,14:30-16:30,0,0,Cloudy,0.7923,96
IS3073,Management Information Systems (MIS),Lecture,Computing,32,Monday,11:30-14:30,0,0,Sunny,0.7757,25
CS3253,Big Data Analytics (BA),Lecture,Computing,37,Thursday,08:30-10:30,0,0,Sunny,0.7412,27
IT3153,Software Quality Assurance (SQA),Lecture,Computing,120,Tuesday,14:30-16:30,0,0,Sunny,0.8453,101
IT3153,Software Quality Assurance (SQA),Lecture,Computing,126,Thursday,08:30-10:30,0,0,Sunny,0.7936,100
IT3182,Essentials of Artificial Intelligence (EAI),Lecture,Computing,123,Friday,10:30-12:30,0,1,Sunny,0.9653,119
CS22023,Artificial Intelligence,Lecture,Computing,81,Tuesday,11:30-14:30,0,0,Sunny,0.8495,69
IS3093,Financial Management Concepts (FMC),Lecture,Computing,31,Monday,14:30-16:30,0,0,Sunny,0.7531,23
IT3133,Programming Distributed Components (PDC),Lecture,Computing,86,Tuesday,11:30-14:30,0,0,Rainy,0.8495,73
IT3153,Software Quality Assurance (SQA),Lecture,Computing,122,Monday,12:00-13:30,0,0,Cloudy,0.7214,88
IT3103,Service Oriented Web Programming (SOWP),Lecture,Computing,87,Friday,10:30-12:30,0,0,Rainy,0.7309,64
CS22012,Advanced Data Structures & Algorithms,Lecture,Computing,83,Friday,11:30-14:30,0,0,Sunny,0.8062,67
IS3093,Financial Management Concepts (FMC),Lecture,Computing,34,Wednesday,12:00-13:30,0,0,Rainy,0.7847,27
IT3133,Programming Distributed Components (PDC),Lecture,Computing,90,Monday,11:30-14:30,0,0,Rainy,0.723,65
IS3073,Management Information Systems (MIS),Lecture,Computing,38,Thursday,08:30-10:30,0,0,Sunny,0.7686,29
CS22012,Advanced Data Structures & Algorithms,Lecture,Computing,85,Wednesday,10:30-12:30,0,0,Sunny,0.8734,74
IS3112,Marketing Management (MM),Lecture,Computing,40,Friday,09:00-11:00,1,1,Rainy,0.9659,39
IT3113,Cyber Security (CS),Lecture,Computing,84,Tuesday,08:30-10:30,0,0,Sunny,0.7679,65
CS22023,Artificial Intelligence,Lecture,Computing,84,Wednesday,11:30-14:30,0,0,Sunny,0.8741,73
CS22012,Advanced Data Structures & Algorithms,Lecture,Computing,75,Wednesday,08:30-10:30,0,0,Sunny,0.7618,57
DS22012,Categorical Data Analysis (CDA),Lecture,Computing,78,Monday,09:00-11:00,0,0,Sunny,0.679,53
IS3112,Marketing Management (MM),Lecture,Computing,39,Tuesday,11:30-14:30,0,0,Cloudy,0.8173,32
IT3162,GIS and Remote Sensing (GIS&RS),Lecture,Computing,124,Friday,14:30-16:30,1,0,Sunny,0.8676,108
IT3143,Independent Study (IS),Lecture,Computing,121,Monday,10:30-12:30,0,0,Sunny,0.827,100
IT3162,GIS and Remote Sensing (GIS&RS),Lecture,Computing,122,Wednesday,12:00-13:30,0,0,Sunny,0.8262,101
IT3133,Programming Distributed Components (PDC),Lecture,Computing,87,Monday,08:30-10:30,0,0,Cloudy,0.6794,59
IT3113,Cyber Security (CS),Lecture,Computing,93,Wednesday,11:30-14:30,0,0,Sunny,0.8496,79
IT3182,Essentials of Artificial Intelligence (EAI),Lecture,Computing,125,Tuesday,11:30-14:30,0,0,Sunny,0.877,110
IT3123,Cloud Computing & Virtualization (CC&V),Lecture,Computing,90,Tuesday,12:00-13:30,0,1,Sunny,0.99,89
CS22023,Artificial Intelligence,Lecture,Computing,82,Friday,08:30-10:30,0,0,Cloudy,0.678,56
IT3162,GIS and Remote Sensing (GIS&RS),Lecture,Computing,125,Thursday,14:30-16:30,0,0,Sunny,0.7954,99
CS3253,Big Data Analytics (BA),Lecture,Computing,43,Tuesday,08:30-10:30,0,0,Rainy,0.7695,33
IT3143,Independent Study (IS),Lecture,Computing,125,Wednesday,12:00-13:30,0,0,Sunny,0.8233,103
IS3102,Organizational Behaviour (OB),Lecture,Computing,35,Wednesday,08:30-10:30,0,0,Rainy,0.7072,25
IT3103,Service Oriented Web Programming (SOWP),Lecture,Computing,91,Thursday,09:00-11:00,0,0,Sunny,0.7572,69
IT3153,Software Quality Assurance (SQA),Lecture,Computing,120,Wednesday,08:30-10:30,0,0,Sunny,0.7428,89
IT3153,Software Quality Assurance (SQA),Lecture,Computing,124,Monday,10:30-12:30,0,0,Cloudy,0.7993,99
IS3093,Financial Management Concepts (FMC),Lecture,Computing,35,Tuesday,09:00-11:00,0,0,Cloudy,0.7796,27
IT3103,Service Oriented Web Programming (SOWP),Lecture,Computing,91,Thursday,12:00-13:30,1,0,Cloudy,0.9018,82
IT3182,Essentials of Artificial Intelligence (EAI),Lecture,Computing,125,Monday,11:30-14:30,0,0,Rainy,0.7507,94
IT3182,Essentials of Artificial Intelligence (EAI),Lecture,Computing,127,Wednesday,08:30-10:30,0,0,Sunny,0.7644,97
IT3103,Service Oriented Web Programming (SOWP),Lecture,Computing,91,Thursday,14:30-16:30,0,0,Sunny,0.7795,71
IT3123,Cloud Computing & Virtualization (CC&V),Lecture,Computing,89,Tuesday,09:00-11:00,0,0,Sunny,0.7233,64
IT3162,GIS and Remote Sensing (GIS&RS),Lecture,Computing,125,Tuesday,10:30-12:30,0,1,Sunny,0.99,124
IS3093,Financial Management Concepts (FMC),Lecture,Computing,30,Monday,10:30-12:30,0,0,Rainy,0.7234,22
DS22012,Categorical Data Analysis (CDA),Lecture,Computing,81,Thursday,11:30-14:30,1,0,Sunny,0.9657,78
IS3083,E-Commerce (EC),Lecture,Computing,27,Friday,09:00-11:00,1,1,Cloudy,0.9552,26
IS3102,Organizational Behaviour (OB),Lecture,Computing,36,Wednesday,08:30-10:30,0,1,Sunny,0.9594,35
IS3083,E-Commerce (EC),Lecture,Computing,29,Friday,11:30-14:30,0,0,Sunny,0.78,23
CS22012,Advanced Data Structures & Algorithms,Lecture,Computing,81,Monday,09:00-11:00,0,0,Cloudy,0.6836,55
IT3123,Cloud Computing & Virtualization (CC&V),Lecture,Computing,90,Monday,08:30-10:30,1,0,Sunny,0.8093,73
SE22013,Software Project Management,Lecture,Computing,58,Wednesday,10:30-12:30,0,0,Sunny,0.8248,48
IT3162,GIS and Remote Sensing (GIS&RS),Lecture,Computing,126,Thursday,09:00-11:00,0,0,Sunny,0.7762,98
CS22012,Advanced Data Structures & Algorithms,Lecture,Computing,83,Monday,09:00-11:00,0,0,Cloudy,0.72,60
IS3083,E-Commerce (EC),Lecture,Computing,34,Monday,10:30-12:30,1,1,Cloudy,0.9562,33
SE22013,Software Project Management,Lecture,Computing,63,Tuesday,14:30-16:30,0,0,Sunny,0.8374,53
IS3083,E-Commerce (EC),Lecture,Computing,29,Wednesday,12:00-13:30,0,1,Rainy,0.959,28
DS22012,Categorical Data Analysis (CDA),Lecture,Computing,78,Thursday,11:30-14:30,0,1,Cloudy,0.9619,75
CS3253,Big Data Analytics (BA),Lecture,Computing,43,Thursday,12:00-13:30,0,1,Sunny,0.9837,42
IT3162,GIS and Remote Sensing (GIS&RS),Lecture,Computing,120,Wednesday,10:30-12:30,1,0,Cloudy,0.99,119
IT3123,Cloud Computing & Virtualization (CC&V),Lecture,Computing,86,Friday,12:00-13:30,0,0,Sunny,0.7594,65
IS3102,Organizational Behaviour (OB),Lecture,Computing,35,Friday,14:30-16:30,0,0,Cloudy,0.7556,26
IS3073,Management Information Systems (MIS),Lecture,Computing,33,Wednesday,12:00-13:30,0,0,Sunny,0.81,27
CS3253,Big Data Analytics (BA),Lecture,Computing,42,Tuesday,10:30-12:30,0,0,Cloudy,0.8582,36
CS22012,Advanced Data Structures & Algorithms,Lecture,Computing,82,Thursday,08:30-10:30,0,0,Sunny,0.777,64
IS3093,Financial Management Concepts (FMC),Lecture,Computing,38,Wednesday,12:00-13:30,1,0,Cloudy,0.9361,36
IS3112,Marketing Management (MM),Lecture,Computing,32,Wednesday,11:30-14:30,0,0,Rainy,0.8026,26
IS3093,Financial Management Concepts (FMC),Lecture,Computing,40,Wednesday,08:30-10:30,0,0,Sunny,0.7744,31
CS3253,Big Data Analytics (BA),Lecture,Computing,40,Tuesday,09:00-11:00,0,1,Rainy,0.9544,38
IT3153,Software Quality Assurance (SQA),Lecture,Computing,121,Tuesday,10:30-12:30,0,0,Sunny,0.8386,101
IS3083,E-Commerce (EC),Lecture,Computing,35,Tuesday,08:30-10:30,0,0,Cloudy,0.7257,25
IS3112,Marketing Management (MM),Lecture,Computing,37,Thursday,14:30-16:30,1,0,Rainy,0.8464,31
IS3093,Financial Management Concepts (FMC),Lecture,Computing,35,Monday,12:00-13:30,0,1,Cloudy,0.9816,34
IT3123,Cloud Computing & Virtualization (CC&V),Lecture,Computing,88,Wednesday,08:30-10:30,0,0,Cloudy,0.7572,67
IS3112,Marketing Management (MM),Lecture,Computing,39,Monday,10:30-12:30,1,0,Cloudy,0.9316,36
IS3112,Marketing Management (MM),Lecture,Computing,35,Wednesday,08:30-10:30,0,0,Sunny,0.7629,27
IS3093,Financial Management Concepts (FMC),Lecture,Computing,32,Friday,12:00-13:30,0,0,Sunny,0.7352,24
IS3093,Financial Management Concepts (FMC),Lecture,Computing,33,Thursday,10:30-12:30,0,1,Sunny,0.9704,32
CS3253,Big Data Analytics (BA),Lecture,Computing,39,Tuesday,12:00-13:30,0,0,Sunny,0.7891,31
IT3113,Cyber Security (CS),Lecture,Computing,91,Wednesday,09:00-11:00,0,0,Sunny,0.7832,71
CS3253,Big Data Analytics (BA),Lecture,Computing,36,Monday,10:30-12:30,0,0,Sunny,0.7836,28
CS3253,Big Data Analytics (BA),Lecture,Computing,42,Wednesday,09:00-11:00,1,0,Rainy,0.7907,33
IT3133,Programming Distributed Components (PDC),Lecture,Computing,87,Monday,11:30-14:30,1,0,Sunny,0.8993,78
CS22012,Advanced Data Structures & Algorithms,Lecture,Computing,82,Monday,11:30-14:30,0,0,Sunny,0.8283,68
IS3073,Management Information Systems (MIS),Lecture,Computing,35,Wednesday,11:30-14:30,0,0,Sunny,0.8787,31
IT3103,Service Oriented Web Programming (SOWP),Lecture,Computing,94,Wednesday,14:30-16:30,0,0,Sunny,0.8413,79
IT3123,Cloud Computing & Virtualization (CC&V),Lecture,Computing,84,Wednesday,09:00-11:00,0,1,Sunny,0.9747,82
IT3103,Service Oriented Web Programming (SOWP),Lecture,Computing,88,Friday,12:00-13:30,1,0,Sunny,0.8597,76
IS3112,Marketing Management (MM),Lecture,Computing,38,Thursday,14:30-16:30,1,0,Sunny,0.9433,36
IT3143,Independent Study (IS),Lecture,Computing,123,Thursday,11:30-14:30,0,0,Sunny,0.8501,105
IS3102,Organizational Behaviour (OB),Lecture,Computing,33,Tuesday,10:30-12:30,0,1,Cloudy,0.99,33
IS3073,Management Information Systems (MIS),Lecture,Computing,33,Thursday,12:00-13:30,0,0,Cloudy,0.8234,27
SE22013,Software Project Management,Lecture,Computing,54,Tuesday,11:30-14:30,0,0,Sunny,0.863,47
CS22012,Advanced Data Structures & Algorithms,Lecture,Computing,78,Tuesday,14:30-16:30,0,0,Rainy,0.8064,63
CS22012,Advanced Data Structures & Algorithms,Lecture,Computing,79,Thursday,10:30-12:30,0,0,Sunny,0.8621,68
IT3113,Cyber Security (CS),Lecture,Computing,87,Tuesday,09:00-11:00,0,1,Cloudy,0.9553,83
IS3073,Management Information Systems (MIS),Lecture,Computing,35,Monday,12:00-13:30,0,0,Sunny,0.7388,26
IT3113,Cyber Security (CS),Lecture,Computing,92,Friday,12:00-13:30,0,0,Sunny,0.7466,69
IS3093,Financial Management Concepts (FMC),Lecture,Computing,40,Monday,12:00-13:30,0,0,Cloudy,0.7645,31
IT3133,Programming Distributed Components (PDC),Lecture,Computing,89,Friday,12:00-13:30,1,1,Sunny,0.9543,85
IT3113,Cyber Security (CS),Lecture,Computing,82,Tuesday,12:00-13:30,0,1,Sunny,0.9564,78
IS3083,E-Commerce (EC),Lecture,Computing,35,Wednesday,08:30-10:30,0,0,Sunny,0.7397,26
CS22993,Group Project in Software Development,Lecture,Computing,78,Friday,12:00-13:30,0,0,Rainy,0.7171,56
IT3182,Essentials of Artificial Intelligence (EAI),Lecture,Computing,130,Wednesday,08:30-10:30,0,0,Cloudy,0.7719,100
CS22023,Artificial Intelligence,Lecture,Computing,82,Tuesday,11:30-14:30,0,0,Sunny,0.8675,71
IT3162,GIS and Remote Sensing (GIS&RS),Lecture,Computing,120,Thursday,12:00-13:30,0,0,Rainy,0.7769,93
SE22013,Software Project Management,Lecture,Computing,51,Monday,11:30-14:30,0,0,Sunny,0.8094,41
IT3153,Software Quality Assurance (SQA),Lecture,Computing,127,Friday,09:00-11:00,1,0,Cloudy,0.7765,99
SE22013,Software Project Management,Lecture,Computing,61,Tuesday,10:30-12:30,0,1,Rainy,0.9871,60
IT3113,Cyber Security (CS),Lecture,Computing,86,Thursday,10:30-12:30,1,0,Rainy,0.9407,81
IS3073,Management Information Systems (MIS),Lecture,Computing,33,Tuesday,09:00-11:00,0,0,Sunny,0.7754,26
IS3073,Management Information Systems (MIS),Lecture,Computing,33,Monday,10:30-12:30,0,1,Sunny,0.9694,32
IT3123,Cloud Computing & Virtualization (CC&V),Lecture,Computing,88,Wednesday,12:00-13:30,0,0,Sunny,0.8075,71
IS3102,Organizational Behaviour (OB),Lecture,Computing,34,Friday,11:30-14:30,0,0,Sunny,0.7488,25
IT3103,Service Oriented Web Programming (SOWP),Lecture,Computing,84,Tuesday,08:30-10:30,0,0,Cloudy,0.7812,66
IS3083,E-Commerce (EC),Lecture,Computing,40,Wednesday,11:30-14:30,0,0,Sunny,0.8613,34
IT3143,Independent Study (IS),Lecture,Computing,127,Tuesday,10:30-12:30,0,0,Sunny,0.8474,108
IS3102,Organizational Behaviour (OB),Lecture,Computing,33,Thursday,10:30-12:30,0,0,Cloudy,0.8219,27
IT3133,Programming Distributed Components (PDC),Lecture,Computing,89,Wednesday,11:30-14:30,1,0,Sunny,0.9639,86
IT3133,Programming Distributed Components (PDC),Lecture,Computing,84,Tuesday,08:30-10:30,0,0,Sunny,0.7982,67
IT3162,GIS and Remote Sensing (GIS&RS),Lecture,Computing,120,Thursday,11:30-14:30,0,0,Sunny,0.8366,100
IS3112,Marketing Management (MM),Lecture,Computing,39,Wednesday,11:30-14:30,0,0,Rainy,0.7726,30
DS22012,Categorical Data Analysis (CDA),Lecture,Computing,82,Monday,11:30-14:30,1,0,Rainy,0.8351,68
IS3093,Financial Management Concepts (FMC),Lecture,Computing,32,Wednesday,08:30-10:30,0,0,Sunny,0.7353,24
IS3112,Marketing Management (MM),Lecture,Computing,33,Monday,09:00-11:00,1,0,Cloudy,0.8048,27
IT3103,Service Oriented Web Programming (SOWP),Lecture,Computing,87,Friday,12:00-13:30,0,0,Cloudy,0.7456,65
CS22993,Group Project in Software Development,Lecture,Computing,81,Monday,09:00-11:00,0,0,Sunny,0.7351,60
IT3133,Programming Distributed Components (PDC),Lecture,Computing,87,Thursday,14:30-16:30,0,0,Cloudy,0.8081,70
IS3112,Marketing Management (MM),Lecture,Computing,37,Tuesday,14:30-16:30,0,0,Sunny,0.8263,31
SE22013,Software Project Management,Lecture,Computing,57,Monday,10:30-12:30,0,0,Sunny,0.79,45
IT3182,Essentials of Artificial Intelligence (EAI),Lecture,Computing,131,Thursday,09:00-11:00,0,0,Rainy,0.7338,96
IT3143,Independent Study (IS),Lecture,Computing,124,Thursday,08:30-10:30,0,0,Sunny,0.7665,95
DS22012,Categorical Data Analysis (CDA),Lecture,Computing,82,Wednesday,14:30-16:30,0,0,Sunny,0.8589,70
IT3123,Cloud Computing & Virtualization (CC&V),Lecture,Computing,96,Monday,10:30-12:30,0,0,Cloudy,0.7883,76
IT3153,Software Quality Assurance (SQA),Lecture,Computing,124,Thursday,10:30-12:30,0,0,Sunny,0.8951,111
IT3123,Cloud Computing & Virtualization (CC&V),Lecture,Computing,88,Monday,08:30-10:30,0,0,Rainy,0.6419,56
IT3182,Essentials of Artificial Intelligence (EAI),Lecture,Computing,122,Wednesday,14:30-16:30,0,0,Sunny,0.8026,98
CS22012,Advanced Data Structures & Algorithms,Lecture,Computing,79,Thursday,09:00-11:00,0,0,Rainy,0.7084,56
IS3112,Marketing Management (MM),Lecture,Computing,35,Monday,08:30-10:30,0,0,Sunny,0.6936,24
SE22013,Software Project Management,Lecture,Computing,54,Friday,08:30-10:30,0,0,Sunny,0.6858,37
IS3102,Organizational Behaviour (OB),Lecture,Computing,35,Tuesday,11:30-14:30,0,1,Sunny,0.9562,33
IS3112,Marketing Management (MM),Lecture,Computing,32,Monday,09:00-11:00,0,0,Sunny,0.6775,22
IT3153,Software Quality Assurance (SQA),Lecture,Computing,126,Monday,11:30-14:30,0,1,Sunny,0.9609,121
IS3093,Financial Management Concepts (FMC),Lecture,Computing,36,Wednesday,09:00-11:00,0,0,Sunny,0.772,28
CS3253,Big Data Analytics (BA),Lecture,Computing,32,Wednesday,08:30-10:30,0,0,Cloudy,0.7563,24
IT3113,Cyber Security (CS),Lecture,Computing,88,Tuesday,11:30-14:30,0,0,Sunny,0.8594,76
IS3112,Marketing Management (MM),Lecture,Computing,33,Monday,14:30-16:30,1,0,Sunny,0.85,28
IT3123,Cloud Computing & Virtualization (CC&V),Lecture,Computing,86,Friday,09:00-11:00,1,0,Cloudy,0.7964,68
IT3182,Essentials of Artificial Intelligence (EAI),Lecture,Computing,123,Thursday,12:00-13:30,0,0,Sunny,0.831,102
CS22012,Advanced Data Structures & Algorithms,Lecture,Computing,84,Thursday,11:30-14:30,0,0,Sunny,0.8601,72
IT3153,Software Quality Assurance (SQA),Lecture,Computing,127,Tuesday,12:00-13:30,0,0,Sunny,0.8075,103
IT3123,Cloud Computing & Virtualization (CC&V),Lecture,Computing,85,Wednesday,14:30-16:30,0,0,Sunny,0.8554,73
CS3253,Big Data Analytics (BA),Lecture,Computing,43,Wednesday,11:30-14:30,0,0,Cloudy,0.8482,36
IT3162,GIS and Remote Sensing (GIS&RS),Lecture,Computing,120,Thursday,11:30-14:30,0,0,Sunny,0.868,104
IT3143,Independent Study (IS),Lecture,Computing,124,Monday,14:30-16:30,1,0,Sunny,0.8885,110
IS3083,E-Commerce (EC),Lecture,Computing,31,Wednesday,14:30-16:30,0,1,Cloudy,0.9552,30
IT3133,Programming Distributed Components (PDC),Lecture,Computing,88,Friday,09:00-11:00,0,1,Sunny,0.99,87
DS22012,Categorical Data Analysis (CDA),Lecture,Computing,82,Friday,08:30-10:30,0,0,Sunny,0.727,60
SE22013,Software Project Management,Lecture,Computing,59,Friday,09:00-11:00,0,0,Sunny,0.7143,42
DS22012,Categorical Data Analysis (CDA),Lecture,Computing,76,Monday,11:30-14:30,0,0,Rainy,0.7486,57
CS22993,Group Project in Software Development,Lecture,Computing,87,Monday,14:30-16:30,0,0,Sunny,0.7072,62
IS3093,Financial Management Concepts (FMC),Lecture,Computing,36,Thursday,11:30-14:30,0,0,Sunny,0.8331,30
IS3073,Management Information Systems (MIS),Lecture,Computing,38,Monday,08:30-10:30,0,0,Sunny,0.6584,25
IS3083,E-Commerce (EC),Lecture,Computing,39,Thursday,11:30-14:30,0,0,Sunny,0.8683,34
IT3103,Service Oriented Web Programming (SOWP),Lecture,Computing,88,Tuesday,12:00-13:30,0,0,Cloudy,0.8129,72
IT3182,Essentials of Artificial Intelligence (EAI),Lecture,Computing,123,Wednesday,09:00-11:00,0,0,Sunny,0.7404,91
IT3182,Essentials of Artificial Intelligence (EAI),Lecture,Computing,116,Monday,14:30-16:30,0,0,Sunny,0.7386,86
CS22993,Group Project in Software Development,Lecture,Computing,83,Tuesday,08:30-10:30,1,0,Sunny,0.8463,70
IS3073,Management Information Systems (MIS),Lecture,Computing,39,Tuesday,09:00-11:00,0,0,Sunny,0.7829,31
CS22993,Group Project in Software Development,Lecture,Computing,78,Wednesday,08:30-10:30,0,1,Rainy,0.954,74
IT3103,Service Oriented Web Programming (SOWP),Lecture,Computing,90,Friday,09:00-11:00,0,0,Sunny,0.7258,65
DS22012,Categorical Data Analysis (CDA),Lecture,Computing,88,Monday,09:00-11:00,1,0,Cloudy,0.808,71
IS3112,Marketing Management (MM),Lecture,Computing,33,Thursday,09:00-11:00,0,0,Sunny,0.7745,26
IT3133,Programming Distributed Components (PDC),Lecture,Computing,84,Thursday,08:30-10:30,0,0,Sunny,0.7691,65
IT3123,Cloud Computing & Virtualization (CC&V),Lecture,Computing,90,Thursday,09:00-11:00,0,0,Sunny,0.7559,68
IT3153,Software Quality Assurance (SQA),Lecture,Computing,119,Wednesday,08:30-10:30,1,0,Rainy,0.8107,96
IT3162,GIS and Remote Sensing (GIS&RS),Lecture,Computing,130,Friday,09:00-11:00,1,1,Cloudy,0.9729,126
IT3153,Software Quality Assurance (SQA),Lecture,Computing,124,Monday,11:30-14:30,0,1,Sunny,0.9622,119
CS22023,Artificial Intelligence,Lecture,Computing,86,Thursday,14:30-16:30,0,0,Rainy,0.7582,65
IT3113,Cyber Security (CS),Lecture,Computing,94,Friday,11:30-14:30,0,0,Sunny,0.8033,76
CS22023,Artificial Intelligence,Lecture,Computing,80,Thursday,11:30-14:30,0,1,Sunny,0.9799,78
IT3153,Software Quality Assurance (SQA),Lecture,Computing,117,Tuesday,09:00-11:00,0,0,Sunny,0.7316,86
IS3083,E-Commerce (EC),Lecture,Computing,34,Wednesday,10:30-12:30,0,1,Sunny,0.9625,33
CS22012,Advanced Data Structures & Algorithms,Lecture,Computing,82,Tuesday,09:00-11:00,0,0,Rainy,0.6724,55
IS3073,Management Information Systems (MIS),Lecture,Computing,35,Tuesday,10:30-12:30,0,0,Sunny,0.8018,28
IT3133,Programming Distributed Components (PDC),Lecture,Computing,92,Thursday,10:30-12:30,0,0,Rainy,0.8272,76
IS3112,Marketing Management (MM),Lecture,Computing,36,Friday,09:00-11:00,1,0,Sunny,0.8054,29
IT3113,Cyber Security (CS),Lecture,Computing,86,Wednesday,08:30-10:30,1,0,Sunny,0.8259,71
CS22023,Artificial Intelligence,Lecture,Computing,81,Wednesday,12:00-13:30,1,0,Cloudy,0.9109,74
IT3103,Service Oriented Web Programming (SOWP),Lecture,Computing,93,Monday,12:00-13:30,0,0,Rainy,0.6742,63
IS3112,Marketing Management (MM),Lecture,Computing,36,Tuesday,09:00-11:00,0,0,Sunny,0.7706,28
CS22012,Advanced Data Structures & Algorithms,Lecture,Computing,84,Tuesday,12:00-13:30,0,0,Sunny,0.7955,67
IS3112,Marketing Management (MM),Lecture,Computing,28,Friday,12:00-13:30,0,0,Sunny,0.7415,21
DS22012,Categorical Data Analysis (CDA),Lecture,Computing,84,Monday,12:00-13:30,0,1,Sunny,0.943,79
IS3083,E-Commerce (EC),Lecture,Computing,28,Wednesday,09:00-11:00,0,0,Sunny,0.7596,21
CS22023,Artificial Intelligence,Lecture,Computing,82,Thursday,14:30-16:30,0,0,Rainy,0.7719,63
IT3143,Independent Study (IS),Lecture,Computing,129,Friday,08:30-10:30,0,0,Cloudy,0.7073,91
IT3182,Essentials of Artificial Intelligence (EAI),Lecture,Computing,122,Wednesday,08:30-10:30,0,0,Cloudy,0.7564,92
IS3083,E-Commerce (EC),Lecture,Computing,42,Thursday,12:00-13:30,1,0,Sunny,0.9249,39
IS3093,Financial Management Concepts (FMC),Lecture,Computing,33,Monday,08:30-10:30,0,1,Sunny,0.9867,33
DS22012,Categorical Data Analysis (CDA),Lecture,Computing,82,Thursday,09:00-11:00,0,1,Sunny,0.9509,78
IS3083,E-Commerce (EC),Lecture,Computing,30,Thursday,12:00-13:30,0,0,Sunny,0.8035,24
IT3162,GIS and Remote Sensing (GIS&RS),Lecture,Computing,129,Monday,10:30-12:30,0,0,Cloudy,0.8001,103
IS3073,Management Information Systems (MIS),Lecture,Computing,34,Tuesday,09:00-11:00,1,0,Cloudy,0.8908,30
IS3102,Organizational Behaviour (OB),Lecture,Computing,34,Friday,08:30-10:30,0,1,Sunny,0.9835,33
CS3253,Big Data Analytics (BA),Lecture,Computing,40,Tuesday,09:00-11:00,0,0,Sunny,0.7861,31
IT3103,Service Oriented Web Programming (SOWP),Lecture,Computing,88,Monday,08:30-10:30,0,0,Sunny,0.6943,61
IS3073,Management Information Systems (MIS),Lecture,Computing,33,Tuesday,12:00-13:30,0,0,Cloudy,0.8184,27
IT3113,Cyber Security (CS),Lecture,Computing,85,Monday,11:30-14:30,0,0,Sunny,0.8021,68
CS22012,Advanced Data Structures & Algorithms,Lecture,Computing,87,Monday,08:30-10:30,0,0,Cloudy,0.6979,61
CS22023,Artificial Intelligence,Lecture,Computing,79,Monday,11:30-14:30,0,0,Sunny,0.7835,62
IS3102,Organizational Behaviour (OB),Lecture,Computing,36,Monday,08:30-10:30,0,0,Rainy,0.625,22
IT3133,Programming Distributed Components (PDC),Lecture,Computing,90,Thursday,08:30-10:30,0,0,Rainy,0.7247,65
IT3103,Service Oriented Web Programming (SOWP),Lecture,Computing,86,Thursday,08:30-10:30,1,0,Cloudy,0.8677,75
SE22013,Software Project Management,Lecture,Computing,55,Wednesday,09:00-11:00,0,1,Sunny,0.9803,54
IT3153,Software Quality Assurance (SQA),Lecture,Computing,122,Friday,09:00-11:00,1,1,Sunny,0.9475,116
IT3103,Service Oriented Web Programming (SOWP),Lecture,Computing,91,Thursday,08:30-10:30,0,1,Cloudy,0.9391,85
IT3153,Software Quality Assurance (SQA),Lecture,Computing,128,Tuesday,09:00-11:00,0,0,Rainy,0.7016,90
IS3102,Organizational Behaviour (OB),Lecture,Computing,37,Tuesday,14:30-16:30,0,0,Sunny,0.8073,30
DS22012,Categorical Data Analysis (CDA),Lecture,Computing,82,Thursday,11:30-14:30,0,0,Sunny,0.8331,68
SE22013,Software Project Management,Lecture,Computing,54,Friday,09:00-11:00,0,0,Rainy,0.6804,37
IS3083,E-Commerce (EC),Lecture,Computing,32,Wednesday,12:00-13:30,1,0,Cloudy,0.9385,30
SE22013,Software Project Management,Lecture,Computing,59,Wednesday,12:00-13:30,1,0,Cloudy,0.9405,55
IT3113,Cyber Security (CS),Lecture,Computing,83,Friday,09:00-11:00,0,0,Cloudy,0.6753,56
IT3153,Software Quality Assurance (SQA),Lecture,Computing,122,Thursday,08:30-10:30,0,0,Cloudy,0.7274,89
IT3103,Service Oriented Web Programming (SOWP),Lecture,Computing,83,Thursday,08:30-10:30,1,0,Rainy,0.7983,66
CS22012,Advanced Data Structures & Algorithms,Lecture,Computing,84,Monday,08:30-10:30,0,1,Cloudy,0.9642,81
CS22993,Group Project in Software Development,Lecture,Computing,81,Monday,12:00-13:30,0,0,Sunny,0.7679,62
IT3103,Service Oriented Web Programming (SOWP),Lecture,Computing,94,Tuesday,09:00-11:00,0,0,Sunny,0.7421,70
IT3123,Cloud Computing & Virtualization (CC&V),Lecture,Computing,89,Tuesday,11:30-14:30,0,0,Cloudy,0.846,75
IS3093,Financial Management Concepts (FMC),Lecture,Computing,34,Thursday,08:30-10:30,1,0,Sunny,0.8819,30
IS3073,Management Information Systems (MIS),Lecture,Computing,32,Tuesday,09:00-11:00,0,0,Rainy,0.7138,23
CS22012,Advanced Data Structures & Algorithms,Lecture,Computing,78,Thursday,10:30-12:30,1,0,Sunny,0.9263,72
IS3093,Financial Management Concepts (FMC),Lecture,Computing,33,Friday,10:30-12:30,0,0,Cloudy,0.772,25
IS3102,Organizational Behaviour (OB),Lecture,Computing,36,Tuesday,10:30-12:30,1,1,Sunny,0.9849,35
IT3143,Independent Study (IS),Lecture,Computing,131,Monday,14:30-16:30,0,0,Sunny,0.7511,98
CS22993,Group Project in Software Development,Lecture,Computing,79,Thursday,12:00-13:30,0,0,Sunny,0.8131,64
CS22012,Advanced Data Structures & Algorithms,Lecture,Computing,79,Tuesday,09:00-11:00,0,1,Sunny,0.99,78
IT3153,Software Quality Assurance (SQA),Lecture,Computing,123,Friday,14:30-16:30,0,0,Cloudy,0.7307,90
SE22013,Software Project Management,Lecture,Computing,52,Wednesday,08:30-10:30,0,1,Sunny,0.9629,50
IT3123,Cloud Computing & Virtualization (CC&V),Lecture,Computing,88,Thursday,10:30-12:30,0,0,Sunny,0.8843,78
IS3083,E-Commerce (EC),Lecture,Computing,31,Monday,08:30-10:30,0,0,Sunny,0.665,21
CS22023,Artificial Intelligence,Lecture,Computing,79,Thursday,09:00-11:00,0,0,Sunny,0.7598,60
CS22993,Group Project in Software Development,Lecture,Computing,82,Tuesday,10:30-12:30,0,0,Sunny,0.8723,72
IT3103,Service Oriented Web Programming (SOWP),Lecture,Computing,93,Tuesday,08:30-10:30,0,0,Sunny,0.7838,73
IS3073,Management Information Systems (MIS),Lecture,Computing,34,Thursday,12:00-13:30,0,0,Cloudy,0.7799,27
IT3113,Cyber Security (CS),Lecture,Computing,85,Thursday,14:30-16:30,0,0,Cloudy,0.8514,72
IT3103,Service Oriented Web Programming (SOWP),Lecture,Computing,89,Thursday,09:00-11:00,0,1,Sunny,0.975,87
DS22012,Categorical Data Analysis (CDA),Lecture,Computing,79,Thursday,08:30-10:30,0,0,Sunny,0.7807,62
IT3153,Software Quality Assurance (SQA),Lecture,Computing,123,Tuesday,10:30-12:30,1,1,Cloudy,0.99,122
IT3162,GIS and Remote Sensing (GIS&RS),Lecture,Computing,125,Thursday,12:00-13:30,0,1,Sunny,0.986,123
IT3162,GIS and Remote Sensing (GIS&RS),Lecture,Computing,125,Thursday,09:00-11:00,0,0,Sunny,0.7134,89
IS3093,Financial Management Concepts (FMC),Lecture,Computing,36,Friday,09:00-11:00,0,1,Rainy,0.9726,35
IT3143,Independent Study (IS),Lecture,Computing,127,Friday,08:30-10:30,0,1,Cloudy,0.9483,120
IS3102,Organizational Behaviour (OB),Lecture,Computing,30,Monday,08:30-10:30,0,0,Sunny,0.6543,20
CS22012,Advanced Data Structures & Algorithms,Lecture,Computing,82,Tuesday,14:30-16:30,0,0,Cloudy,0.788,65
IT3123,Cloud Computing & Virtualization (CC&V),Lecture,Computing,94,Monday,09:00-11:00,1,1,Sunny,0.9624,90
CS3253,Big Data Analytics (BA),Lecture,Computing,37,Tuesday,08:30-10:30,0,1,Rainy,0.9698,36
CS22023,Artificial Intelligence,Lecture,Computing,85,Monday,11:30-14:30,0,0,Sunny,0.7959,68
CS22012,Advanced Data Structures & Algorithms,Lecture,Computing,78,Tuesday,08:30-10:30,1,0,Sunny,0.8768,68
DS22012,Categorical Data Analysis (CDA),Lecture,Computing,83,Tuesday,08:30-10:30,0,0,Cloudy,0.7855,65
DS22012,Categorical Data Analysis (CDA),Lecture,Computing,88,Wednesday,11:30-14:30,0,0,Sunny,0.8513,75
CS3253,Big Data Analytics (BA),Lecture,Computing,34,Friday,08:30-10:30,0,1,Sunny,0.9862,34
IT3123,Cloud Computing & Virtualization (CC&V),Lecture,Computing,89,Friday,11:30-14:30,0,0,Sunny,0.7698,69
DS22012,Categorical Data Analysis (CDA),Lecture,Computing,81,Friday,10:30-12:30,0,0,Rainy,0.735,60
IT3133,Programming Distributed Components (PDC),Lecture,Computing,94,Tuesday,08:30-10:30,0,0,Sunny,0.7401,70
IS3083,E-Commerce (EC),Lecture,Computing,33,Monday,09:00-11:00,1,0,Cloudy,0.7682,25
IT3103,Service Oriented Web Programming (SOWP),Lecture,Computing,84,Thursday,12:00-13:30,0,1,Sunny,0.99,83
CS22993,Group Project in Software Development,Lecture,Computing,86,Monday,11:30-14:30,1,0,Sunny,0.8839,76
IT3133,Programming Distributed Components (PDC),Lecture,Computing,87,Tuesday,10:30-12:30,0,0,Cloudy,0.8519,74
SE22013,Software Project Management,Lecture,Computing,57,Wednesday,14:30-16:30,0,0,Sunny,0.8028,46
IT3133,Programming Distributed Components (PDC),Lecture,Computing,88,Thursday,12:00-13:30,1,0,Sunny,0.9085,80
IT3123,Cloud Computing & Virtualization (CC&V),Lecture,Computing,92,Tuesday,08:30-10:30,0,0,Sunny,0.768,71
IS3093,Financial Management Concepts (FMC),Lecture,Computing,38,Monday,14:30-16:30,1,1,Sunny,0.9407,36
IS3083,E-Commerce (EC),Lecture,Computing,35,Wednesday,08:30-10:30,0,0,Cloudy,0.7696,27
CS22023,Artificial Intelligence,Lecture,Computing,82,Wednesday,14:30-16:30,0,0,Cloudy,0.8166,67
IT3182,Essentials of Artificial Intelligence (EAI),Lecture,Computing,121,Monday,11:30-14:30,0,0,Sunny,0.7815,95
IT3143,Independent Study (IS),Lecture,Computing,123,Tuesday,10:30-12:30,0,0,Sunny,0.8511,105
IT3143,Independent Study (IS),Lecture,Computing,120,Monday,12:00-13:30,0,0,Sunny,0.7299,88
IT3153,Software Quality Assurance (SQA),Lecture,Computing,121,Tuesday,14:30-16:30,1,0,Sunny,0.9212,111
IS3112,Marketing Management (MM),Lecture,Computing,35,Monday,14:30-16:30,1,1,Rainy,0.984,34
IS3093,Financial Management Concepts (FMC),Lecture,Computing,30,Thursday,11:30-14:30,0,0,Sunny,0.868,26
IS3073,Management Information Systems (MIS),Lecture,Computing,34,Tuesday,11:30-14:30,0,0,Sunny,0.852,29
IS3093,Financial Management Concepts (FMC),Lecture,Computing,35,Thursday,12:00-13:30,1,0,Sunny,0.9511,33
IT3123,Cloud Computing & Virtualization (CC&V),Lecture,Computing,86,Monday,11:30-14:30,0,0,Cloudy,0.782,67
CS22993,Group Project in Software Development,Lecture,Computing,83,Friday,10:30-12:30,1,1,Cloudy,0.9878,82
CS22023,Artificial Intelligence,Lecture,Computing,82,Wednesday,12:00-13:30,0,0,Cloudy,0.7925,65
IS3102,Organizational Behaviour (OB),Lecture,Computing,37,Tuesday,12:00-13:30,0,0,Sunny,0.8275,31
IT3143,Independent Study (IS),Lecture,Computing,121,Monday,10:30-12:30,0,0,Rainy,0.7487,91
CS22993,Group Project in Software Development,Lecture,Computing,83,Friday,08:30-10:30,0,1,Sunny,0.9577,79
IS3093,Financial Management Concepts (FMC),Lecture,Computing,35,Monday,10:30-12:30,1,0,Cloudy,0.896,31
CS22993,Group Project in Software Development,Lecture,Computing,82,Thursday,08:30-10:30,1,1,Sunny,0.9883,81
IS3093,Financial Management Concepts (FMC),Lecture,Computing,36,Monday,12:00-13:30,0,0,Sunny,0.725,26
DS22012,Categorical Data Analysis (CDA),Lecture,Computing,86,Tuesday,10:30-12:30,0,0,Sunny,0.8717,75
CS22993,Group Project in Software Development,Lecture,Computing,84,Thursday,09:00-11:00,0,0,Sunny,0.7462,63
IT3162,GIS and Remote Sensing (GIS&RS),Lecture,Computing,129,Monday,09:00-11:00,1,0,Sunny,0.7829,101
IS3083,E-Commerce (EC),Lecture,Computing,36,Friday,11:30-14:30,0,0,Sunny,0.8342,30
SE22013,Software Project Management,Lecture,Computing,58,Friday,12:00-13:30,0,0,Rainy,0.6795,39
DS22012,Categorical Data Analysis (CDA),Lecture,Computing,80,Wednesday,11:30-14:30,1,0,Sunny,0.99,79
IT3123,Cloud Computing & Virtualization (CC&V),Lecture,Computing,88,Friday,08:30-10:30,0,0,Cloudy,0.7001,62
IT3153,Software Quality Assurance (SQA),Lecture,Computing,128,Tuesday,09:00-11:00,0,0,Sunny,0.8028,103
IT3153,Software Quality Assurance (SQA),Lecture,Computing,126,Wednesday,12:00-13:30,0,0,Rainy,0.7529,95
IT3103,Service Oriented Web Programming (SOWP),Lecture,Computing,89,Thursday,11:30-14:30,0,0,Rainy,0.807,72
IT3133,Programming Distributed Components (PDC),Lecture,Computing,94,Tuesday,12:00-13:30,0,1,Rainy,0.9568,90
IS3083,E-Commerce (EC),Lecture,Computing,35,Friday,09:00-11:00,0,0,Sunny,0.6974,24
IS3112,Marketing Management (MM),Lecture,Computing,32,Wednesday,10:30-12:30,1,0,Rainy,0.9347,30
IT3162,GIS and Remote Sensing (GIS&RS),Lecture,Computing,130,Tuesday,09:00-11:00,0,0,Sunny,0.7453,97
IT3153,Software Quality Assurance (SQA),Lecture,Computing,125,Monday,10:30-12:30,0,0,Sunny,0.8145,102
CS22993,Group Project in Software Development,Lecture,Computing,81,Monday,08:30-10:30,0,0,Sunny,0.6913,56
IT3123,Cloud Computing & Virtualization (CC&V),Lecture,Computing,87,Wednesday,12:00-13:30,1,0,Sunny,0.8984,78
IT3123,Cloud Computing & Virtualization (CC&V),Lecture,Computing,84,Tuesday,11:30-14:30,1,0,Sunny,0.9654,81
IT3113,Cyber Security (CS),Lecture,Computing,92,Thursday,08:30-10:30,0,0,Sunny,0.7286,67
CS22023,Artificial Intelligence,Lecture,Computing,81,Friday,10:30-12:30,0,0,Cloudy,0.779,63
CS22023,Artificial Intelligence,Lecture,Computing,84,Friday,10:30-12:30,0,0,Rainy,0.7392,62
IS3102,Organizational Behaviour (OB),Lecture,Computing,29,Tuesday,11:30-14:30,0,1,Rainy,0.99,29
IT3143,Independent Study (IS),Lecture,Computing,120,Monday,11:30-14:30,0,0,Sunny,0.7895,95
IT3113,Cyber Security (CS),Lecture,Computing,88,Thursday,10:30-12:30,0,0,Sunny,0.8319,73
IT3143,Independent Study (IS),Lecture,Computing,124,Monday,09:00-11:00,0,1,Cloudy,0.9713,120
IT3113,Cyber Security (CS),Lecture,Computing,93,Monday,14:30-16:30,0,0,Sunny,0.7536,70
IT3113,Cyber Security (CS),Lecture,Computing,89,Monday,12:00-13:30,0,0,Sunny,0.7355,65
CS22023,Artificial Intelligence,Lecture,Computing,77,Wednesday,10:30-12:30,1,1,Sunny,0.9872,76
IT3153,Software Quality Assurance (SQA),Lecture,Computing,128,Wednesday,08:30-10:30,0,0,Cloudy,0.7515,96
IT3143,Independent Study (IS),Lecture,Computing,124,Tuesday,09:00-11:00,0,0,Cloudy,0.7678,95
IS3093,Financial Management Concepts (FMC),Lecture,Computing,35,Monday,10:30-12:30,0,0,Cloudy,0.7899,28
IS3112,Marketing Management (MM),Lecture,Computing,34,Tuesday,14:30-16:30,0,0,Rainy,0.7656,26
IS3102,Organizational Behaviour (OB),Lecture,Computing,26,Friday,09:00-11:00,0,0,Sunny,0.6868,18
IT3113,Cyber Security (CS),Lecture,Computing,88,Wednesday,14:30-16:30,0,0,Cloudy,0.8289,73
IT3153,Software Quality Assurance (SQA),Lecture,Computing,121,Monday,09:00-11:00,0,1,Rainy,0.9257,112
IT3133,Programming Distributed Components (PDC),Lecture,Computing,85,Thursday,12:00-13:30,0,1,Sunny,0.9777,83
CS22023,Artificial Intelligence,Lecture,Computing,81,Monday,08:30-10:30,0,0,Sunny,0.697,56
IT3103,Service Oriented Web Programming (SOWP),Lecture,Computing,86,Monday,08:30-10:30,1,1,Sunny,0.9766,84
IT3153,Software Quality Assurance (SQA),Lecture,Computing,123,Tuesday,10:30-12:30,0,0,Cloudy,0.8723,107
IT3162,GIS and Remote Sensing (GIS&RS),Lecture,Computing,127,Monday,11:30-14:30,0,1,Sunny,0.9412,120
IS3073,Management Information Systems (MIS),Lecture,Computing,31,Friday,12:00-13:30,1,0,Cloudy,0.8549,27
IS3083,E-Commerce (EC),Lecture,Computing,37,Wednesday,10:30-12:30,0,0,Cloudy,0.8245,31
SE22013,Software Project Management,Lecture,Computing,59,Thursday,12:00-13:30,1,0,Cloudy,0.9233,54
IS3102,Organizational Behaviour (OB),Lecture,Computing,40,Wednesday,09:00-11:00,0,0,Sunny,0.8059,32
IT3153,Software Quality Assurance (SQA),Lecture,Computing,123,Friday,08:30-10:30,0,0,Sunny,0.6971,86
IS3102,Organizational Behaviour (OB),Lecture,Computing,36,Thursday,14:30-16:30,0,0,Sunny,0.8576,31
IT3153,Software Quality Assurance (SQA),Lecture,Computing,130,Tuesday,11:30-14:30,1,0,Rainy,0.8897,116
IT3153,Software Quality Assurance (SQA),Lecture,Computing,119,Friday,09:00-11:00,0,0,Sunny,0.6607,79
IS3073,Management Information Systems (MIS),Lecture,Computing,33,Monday,10:30-12:30,1,0,Sunny,0.8837,29
CS22012,Advanced Data Structures & Algorithms,Lecture,Computing,81,Wednesday,12:00-13:30,0,0,Sunny,0.8491,69
DS22012,Categorical Data Analysis (CDA),Lecture,Computing,86,Tuesday,10:30-12:30,0,0,Cloudy,0.8723,75
DS22012,Categorical Data Analysis (CDA),Lecture,Computing,84,Tuesday,10:30-12:30,0,0,Cloudy,0.8988,75
IT3123,Cloud Computing & Virtualization (CC&V),Lecture,Computing,87,Monday,11:30-14:30,0,0,Sunny,0.8001,70
IT3103,Service Oriented Web Programming (SOWP),Lecture,Computing,89,Thursday,08:30-10:30,0,1,Sunny,0.9294,83
IS3112,Marketing Management (MM),Lecture,Computing,36,Thursday,08:30-10:30,0,0,Sunny,0.7695,28
IS3083,E-Commerce (EC),Lecture,Computing,30,Monday,10:30-12:30,0,0,Sunny,0.7858,24
IT3123,Cloud Computing & Virtualization (CC&V),Lecture,Computing,91,Tuesday,10:30-12:30,1,0,Rainy,0.9157,83
IT3182,Essentials of Artificial Intelligence (EAI),Lecture,Computing,120,Monday,11:30-14:30,0,0,Sunny,0.799,96
IS3073,Management Information Systems (MIS),Lecture,Computing,38,Tuesday,08:30-10:30,0,0,Rainy,0.7283,28
IT3113,Cyber Security (CS),Lecture,Computing,87,Wednesday,11:30-14:30,0,1,Sunny,0.9646,84
IT3143,Independent Study (IS),Lecture,Computing,120,Friday,09:00-11:00,0,0,Cloudy,0.6913,83
CS3253,Big Data Analytics (BA),Lecture,Computing,37,Thursday,14:30-16:30,0,0,Cloudy,0.8359,31
IT3103,Service Oriented Web Programming (SOWP),Lecture,Computing,90,Wednesday,09:00-11:00,0,0,Sunny,0.8002,72
IS3073,Management Information Systems (MIS),Lecture,Computing,28,Monday,12:00-13:30,1,0,Cloudy,0.8667,24
CS22993,Group Project in Software Development,Lecture,Computing,82,Thursday,10:30-12:30,0,0,Sunny,0.8475,69
DS22012,Categorical Data Analysis (CDA),Lecture,Computing,81,Wednesday,10:30-12:30,0,0,Sunny,0.896,73
SE22013,Software Project Management,Lecture,Computing,57,Wednesday,10:30-12:30,1,0,Sunny,0.941,54
CS22993,Group Project in Software Development,Lecture,Computing,83,Thursday,08:30-10:30,0,0,Cloudy,0.7549,63
IT3182,Essentials of Artificial Intelligence (EAI),Lecture,Computing,126,Thursday,10:30-12:30,0,0,Sunny,0.8992,113
IT3103,Service Oriented Web Programming (SOWP),Lecture,Computing,93,Wednesday,08:30-10:30,0,0,Cloudy,0.77,72
IT3153,Software Quality Assurance (SQA),Lecture,Computing,126,Tuesday,11:30-14:30,0,0,Cloudy,0.8721,110
IS3112,Marketing Management (MM),Lecture,Computing,31,Monday,09:00-11:00,0,1,Sunny,0.9348,29
CS22023,Artificial Intelligence,Lecture,Computing,77,Tuesday,11:30-14:30,1,0,Sunny,0.9607,74
IT3113,Cyber Security (CS),Lecture,Computing,90,Tuesday,08:30-10:30,0,0,Sunny,0.7729,70
IT3103,Service Oriented Web Programming (SOWP),Lecture,Computing,90,Thursday,08:30-10:30,1,0,Sunny,0.8776,79
CS22993,Group Project in Software Development,Lecture,Computing,80,Monday,10:30-12:30,1,0,Sunny,0.9192,74
IS3112,Marketing Management (MM),Lecture,Computing,37,Tuesday,14:30-16:30,0,0,Sunny,0.8016,30
IS3083,E-Commerce (EC),Lecture,Computing,35,Friday,08:30-10:30,0,0,Cloudy,0.6849,24
IT3153,Software Quality Assurance (SQA),Lecture,Computing,125,Thursday,10:30-12:30,0,0,Sunny,0.8478,106
IS3083,E-Commerce (EC),Lecture,Computing,36,Wednesday,08:30-10:30,0,0,Cloudy,0.7402,27
IS3083,E-Commerce (EC),Lecture,Computing,31,Monday,08:30-10:30,0,0,Sunny,0.6979,22
IS3102,Organizational Behaviour (OB),Lecture,Computing,29,Monday,09:00-11:00,0,0,Sunny,0.7027,20
CS3253,Big Data Analytics (BA),Lecture,Computing,41,Friday,11:30-14:30,0,0,Sunny,0.7612,31
IS3102,Organizational Behaviour (OB),Lecture,Computing,34,Monday,12:00-13:30,0,0,Sunny,0.7587,26
IS3083,E-Commerce (EC),Lecture,Computing,36,Thursday,12:00-13:30,0,0,Cloudy,0.8299,30
CS22012,Advanced Data Structures & Algorithms,Lecture,Computing,79,Wednesday,10:30-12:30,0,0,Sunny,0.8511,67
IT3182,Essentials of Artificial Intelligence (EAI),Lecture,Computing,121,Monday,12:00-13:30,0,0,Cloudy,0.7281,88
IT3162,GIS and Remote Sensing (GIS&RS),Lecture,Computing,122,Thursday,11:30-14:30,0,0,Sunny,0.8489,104
SE22013,Software Project Management,Lecture,Computing,57,Thursday,11:30-14:30,0,0,Sunny,0.8558,49
IS3073,Management Information Systems (MIS),Lecture,Computing,36,Friday,10:30-12:30,1,1,Sunny,0.9591,35
IT3123,Cloud Computing & Virtualization (CC&V),Lecture,Computing,84,Tuesday,10:30-12:30,0,0,Sunny,0.8468,71
IT3113,Cyber Security (CS),Lecture,Computing,88,Thursday,11:30-14:30,0,0,Sunny,0.8403,74
CS22993,Group Project in Software Development,Lecture,Computing,82,Friday,10:30-12:30,0,0,Sunny,0.7866,65
IS3102,Organizational Behaviour (OB),Lecture,Computing,37,Friday,09:00-11:00,0,0,Cloudy,0.681,25
IT3182,Essentials of Artificial Intelligence (EAI),Lecture,Computing,122,Tuesday,09:00-11:00,0,1,Sunny,0.9477,116
CS3253,Big Data Analytics (BA),Lecture,Computing,44,Tuesday,12:00-13:30,1,0,Sunny,0.8663,38
CS22023,Artificial Intelligence,Lecture,Computing,81,Wednesday,10:30-12:30,0,0,Sunny,0.8359,68
IT3162,GIS and Remote Sensing (GIS&RS),Lecture,Computing,120,Thursday,11:30-14:30,0,0,Sunny,0.8475,102
CS3253,Big Data Analytics (BA),Lecture,Computing,44,Wednesday,12:00-13:30,0,0,Sunny,0.8067,35
CS22023,Artificial Intelligence,Lecture,Computing,87,Thursday,10:30-12:30,0,0,Cloudy,0.8389,73
IS3083,E-Commerce (EC),Lecture,Computing,31,Monday,09:00-11:00,0,1,Cloudy,0.9694,30
IT3162,GIS and Remote Sensing (GIS&RS),Lecture,Computing,117,Thursday,10:30-12:30,0,0,Rainy,0.8383,98
CS22993,Group Project in Software Development,Lecture,Computing,80,Monday,12:00-13:30,1,0,Sunny,0.8613,69
IT3133,Programming Distributed Components (PDC),Lecture,Computing,89,Friday,14:30-16:30,0,1,Sunny,0.9894,88
CS3253,Big Data Analytics (BA),Lecture,Computing,42,Thursday,11:30-14:30,0,1,Sunny,0.971,41
IT3182,Essentials of Artificial Intelligence (EAI),Lecture,Computing,121,Wednesday,11:30-14:30,0,0,Cloudy,0.8199,99
DS22012,Categorical Data Analysis (CDA),Lecture,Computing,82,Tuesday,11:30-14:30,0,0,Rainy,0.8022,66
IS3083,E-Commerce (EC),Lecture,Computing,36,Monday,08:30-10:30,1,0,Sunny,0.8105,29
IT3133,Programming Distributed Components (PDC),Lecture,Computing,88,Friday,11:30-14:30,0,0,Cloudy,0.7733,68
IS3102,Organizational Behaviour (OB),Lecture,Computing,34,Friday,08:30-10:30,0,1,Sunny,0.9851,33
IS3112,Marketing Management (MM),Lecture,Computing,35,Wednesday,14:30-16:30,1,1,Sunny,0.9491,33
IS3112,Marketing Management (MM),Lecture,Computing,35,Thursday,08:30-10:30,0,0,Sunny,0.7416,26
CS22012,Advanced Data Structures & Algorithms,Lecture,Computing,85,Monday,09:00-11:00,1,0,Sunny,0.7863,67
CS22993,Group Project in Software Development,Lecture,Computing,82,Monday,08:30-10:30,0,1,Cloudy,0.9879,81
SE22013,Software Project Management,Lecture,Computing,57,Wednesday,11:30-14:30,0,0,Sunny,0.8656,49
IS3093,Financial Management Concepts (FMC),Lecture,Computing,36,Friday,11:30-14:30,0,1,Sunny,0.99,36
IT3182,Essentials of Artificial Intelligence (EAI),Lecture,Computing,124,Friday,10:30-12:30,0,1,Sunny,0.9778,121
IT3153,Software Quality Assurance (SQA),Lecture,Computing,125,Wednesday,09:00-11:00,0,0,Rainy,0.742,93
CS22023,Artificial Intelligence,Lecture,Computing,78,Wednesday,09:00-11:00,0,0,Cloudy,0.7772,61
IT3103,Service Oriented Web Programming (SOWP),Lecture,Computing,95,Thursday,10:30-12:30,0,1,Cloudy,0.953,91
IT3103,Service Oriented Web Programming (SOWP),Lecture,Computing,88,Thursday,08:30-10:30,1,0,Sunny,0.865,76
CS3253,Big Data Analytics (BA),Lecture,Computing,35,Monday,12:00-13:30,0,0,Sunny,0.7623,27
SE22013,Software Project Management,Lecture,Computing,60,Monday,09:00-11:00,0,0,Sunny,0.6755,41
IS3102,Organizational Behaviour (OB),Lecture,Computing,35,Friday,11:30-14:30,0,0,Cloudy,0.7637,27
IT3123,Cloud Computing & Virtualization (CC&V),Lecture,Computing,86,Wednesday,11:30-14:30,0,0,Sunny,0.8493,73
IT3113,Cyber Security (CS),Lecture,Computing,85,Tuesday,08:30-10:30,0,1,Rainy,0.9619,82
IT3143,Independent Study (IS),Lecture,Computing,123,Tuesday,12:00-13:30,0,0,Sunny,0.8108,100
CS22023,Artificial Intelligence,Lecture,Computing,84,Friday,08:30-10:30,0,0,Sunny,0.6857,58
CS22023,Artificial Intelligence,Lecture,Computing,84,Tuesday,10:30-12:30,1,0,Cloudy,0.99,83
IT3153,Software Quality Assurance (SQA),Lecture,Computing,125,Wednesday,09:00-11:00,0,1,Sunny,0.9753,122
IT3182,Essentials of Artificial Intelligence (EAI),Lecture,Computing,125,Monday,11:30-14:30,0,0,Rainy,0.7185,90
IT3113,Cyber Security (CS),Lecture,Computing,92,Tuesday,10:30-12:30,0,0,Rainy,0.7994,74
IS3083,E-Commerce (EC),Lecture,Computing,37,Monday,09:00-11:00,0,1,Cloudy,0.99,37
IT3182,Essentials of Artificial Intelligence (EAI),Lecture,Computing,123,Friday,08:30-10:30,0,0,Sunny,0.6871,85
IS3102,Organizational Behaviour (OB),Lecture,Computing,33,Tuesday,08:30-10:30,0,0,Sunny,0.7573,25
IT3162,GIS and Remote Sensing (GIS&RS),Lecture,Computing,125,Thursday,09:00-11:00,0,0,Sunny,0.7754,97
IT3103,Service Oriented Web Programming (SOWP),Lecture,Computing,86,Monday,08:30-10:30,0,0,Cloudy,0.6887,59
IS3102,Organizational Behaviour (OB),Lecture,Computing,33,Wednesday,10:30-12:30,1,1,Sunny,0.966,32
CS22993,Group Project in Software Development,Lecture,Computing,79,Wednesday,08:30-10:30,0,0,Sunny,0.7861,62
CS3253,Big Data Analytics (BA),Lecture,Computing,43,Monday,12:00-13:30,0,0,Sunny,0.758,33
IT3182,Essentials of Artificial Intelligence (EAI),Lecture,Computing,123,Monday,08:30-10:30,1,0,Cloudy,0.7735,95
IT3133,Programming Distributed Components (PDC),Lecture,Computing,90,Tuesday,09:00-11:00,1,0,Sunny,0.8267,74
IT3143,Independent Study (IS),Lecture,Computing,123,Thursday,09:00-11:00,0,0,Rainy,0.6821,84
CS3253,Big Data Analytics (BA),Lecture,Computing,35,Tuesday,11:30-14:30,0,0,Sunny,0.839,29
IT3133,Programming Distributed Components (PDC),Lecture,Computing,83,Tuesday,09:00-11:00,0,0,Sunny,0.7459,62
IT3143,Independent Study (IS),Lecture,Computing,121,Thursday,11:30-14:30,0,1,Sunny,0.99,120
IT3153,Software Quality Assurance (SQA),Lecture,Computing,122,Monday,11:30-14:30,0,0,Sunny,0.7709,94
SE22013,Software Project Management,Lecture,Computing,56,Tuesday,10:30-12:30,0,0,Cloudy,0.8389,47
IS3073,Management Information Systems (MIS),Lecture,Computing,30,Tuesday,10:30-12:30,0,0,Sunny,0.8453,25
IT3143,Independent Study (IS),Lecture,Computing,121,Monday,10:30-12:30,0,0,Cloudy,0.816,99
IS3083,E-Commerce (EC),Lecture,Computing,37,Monday,10:30-12:30,0,0,Cloudy,0.7692,28
IS3093,Financial Management Concepts (FMC),Lecture,Computing,34,Monday,10:30-12:30,0,0,Cloudy,0.7821,27
IS3093,Financial Management Concepts (FMC),Lecture,Computing,31,Wednesday,10:30-12:30,0,0,Sunny,0.8854,27
IT3143,Independent Study (IS),Lecture,Computing,127,Wednesday,11:30-14:30,0,0,Sunny,0.8693,110
IS3073,Management Information Systems (MIS),Lecture,Computing,33,Tuesday,09:00-11:00,1,0,Sunny,0.8763,29
IT3133,Programming Distributed Components (PDC),Lecture,Computing,83,Monday,09:00-11:00,0,0,Rainy,0.6496,54
IS3102,Organizational Behaviour (OB),Lecture,Computing,33,Tuesday,09:00-11:00,0,0,Sunny,0.7743,26
IS3073,Management Information Systems (MIS),Lecture,Computing,38,Monday,11:30-14:30,0,0,Cloudy,0.8063,31
IT3143,Independent Study (IS),Lecture,Computing,121,Wednesday,12:00-13:30,1,0,Cloudy,0.9642,117
CS22012,Advanced Data Structures & Algorithms,Lecture,Computing,83,Tuesday,10:30-12:30,0,0,Sunny,0.8455,70
CS22012,Advanced Data Structures & Algorithms,Lecture,Computing,81,Tuesday,12:00-13:30,0,0,Sunny,0.8104,66
DS22012,Categorical Data Analysis (CDA),Lecture,Computing,87,Tuesday,09:00-11:00,0,0,Sunny,0.7444,65
IT3182,Essentials of Artificial Intelligence (EAI),Lecture,Computing,127,Friday,08:30-10:30,1,0,Sunny,0.7635,97
IT3103,Service Oriented Web Programming (SOWP),Lecture,Computing,86,Monday,11:30-14:30,0,0,Sunny,0.8031,69
IS3083,E-Commerce (EC),Lecture,Computing,37,Tuesday,11:30-14:30,0,0,Sunny,0.8415,31
IS3083,E-Commerce (EC),Lecture,Computing,36,Monday,14:30-16:30,0,0,Sunny,0.7869,28
IS3073,Management Information Systems (MIS),Lecture,Computing,38,Friday,10:30-12:30,0,0,Rainy,0.7266,28
IT3113,Cyber Security (CS),Lecture,Computing,92,Wednesday,12:00-13:30,0,0,Sunny,0.8291,76
IT3162,GIS and Remote Sensing (GIS&RS),Lecture,Computing,123,Thursday,08:30-10:30,0,1,Sunny,0.9456,116
CS3253,Big Data Analytics (BA),Lecture,Computing,37,Tuesday,09:00-11:00,0,0,Sunny,0.7832,29
IS3112,Marketing Management (MM),Lecture,Computing,30,Wednesday,08:30-10:30,1,0,Sunny,0.8299,25
IS3112,Marketing Management (MM),Lecture,Computing,32,Thursday,14:30-16:30,0,0,Sunny,0.8245,26
CS3253,Big Data Analytics (BA),Lecture,Computing,39,Thursday,11:30-14:30,1,0,Sunny,0.9731,38
IT3113,Cyber Security (CS),Lecture,Computing,88,Thursday,09:00-11:00,0,0,Sunny,0.7447,66
CS22012,Advanced Data Structures & Algorithms,Lecture,Computing,87,Friday,11:30-14:30,0,0,Rainy,0.7527,65
IS3073,Management Information Systems (MIS),Lecture,Computing,33,Wednesday,08:30-10:30,1,1,Rainy,0.96,32
SE22013,Software Project Management,Lecture,Computing,53,Monday,12:00-13:30,0,1,Cloudy,0.9598,51
CS3253,Big Data Analytics (BA),Lecture,Computing,39,Friday,10:30-12:30,0,1,Rainy,0.9619,38
IT3103,Service Oriented Web Programming (SOWP),Lecture,Computing,88,Tuesday,09:00-11:00,0,0,Sunny,0.78,69
CS3253,Big Data Analytics (BA),Lecture,Computing,39,Thursday,10:30-12:30,0,1,Sunny,0.9766,38
IT3103,Service Oriented Web Programming (SOWP),Lecture,Computing,93,Monday,12:00-13:30,0,0,Cloudy,0.7533,70
IT3153,Software Quality Assurance (SQA),Lecture,Computing,123,Wednesday,10:30-12:30,0,0,Sunny,0.8489,104
IT3113,Cyber Security (CS),Lecture,Computing,88,Monday,14:30-16:30,0,0,Cloudy,0.7514,66
IT3133,Programming Distributed Components (PDC),Lecture,Computing,90,Thursday,08:30-10:30,0,0,Cloudy,0.7596,68
DS22012,Categorical Data Analysis (CDA),Lecture,Computing,79,Friday,08:30-10:30,0,1,Cloudy,0.9355,74
IT3182,Essentials of Artificial Intelligence (EAI),Lecture,Computing,117,Wednesday,09:00-11:00,0,1,Sunny,0.9478,111
IT3133,Programming Distributed Components (PDC),Lecture,Computing,90,Friday,10:30-12:30,0,0,Rainy,0.7243,65
IS3073,Management Information Systems (MIS),Lecture,Computing,30,Monday,08:30-10:30,1,0,Rainy,0.7261,22
IT3123,Cloud Computing & Virtualization (CC&V),Lecture,Computing,88,Monday,12:00-13:30,1,0,Sunny,0.798,70
IS3093,Financial Management Concepts (FMC),Lecture,Computing,35,Wednesday,11:30-14:30,0,0,Cloudy,0.8783,31
IS3073,Management Information Systems (MIS),Lecture,Computing,41,Wednesday,11:30-14:30,0,0,Cloudy,0.8527,35
CS22012,Advanced Data Structures & Algorithms,Lecture,Computing,82,Monday,12:00-13:30,0,0,Sunny,0.7503,62
IS3093,Financial Management Concepts (FMC),Lecture,Computing,37,Tuesday,08:30-10:30,0,0,Sunny,0.7512,28
IT3182,Essentials of Artificial Intelligence (EAI),Lecture,Computing,118,Friday,12:00-13:30,0,0,Sunny,0.7409,87
IS3102,Organizational Behaviour (OB),Lecture,Computing,36,Monday,11:30-14:30,0,1,Sunny,0.99,36
IS3102,Organizational Behaviour (OB),Lecture,Computing,35,Wednesday,12:00-13:30,0,0,Rainy,0.774,27
IS3083,E-Commerce (EC),Lecture,Computing,38,Wednesday,09:00-11:00,1,0,Sunny,0.8592,33
IT3113,Cyber Security (CS),Lecture,Computing,87,Tuesday,12:00-13:30,0,1,Sunny,0.99,86
IT3113,Cyber Security (CS),Lecture,Computing,86,Wednesday,09:00-11:00,1,0,Sunny,0.8587,74
IS3112,Marketing Management (MM),Lecture,Computing,34,Tuesday,09:00-11:00,0,0,Rainy,0.7232,25
DS22012,Categorical Data Analysis (CDA),Lecture,Computing,82,Monday,10:30-12:30,0,0,Cloudy,0.8106,66
IS3112,Marketing Management (MM),Lecture,Computing,33,Tuesday,14:30-16:30,0,0,Sunny,0.7974,26
SE22013,Software Project Management,Lecture,Computing,57,Monday,11:30-14:30,0,0,Cloudy,0.769,44
IT3123,Cloud Computing & Virtualization (CC&V),Lecture,Computing,88,Friday,11:30-14:30,0,0,Sunny,0.7774,68
IS3093,Financial Management Concepts (FMC),Lecture,Computing,38,Tuesday,08:30-10:30,1,0,Sunny,0.875,33
IT3123,Cloud Computing & Virtualization (CC&V),Lecture,Computing,90,Friday,08:30-10:30,0,0,Rainy,0.6526,59
IT3133,Programming Distributed Components (PDC),Lecture,Computing,93,Monday,10:30-12:30,0,0,Cloudy,0.8004,74
IT3162,GIS and Remote Sensing (GIS&RS),Lecture,Computing,123,Wednesday,12:00-13:30,0,1,Sunny,0.983,121
DS22012,Categorical Data Analysis (CDA),Lecture,Computing,80,Tuesday,11:30-14:30,0,0,Cloudy,0.8421,67
IT3153,Software Quality Assurance (SQA),Lecture,Computing,120,Tuesday,11:30-14:30,1,0,Rainy,0.9194,110
IS3093,Financial Management Concepts (FMC),Lecture,Computing,34,Thursday,08:30-10:30,0,0,Sunny,0.7705,26
IT3153,Software Quality Assurance (SQA),Lecture,Computing,125,Wednesday,10:30-12:30,1,0,Cloudy,0.9549,119
SE22013,Software Project Management,Lecture,Computing,64,Monday,08:30-10:30,0,1,Sunny,0.9667,62
IS3083,E-Commerce (EC),Lecture,Computing,34,Monday,08:30-10:30,0,0,Sunny,0.6575,22
IT3143,Independent Study (IS),Lecture,Computing,125,Thursday,10:30-12:30,0,0,Sunny,0.8621,108
IS3102,Organizational Behaviour (OB),Lecture,Computing,34,Thursday,12:00-13:30,0,0,Cloudy,0.8186,28
IS3083,E-Commerce (EC),Lecture,Computing,35,Friday,08:30-10:30,0,1,Sunny,0.9486,33
CS22993,Group Project in Software Development,Lecture,Computing,90,Thursday,12:00-13:30,1,1,Sunny,0.99,89
IT3133,Programming Distributed Components (PDC),Lecture,Computing,92,Tuesday,11:30-14:30,0,0,Sunny,0.8721,80
CS22023,Artificial Intelligence,Lecture,Computing,83,Tuesday,09:00-11:00,1,0,Sunny,0.9024,75
CS22993,Group Project in Software Development,Lecture,Computing,73,Thursday,08:30-10:30,0,1,Cloudy,0.9447,69
IT3113,Cyber Security (CS),Lecture,Computing,84,Thursday,11:30-14:30,1,0,Sunny,0.9523,80
IT3162,GIS and Remote Sensing (GIS&RS),Lecture,Computing,122,Thursday,11:30-14:30,1,0,Sunny,0.9491,116
CS22012,Advanced Data Structures & Algorithms,Lecture,Computing,87,Monday,11:30-14:30,0,0,Sunny,0.7933,69
IS3102,Organizational Behaviour (OB),Lecture,Computing,39,Thursday,11:30-14:30,1,0,Sunny,0.9564,37
IT3162,GIS and Remote Sensing (GIS&RS),Lecture,Computing,127,Wednesday,10:30-12:30,1,0,Sunny,0.9442,120
IT3113,Cyber Security (CS),Lecture,Computing,89,Monday,11:30-14:30,0,1,Sunny,0.9684,86
SE22013,Software Project Management,Lecture,Computing,61,Monday,09:00-11:00,0,0,Sunny,0.6858,42
IS3112,Marketing Management (MM),Lecture,Computing,31,Friday,11:30-14:30,0,0,Cloudy,0.7792,24
IT3133,Programming Distributed Components (PDC),Lecture,Computing,87,Tuesday,11:30-14:30,0,0,Sunny,0.8645,75
IT3133,Programming Distributed Components (PDC),Lecture,Computing,84,Tuesday,11:30-14:30,0,0,Sunny,0.9027,76
CS22993,Group Project in Software Development,Lecture,Computing,86,Friday,12:00-13:30,0,0,Sunny,0.7553,65
IT3162,GIS and Remote Sensing (GIS&RS),Lecture,Computing,122,Tuesday,08:30-10:30,1,0,Cloudy,0.8646,105
IT3123,Cloud Computing & Virtualization (CC&V),Lecture,Computing,89,Monday,09:00-11:00,1,0,Rainy,0.7251,65
IT3153,Software Quality Assurance (SQA),Lecture,Computing,125,Wednesday,09:00-11:00,0,0,Sunny,0.7549,94
IS3073,Management Information Systems (MIS),Lecture,Computing,36,Thursday,14:30-16:30,0,0,Sunny,0.82,30
IT3143,Independent Study (IS),Lecture,Computing,129,Friday,10:30-12:30,0,0,Sunny,0.8246,106
CS3253,Big Data Analytics (BA),Lecture,Computing,41,Tuesday,11:30-14:30,0,0,Sunny,0.8323,34
CS22993,Group Project in Software Development,Lecture,Computing,79,Monday,09:00-11:00,0,0,Rainy,0.6396,51
IS3112,Marketing Management (MM),Lecture,Computing,31,Monday,08:30-10:30,0,0,Sunny,0.6915,21
IS3083,E-Commerce (EC),Lecture,Computing,39,Thursday,09:00-11:00,0,0,Sunny,0.7824,31
IT3103,Service Oriented Web Programming (SOWP),Lecture,Computing,84,Thursday,08:30-10:30,1,0,Rainy,0.8588,72
CS3253,Big Data Analytics (BA),Lecture,Computing,44,Friday,14:30-16:30,0,0,Sunny,0.7467,33
IT3133,Programming Distributed Components (PDC),Lecture,Computing,91,Wednesday,08:30-10:30,0,0,Sunny,0.7517,68
CS3253,Big Data Analytics (BA),Lecture,Computing,37,Wednesday,08:30-10:30,1,0,Sunny,0.9009,33
IT3113,Cyber Security (CS),Lecture,Computing,86,Monday,10:30-12:30,1,0,Sunny,0.9093,78
IS3093,Financial Management Concepts (FMC),Lecture,Computing,34,Wednesday,11:30-14:30,1,0,Sunny,0.9385,32
IS3073,Management Information Systems (MIS),Lecture,Computing,32,Tuesday,12:00-13:30,0,0,Sunny,0.8403,27
IT3162,GIS and Remote Sensing (GIS&RS),Lecture,Computing,122,Wednesday,10:30-12:30,0,1,Sunny,0.9515,116
IS3073,Management Information Systems (MIS),Lecture,Computing,33,Friday,08:30-10:30,0,0,Cloudy,0.6863,23
IS3083,E-Commerce (EC),Lecture,Computing,34,Monday,10:30-12:30,0,0,Sunny,0.7568,26
IS3102,Organizational Behaviour (OB),Lecture,Computing,40,Tuesday,09:00-11:00,0,0,Sunny,0.7541,30
IT3113,Cyber Security (CS),Lecture,Computing,90,Tuesday,10:30-12:30,0,0,Sunny,0.8932,80
IS3083,E-Commerce (EC),Lecture,Computing,34,Wednesday,12:00-13:30,0,0,Cloudy,0.8177,28
IT3143,Independent Study (IS),Lecture,Computing,124,Friday,08:30-10:30,0,0,Cloudy,0.7087,88
IS3102,Organizational Behaviour (OB),Lecture,Computing,34,Friday,08:30-10:30,0,0,Sunny,0.7042,24
IT3182,Essentials of Artificial Intelligence (EAI),Lecture,Computing,122,Wednesday,08:30-10:30,0,0,Sunny,0.7753,95
IT3113,Cyber Security (CS),Lecture,Computing,86,Thursday,12:00-13:30,0,1,Rainy,0.9271,80
IT3123,Cloud Computing & Virtualization (CC&V),Lecture,Computing,88,Thursday,08:30-10:30,0,0,Cloudy,0.7456,66
IS3112,Marketing Management (MM),Lecture,Computing,30,Monday,10:30-12:30,1,0,Sunny,0.8946,27
DS22012,Categorical Data Analysis (CDA),Lecture,Computing,86,Friday,08:30-10:30,0,1,Sunny,0.9675,83
IT3182,Essentials of Artificial Intelligence (EAI),Lecture,Computing,124,Monday,10:30-12:30,0,1,Sunny,0.9894,123
IS3102,Organizational Behaviour (OB),Lecture,Computing,35,Thursday,11:30-14:30,0,0,Sunny,0.8796,31
IT3103,Service Oriented Web Programming (SOWP),Lecture,Computing,89,Monday,12:00-13:30,1,1,Sunny,0.9346,83
CS22993,Group Project in Software Development,Lecture,Computing,81,Thursday,08:30-10:30,0,0,Rainy,0.6922,56
IT3182,Essentials of Artificial Intelligence (EAI),Lecture,Computing,124,Monday,08:30-10:30,0,1,Sunny,0.9681,120
SE22013,Software Project Management,Lecture,Computing,55,Monday,12:00-13:30,0,0,Sunny,0.7648,42
IS3073,Management Information Systems (MIS),Lecture,Computing,33,Monday,09:00-11:00,0,0,Cloudy,0.6687,22
IT3143,Independent Study (IS),Lecture,Computing,128,Wednesday,09:00-11:00,1,0,Cloudy,0.8695,111
IS3083,E-Commerce (EC),Lecture,Computing,37,Thursday,08:30-10:30,0,0,Sunny,0.7755,29
DS22012,Categorical Data Analysis (CDA),Lecture,Computing,82,Thursday,08:30-10:30,0,0,Sunny,0.7333,60
IT3182,Essentials of Artificial Intelligence (EAI),Lecture,Computing,124,Wednesday,11:30-14:30,0,0,Rainy,0.8357,104
IT3153,Software Quality Assurance (SQA),Lecture,Computing,124,Wednesday,14:30-16:30,1,0,Sunny,0.9161,114
DS22012,Categorical Data Analysis (CDA),Lecture,Computing,80,Friday,10:30-12:30,1,0,Sunny,0.8688,70
IS3112,Marketing Management (MM),Lecture,Computing,36,Thursday,10:30-12:30,0,0,Cloudy,0.8779,32
IS3093,Financial Management Concepts (FMC),Lecture,Computing,34,Tuesday,09:00-11:00,0,0,Rainy,0.6885,23
IT3182,Essentials of Artificial Intelligence (EAI),Lecture,Computing,122,Monday,12:00-13:30,0,0,Rainy,0.6991,85
IS3083,E-Commerce (EC),Lecture,Computing,35,Thursday,14:30-16:30,0,1,Cloudy,0.9696,34
IT3103,Service Oriented Web Programming (SOWP),Lecture,Computing,91,Thursday,12:00-13:30,0,0,Sunny,0.8209,75
IS3102,Organizational Behaviour (OB),Lecture,Computing,36,Monday,09:00-11:00,0,1,Rainy,0.99,36
IT3143,Independent Study (IS),Lecture,Computing,126,Thursday,10:30-12:30,0,0,Sunny,0.8747,110
IT3182,Essentials of Artificial Intelligence (EAI),Lecture,Computing,123,Monday,12:00-13:30,0,0,Sunny,0.7397,91
IT3123,Cloud Computing & Virtualization (CC&V),Lecture,Computing,88,Wednesday,12:00-13:30,0,0,Cloudy,0.8469,75
CS3253,Big Data Analytics (BA),Lecture,Computing,37,Thursday,11:30-14:30,0,0,Sunny,0.8618,32
IT3153,Software Quality Assurance (SQA),Lecture,Computing,123,Thursday,11:30-14:30,0,0,Sunny,0.8438,104
IS3093,Financial Management Concepts (FMC),Lecture,Computing,33,Tuesday,11:30-14:30,0,0,Sunny,0.8197,27
IT3162,GIS and Remote Sensing (GIS&RS),Lecture,Computing,120,Tuesday,10:30-12:30,0,1,Sunny,0.99,119
IT3103,Service Oriented Web Programming (SOWP),Lecture,Computing,89,Wednesday,08:30-10:30,1,0,Sunny,0.8367,74
IT3103,Service Oriented Web Programming (SOWP),Lecture,Computing,89,Thursday,14:30-16:30,0,0,Sunny,0.8095,72
IS3093,Financial Management Concepts (FMC),Lecture,Computing,31,Friday,10:30-12:30,0,1,Rainy,0.9482,29
IT3153,Software Quality Assurance (SQA),Lecture,Computing,126,Thursday,08:30-10:30,0,0,Sunny,0.8183,103
IS3102,Organizational Behaviour (OB),Lecture,Computing,34,Tuesday,08:30-10:30,0,0,Cloudy,0.7607,26
IS3112,Marketing Management (MM),Lecture,Computing,32,Tuesday,09:00-11:00,0,0,Sunny,0.7484,24
CS3253,Big Data Analytics (BA),Lecture,Computing,34,Wednesday,11:30-14:30,1,0,Sunny,0.9458,32
IT3133,Programming Distributed Components (PDC),Lecture,Computing,91,Monday,08:30-10:30,0,1,Sunny,0.9607,87
IT3162,GIS and Remote Sensing (GIS&RS),Lecture,Computing,125,Tuesday,12:00-13:30,1,1,Sunny,0.9693,121
IS3073,Management Information Systems (MIS),Lecture,Computing,31,Tuesday,12:00-13:30,0,0,Rainy,0.7364,23
IS3093,Financial Management Concepts (FMC),Lecture,Computing,38,Wednesday,10:30-12:30,0,0,Sunny,0.8728,33
IS3073,Management Information Systems (MIS),Lecture,Computing,37,Monday,09:00-11:00,0,0,Sunny,0.6565,24
IS3112,Marketing Management (MM),Lecture,Computing,32,Wednesday,14:30-16:30,1,0,Rainy,0.8807,28
IT3153,Software Quality Assurance (SQA),Lecture,Computing,123,Wednesday,11:30-14:30,0,0,Sunny,0.8081,99
IS3083,E-Commerce (EC),Lecture,Computing,29,Monday,09:00-11:00,0,0,Sunny,0.7122,21
CS22023,Artificial Intelligence,Lecture,Computing,85,Tuesday,09:00-11:00,1,0,Sunny,0.8622,73
DS22012,Categorical Data Analysis (CDA),Lecture,Computing,81,Monday,11:30-14:30,1,1,Sunny,0.9592,78
IS3112,Marketing Management (MM),Lecture,Computing,36,Monday,11:30-14:30,1,0,Sunny,0.8654,31
CS22993,Group Project in Software Development,Lecture,Computing,78,Monday,10:30-12:30,0,0,Sunny,0.8025,63
IS3093,Financial Management Concepts (FMC),Lecture,Computing,36,Monday,14:30-16:30,0,0,Sunny,0.6958,25
IT3162,GIS and Remote Sensing (GIS&RS),Lecture,Computing,127,Wednesday,12:00-13:30,0,0,Cloudy,0.8412,107
CS22993,Group Project in Software Development,Lecture,Computing,78,Friday,10:30-12:30,0,0,Sunny,0.761,59
IT3133,Programming Distributed Components (PDC),Lecture,Computing,85,Monday,11:30-14:30,0,0,Sunny,0.8117,69
IS3073,Management Information Systems (MIS),Lecture,Computing,33,Thursday,11:30-14:30,0,0,Cloudy,0.8286,27
IS3093,Financial Management Concepts (FMC),Lecture,Computing,34,Thursday,10:30-12:30,0,1,Sunny,0.99,34
IT3182,Essentials of Artificial Intelligence (EAI),Lecture,Computing,127,Thursday,11:30-14:30,0,1,Cloudy,0.9682,123
CS22023,Artificial Intelligence,Lecture,Computing,74,Monday,09:00-11:00,1,1,Sunny,0.9646,71
IT3153,Software Quality Assurance (SQA),Lecture,Computing,122,Monday,08:30-10:30,0,0,Rainy,0.6495,79
IT3162,GIS and Remote Sensing (GIS&RS),Lecture,Computing,124,Monday,09:00-11:00,0,1,Sunny,0.9645,120
CS3253,Big Data Analytics (BA),Lecture,Computing,38,Friday,12:00-13:30,0,0,Sunny,0.728,28
IT3123,Cloud Computing & Virtualization (CC&V),Lecture,Computing,90,Friday,08:30-10:30,0,0,Rainy,0.6168,56
CS22023,Artificial Intelligence,Lecture,Computing,77,Tuesday,12:00-13:30,1,0,Cloudy,0.9069,70
IT3133,Programming Distributed Components (PDC),Lecture,Computing,89,Monday,14:30-16:30,1,0,Sunny,0.8118,72
IS3093,Financial Management Concepts (FMC),Lecture,Computing,31,Wednesday,09:00-11:00,0,0,Sunny,0.7305,23
CS22993,Group Project in Software Development,Lecture,Computing,83,Monday,08:30-10:30,1,1,Sunny,0.99,82
IS3102,Organizational Behaviour (OB),Lecture,Computing,38,Friday,09:00-11:00,1,1,Rainy,0.9442,36
CS3253,Big Data Analytics (BA),Lecture,Computing,37,Wednesday,10:30-12:30,0,0,Sunny,0.8475,31
IS3093,Financial Management Concepts (FMC),Lecture,Computing,34,Tuesday,11:30-14:30,0,0,Sunny,0.8922,30
CS3253,Big Data Analytics (BA),Lecture,Computing,38,Friday,08:30-10:30,0,1,Rainy,0.928,35
IT3153,Software Quality Assurance (SQA),Lecture,Computing,129,Friday,12:00-13:30,0,0,Rainy,0.6829,88
IS3073,Management Information Systems (MIS),Lecture,Computing,35,Wednesday,12:00-13:30,0,0,Sunny,0.8397,29
IT3103,Service Oriented Web Programming (SOWP),Lecture,Computing,87,Thursday,10:30-12:30,0,0,Sunny,0.8224,72
IT3143,Independent Study (IS),Lecture,Computing,122,Thursday,14:30-16:30,0,1,Sunny,0.945,115
DS22012,Categorical Data Analysis (CDA),Lecture,Computing,80,Tuesday,11:30-14:30,0,0,Sunny,0.8662,69
IT3133,Programming Distributed Components (PDC),Lecture,Computing,91,Tuesday,12:00-13:30,0,0,Cloudy,0.8156,74
IT3182,Essentials of Artificial Intelligence (EAI),Lecture,Computing,120,Tuesday,08:30-10:30,0,0,Cloudy,0.7408,89
IT3103,Service Oriented Web Programming (SOWP),Lecture,Computing,88,Thursday,09:00-11:00,0,0,Sunny,0.7749,68
CS22993,Group Project in Software Development,Lecture,Computing,80,Tuesday,09:00-11:00,0,0,Cloudy,0.7397,59
IS3073,Management Information Systems (MIS),Lecture,Computing,31,Wednesday,08:30-10:30,0,0,Sunny,0.7464,23
IT3133,Programming Distributed Components (PDC),Lecture,Computing,92,Wednesday,11:30-14:30,0,1,Sunny,0.968,89
IS3073,Management Information Systems (MIS),Lecture,Computing,36,Thursday,08:30-10:30,0,0,Sunny,0.7453,27
IT3133,Programming Distributed Components (PDC),Lecture,Computing,84,Monday,12:00-13:30,0,1,Sunny,0.9735,82
IT3153,Software Quality Assurance (SQA),Lecture,Computing,122,Wednesday,10:30-12:30,0,1,Sunny,0.9806,120
IT3182,Essentials of Artificial Intelligence (EAI),Lecture,Computing,122,Monday,12:00-13:30,0,0,Sunny,0.7891,96
DS22012,Categorical Data Analysis (CDA),Lecture,Computing,85,Tuesday,08:30-10:30,0,0,Cloudy,0.7632,65
CS22012,Advanced Data Structures & Algorithms,Lecture,Computing,83,Tuesday,10:30-12:30,0,1,Sunny,0.9339,78
DS22012,Categorical Data Analysis (CDA),Lecture,Computing,78,Monday,12:00-13:30,0,0,Sunny,0.7806,61
IS3083,E-Commerce (EC),Lecture,Computing,32,Tuesday,10:30-12:30,0,0,Sunny,0.8625,28
IS3093,Financial Management Concepts (FMC),Lecture,Computing,42,Friday,09:00-11:00,1,0,Rainy,0.7609,32
SE22013,Software Project Management,Lecture,Computing,56,Thursday,10:30-12:30,0,0,Sunny,0.881,49
CS22023,Artificial Intelligence,Lecture,Computing,81,Wednesday,09:00-11:00,0,0,Cloudy,0.7478,61
IT3113,Cyber Security (CS),Lecture,Computing,90,Thursday,11:30-14:30,0,0,Cloudy,0.8666,78
IS3083,E-Commerce (EC),Lecture,Computing,35,Monday,10:30-12:30,1,0,Cloudy,0.9024,32
CS22023,Artificial Intelligence,Lecture,Computing,82,Thursday,09:00-11:00,1,0,Rainy,0.819,67
IS3073,Management Information Systems (MIS),Lecture,Computing,38,Tuesday,09:00-11:00,1,0,Cloudy,0.8774,33
IT3182,Essentials of Artificial Intelligence (EAI),Lecture,Computing,122,Friday,10:30-12:30,0,0,Sunny,0.7715,94
CS22023,Artificial Intelligence,Lecture,Computing,86,Thursday,08:30-10:30,0,0,Sunny,0.7488,64
IS3073,Management Information Systems (MIS),Lecture,Computing,39,Wednesday,09:00-11:00,0,1,Cloudy,0.9622,38
CS3253,Big Data Analytics (BA),Lecture,Computing,43,Friday,10:30-12:30,0,0,Cloudy,0.7881,34
IS3083,E-Commerce (EC),Lecture,Computing,31,Friday,08:30-10:30,0,0,Sunny,0.6808,21
SE22013,Software Project Management,Lecture,Computing,51,Thursday,14:30-16:30,0,1,Cloudy,0.9657,49
IT3113,Cyber Security (CS),Lecture,Computing,87,Friday,10:30-12:30,0,0,Sunny,0.7435,65
CS22993,Group Project in Software Development,Lecture,Computing,83,Monday,10:30-12:30,0,0,Rainy,0.7727,64
CS3253,Big Data Analytics (BA),Lecture,Computing,38,Thursday,08:30-10:30,0,0,Rainy,0.7112,27
CS22012,Advanced Data Structures & Algorithms,Lecture,Computing,81,Monday,08:30-10:30,0,0,Cloudy,0.6892,56
IS3073,Management Information Systems (MIS),Lecture,Computing,34,Tuesday,09:00-11:00,0,0,Cloudy,0.7986,27
IS3112,Marketing Management (MM),Lecture,Computing,35,Monday,09:00-11:00,0,0,Cloudy,0.7052,25
IT3133,Programming Distributed Components (PDC),Lecture,Computing,86,Tuesday,08:30-10:30,0,0,Sunny,0.7544,65
IT3133,Programming Distributed Components (PDC),Lecture,Computing,84,Monday,11:30-14:30,0,0,Rainy,0.7656,64
IT3182,Essentials of Artificial Intelligence (EAI),Lecture,Computing,129,Monday,10:30-12:30,0,0,Sunny,0.8033,104
IS3073,Management Information Systems (MIS),Lecture,Computing,35,Monday,10:30-12:30,0,0,Sunny,0.7593,27
IS3102,Organizational Behaviour (OB),Lecture,Computing,36,Thursday,12:00-13:30,0,0,Sunny,0.8101,29
IT3113,Cyber Security (CS),Lecture,Computing,88,Tuesday,09:00-11:00,0,1,Sunny,0.9506,84
CS22023,Artificial Intelligence,Lecture,Computing,78,Friday,14:30-16:30,0,0,Sunny,0.733,57
IS3083,E-Commerce (EC),Lecture,Computing,32,Thursday,11:30-14:30,1,0,Sunny,0.9415,30
IT3133,Programming Distributed Components (PDC),Lecture,Computing,90,Friday,14:30-16:30,0,0,Cloudy,0.7371,66
CS22023,Artificial Intelligence,Lecture,Computing,77,Friday,11:30-14:30,0,0,Sunny,0.7511,58
IS3073,Management Information Systems (MIS),Lecture,Computing,32,Monday,08:30-10:30,0,0,Sunny,0.6802,22
SE22013,Software Project Management,Lecture,Computing,62,Thursday,14:30-16:30,0,0,Cloudy,0.8184,51
SE22013,Software Project Management,Lecture,Computing,54,Tuesday,10:30-12:30,0,0,Sunny,0.8644,47
DS22012,Categorical Data Analysis (CDA),Lecture,Computing,83,Friday,08:30-10:30,0,0,Sunny,0.661,55
CS22993,Group Project in Software Development,Lecture,Computing,82,Wednesday,10:30-12:30,0,0,Sunny,0.8318,68
IS3073,Management Information Systems (MIS),Lecture,Computing,35,Monday,14:30-16:30,0,1,Sunny,0.9441,33
IS3112,Marketing Management (MM),Lecture,Computing,38,Monday,09:00-11:00,0,1,Rainy,0.9725,37
IS3083,E-Commerce (EC),Lecture,Computing,34,Friday,08:30-10:30,1,0,Sunny,0.7994,27
CS22993,Group Project in Software Development,Lecture,Computing,89,Tuesday,14:30-16:30,1,1,Rainy,0.99,88
IT3113,Cyber Security (CS),Lecture,Computing,88,Friday,10:30-12:30,0,1,Sunny,0.9692,85
IT3103,Service Oriented Web Programming (SOWP),Lecture,Computing,87,Thursday,09:00-11:00,0,0,Sunny,0.7758,67
CS22023,Artificial Intelligence,Lecture,Computing,83,Thursday,09:00-11:00,1,0,Sunny,0.8619,72
IT3103,Service Oriented Web Programming (SOWP),Lecture,Computing,89,Wednesday,11:30-14:30,0,0,Cloudy,0.8842,79
CS3253,Big Data Analytics (BA),Lecture,Computing,34,Friday,14:30-16:30,0,0,Cloudy,0.7202,24
DS22012,Categorical Data Analysis (CDA),Lecture,Computing,79,Friday,14:30-16:30,1,1,Sunny,0.99,78
IS3112,Marketing Management (MM),Lecture,Computing,37,Friday,11:30-14:30,1,0,Cloudy,0.9114,34
SE22013,Software Project Management,Lecture,Computing,60,Monday,14:30-16:30,0,1,Sunny,0.9487,57
SE22013,Software Project Management,Lecture,Computing,56,Thursday,08:30-10:30,0,1,Rainy,0.9435,53
CS22012,Advanced Data Structures & Algorithms,Lecture,Computing,83,Monday,10:30-12:30,0,0,Cloudy,0.7497,62
CS22023,Artificial Intelligence,Lecture,Computing,77,Wednesday,11:30-14:30,0,0,Rainy,0.7754,60
IS3102,Organizational Behaviour (OB),Lecture,Computing,41,Monday,14:30-16:30,0,0,Rainy,0.7151,29
CS22023,Artificial Intelligence,Lecture,Computing,81,Tuesday,12:00-13:30,0,0,Sunny,0.8373,68
IT3133,Programming Distributed Components (PDC),Lecture,Computing,88,Monday,08:30-10:30,1,0,Sunny,0.7889,69
IT3153,Software Quality Assurance (SQA),Lecture,Computing,125,Monday,10:30-12:30,0,1,Sunny,0.9438,118
IT3113,Cyber Security (CS),Lecture,Computing,84,Wednesday,10:30-12:30,0,0,Cloudy,0.8633,73
CS22023,Artificial Intelligence,Lecture,Computing,81,Monday,10:30-12:30,0,0,Cloudy,0.8122,66
IS3083,E-Commerce (EC),Lecture,Computing,36,Tuesday,10:30-12:30,1,0,Cloudy,0.9805,35
CS22023,Artificial Intelligence,Lecture,Computing,78,Tuesday,10:30-12:30,1,0,Cloudy,0.9738,76
IT3133,Programming Distributed Components (PDC),Lecture,Computing,83,Thursday,10:30-12:30,0,0,Sunny,0.8394,70
IT3162,GIS and Remote Sensing (GIS&RS),Lecture,Computing,125,Tuesday,10:30-12:30,1,0,Sunny,0.9827,123
IT3123,Cloud Computing & Virtualization (CC&V),Lecture,Computing,87,Monday,09:00-11:00,0,0,Sunny,0.6909,60
IS3093,Financial Management Concepts (FMC),Lecture,Computing,38,Monday,11:30-14:30,1,0,Cloudy,0.8675,33
SE22013,Software Project Management,Lecture,Computing,56,Wednesday,14:30-16:30,0,0,Sunny,0.8341,47
IS3102,Organizational Behaviour (OB),Lecture,Computing,37,Friday,12:00-13:30,0,0,Sunny,0.7071,26
IT3113,Cyber Security (CS),Lecture,Computing,86,Tuesday,10:30-12:30,0,0,Sunny,0.9056,78
IT3153,Software Quality Assurance (SQA),Lecture,Computing,132,Monday,12:00-13:30,0,0,Sunny,0.7446,98
SE22013,Software Project Management,Lecture,Computing,61,Tuesday,14:30-16:30,0,0,Rainy,0.7852,48
DS22012,Categorical Data Analysis (CDA),Lecture,Computing,85,Thursday,10:30-12:30,0,0,Sunny,0.8642,73
IS3102,Organizational Behaviour (OB),Lecture,Computing,35,Wednesday,14:30-16:30,0,0,Sunny,0.8129,28
CS22012,Advanced Data Structures & Algorithms,Lecture,Computing,83,Friday,10:30-12:30,0,0,Cloudy,0.7499,62
IS3073,Management Information Systems (MIS),Lecture,Computing,33,Monday,08:30-10:30,1,1,Cloudy,0.99,33
CS3253,Big Data Analytics (BA),Lecture,Computing,42,Tuesday,11:30-14:30,0,0,Cloudy,0.8643,36
IS3083,E-Commerce (EC),Lecture,Computing,34,Monday,08:30-10:30,0,0,Cloudy,0.7251,25
IT3143,Independent Study (IS),Lecture,Computing,125,Monday,14:30-16:30,0,0,Sunny,0.7676,96
IS3083,E-Commerce (EC),Lecture,Computing,39,Monday,11:30-14:30,1,0,Sunny,0.9489,37
IS3093,Financial Management Concepts (FMC),Lecture,Computing,37,Wednesday,10:30-12:30,0,0,Sunny,0.8341,31
CS22993,Group Project in Software Development,Lecture,Computing,83,Thursday,12:00-13:30,0,0,Sunny,0.8169,68
CS22023,Artificial Intelligence,Lecture,Computing,85,Friday,12:00-13:30,1,1,Sunny,0.959,82
IT3113,Cyber Security (CS),Lecture,Computing,84,Friday,10:30-12:30,0,0,Rainy,0.7395,62
IS3112,Marketing Management (MM),Lecture,Computing,38,Wednesday,12:00-13:30,0,0,Sunny,0.8174,31
IT3133,Programming Distributed Components (PDC),Lecture,Computing,87,Wednesday,09:00-11:00,1,0,Cloudy,0.8595,75
IS3073,Management Information Systems (MIS),Lecture,Computing,34,Monday,09:00-11:00,0,0,Cloudy,0.6777,23
CS22993,Group Project in Software Development,Lecture,Computing,78,Monday,09:00-11:00,0,0,Sunny,0.7282,57
CS3253,Big Data Analytics (BA),Lecture,Computing,40,Thursday,09:00-11:00,0,0,Cloudy,0.7687,31
IT3123,Cloud Computing & Virtualization (CC&V),Lecture,Computing,91,Friday,14:30-16:30,0,0,Sunny,0.7877,72
IT3153,Software Quality Assurance (SQA),Lecture,Computing,118,Friday,12:00-13:30,0,0,Sunny,0.7157,84
IT3162,GIS and Remote Sensing (GIS&RS),Lecture,Computing,127,Wednesday,09:00-11:00,1,0,Sunny,0.83,105
IS3112,Marketing Management (MM),Lecture,Computing,33,Wednesday,08:30-10:30,0,1,Sunny,0.9821,32
SE22013,Software Project Management,Lecture,Computing,57,Tuesday,14:30-16:30,0,1,Sunny,0.9814,56
IT3182,Essentials of Artificial Intelligence (EAI),Lecture,Computing,122,Thursday,12:00-13:30,0,0,Sunny,0.818,100
SE22013,Software Project Management,Lecture,Computing,56,Wednesday,09:00-11:00,0,0,Sunny,0.7829,44
IS3093,Financial Management Concepts (FMC),Lecture,Computing,35,Monday,11:30-14:30,0,0,Cloudy,0.7827,27
IT3143,Independent Study (IS),Lecture,Computing,120,Friday,08:30-10:30,0,0,Sunny,0.6709,81
IT3113,Cyber Security (CS),Lecture,Computing,91,Friday,08:30-10:30,0,1,Sunny,0.9834,89
CS22993,Group Project in Software Development,Lecture,Computing,84,Tuesday,10:30-12:30,0,0,Sunny,0.8344,70
IT3143,Independent Study (IS),Lecture,Computing,129,Monday,14:30-16:30,0,1,Sunny,0.9702,125
IT3113,Cyber Security (CS),Lecture,Computing,89,Wednesday,08:30-10:30,1,0,Rainy,0.7993,71
IT3133,Programming Distributed Components (PDC),Lecture,Computing,89,Monday,14:30-16:30,0,0,Sunny,0.7447,66
IS3112,Marketing Management (MM),Lecture,Computing,40,Tuesday,09:00-11:00,0,0,Rainy,0.7067,28
IT3153,Software Quality Assurance (SQA),Lecture,Computing,117,Tuesday,12:00-13:30,0,0,Sunny,0.8221,96
IT3153,Software Quality Assurance (SQA),Lecture,Computing,129,Thursday,11:30-14:30,0,1,Sunny,0.9772,126
IS3083,E-Commerce (EC),Lecture,Computing,34,Thursday,09:00-11:00,0,1,Cloudy,0.9591,33
SE22013,Software Project Management,Lecture,Computing,60,Thursday,09:00-11:00,1,0,Cloudy,0.8577,51
IT3113,Cyber Security (CS),Lecture,Computing,90,Wednesday,10:30-12:30,0,0,Sunny,0.8375,75
CS22023,Artificial Intelligence,Lecture,Computing,83,Tuesday,08:30-10:30,0,0,Rainy,0.715,59
DS22012,Categorical Data Analysis (CDA),Lecture,Computing,83,Thursday,09:00-11:00,0,0,Cloudy,0.7429,62
IS3093,Financial Management Concepts (FMC),Lecture,Computing,35,Thursday,10:30-12:30,0,0,Sunny,0.8578,30
CS22993,Group Project in Software Development,Lecture,Computing,84,Thursday,09:00-11:00,0,0,Cloudy,0.766,64
IT3113,Cyber Security (CS),Lecture,Computing,82,Monday,08:30-10:30,1,1,Sunny,0.9378,77
IT3182,Essentials of Artificial Intelligence (EAI),Lecture,Computing,121,Thursday,12:00-13:30,0,0,Sunny,0.8453,102
CS22023,Artificial Intelligence,Lecture,Computing,83,Monday,09:00-11:00,0,0,Sunny,0.7175,60
IS3073,Management Information Systems (MIS),Lecture,Computing,35,Wednesday,09:00-11:00,0,1,Cloudy,0.9663,34
IS3102,Organizational Behaviour (OB),Lecture,Computing,37,Friday,10:30-12:30,1,0,Sunny,0.8899,33
IT3143,Independent Study (IS),Lecture,Computing,128,Thursday,08:30-10:30,0,0,Cloudy,0.7728,99
IT3123,Cloud Computing & Virtualization (CC&V),Lecture,Computing,87,Monday,08:30-10:30,0,1,Sunny,0.9406,82
IT3143,Independent Study (IS),Lecture,Computing,119,Wednesday,08:30-10:30,0,1,Rainy,0.981,117
IT3113,Cyber Security (CS),Lecture,Computing,85,Thursday,09:00-11:00,0,0,Sunny,0.7569,64
IS3073,Management Information Systems (MIS),Lecture,Computing,29,Monday,12:00-13:30,0,0,Sunny,0.7506,22
IS3112,Marketing Management (MM),Lecture,Computing,33,Wednesday,10:30-12:30,0,0,Cloudy,0.8402,28
CS22012,Advanced Data Structures & Algorithms,Lecture,Computing,84,Monday,08:30-10:30,0,0,Sunny,0.6965,59
DS22012,Categorical Data Analysis (CDA),Lecture,Computing,79,Monday,11:30-14:30,0,0,Rainy,0.7394,58
SE22013,Software Project Management,Lecture,Computing,53,Wednesday,12:00-13:30,0,1,Rainy,0.9581,51
SE22013,Software Project Management,Lecture,Computing,61,Tuesday,09:00-11:00,1,0,Rainy,0.7661,47
IS3073,Management Information Systems (MIS),Lecture,Computing,34,Friday,08:30-10:30,0,0,Sunny,0.6853,23
IT3143,Independent Study (IS),Lecture,Computing,127,Thursday,09:00-11:00,0,0,Sunny,0.7774,99
IT3113,Cyber Security (CS),Lecture,Computing,91,Wednesday,12:00-13:30,1,0,Sunny,0.8978,82
CS22023,Artificial Intelligence,Lecture,Computing,82,Tuesday,08:30-10:30,0,0,Cloudy,0.7687,63
CS22023,Artificial Intelligence,Lecture,Computing,74,Thursday,12:00-13:30,0,1,Sunny,0.965,71
IT3153,Software Quality Assurance (SQA),Lecture,Computing,123,Thursday,08:30-10:30,0,0,Rainy,0.7331,90
IS3102,Organizational Behaviour (OB),Lecture,Computing,29,Tuesday,11:30-14:30,0,0,Sunny,0.8723,25
DS22012,Categorical Data Analysis (CDA),Lecture,Computing,83,Wednesday,12:00-13:30,0,1,Rainy,0.9536,79
SE22013,Software Project Management,Lecture,Computing,56,Friday,09:00-11:00,0,0,Sunny,0.6894,39
CS22023,Artificial Intelligence,Lecture,Computing,86,Tuesday,10:30-12:30,0,0,Cloudy,0.88,76
IS3112,Marketing Management (MM),Lecture,Computing,40,Monday,10:30-12:30,0,0,Cloudy,0.7879,32
IT3113,Cyber Security (CS),Lecture,Computing,87,Tuesday,14:30-16:30,0,0,Rainy,0.7561,66
IS3093,Financial Management Concepts (FMC),Lecture,Computing,28,Thursday,10:30-12:30,0,0,Rainy,0.8276,23
SE22013,Software Project Management,Lecture,Computing,56,Wednesday,14:30-16:30,0,0,Cloudy,0.8387,47
IS3112,Marketing Management (MM),Lecture,Computing,33,Friday,08:30-10:30,0,0,Sunny,0.7122,24
IT3153,Software Quality Assurance (SQA),Lecture,Computing,127,Tuesday,12:00-13:30,1,0,Sunny,0.9105,116
CS22012,Advanced Data Structures & Algorithms,Lecture,Computing,83,Friday,12:00-13:30,1,0,Sunny,0.8176,68
IT3113,Cyber Security (CS),Lecture,Computing,91,Tuesday,08:30-10:30,0,1,Rainy,0.9664,88
IT3103,Service Oriented Web Programming (SOWP),Lecture,Computing,88,Thursday,11:30-14:30,1,0,Rainy,0.8868,78
IT3162,GIS and Remote Sensing (GIS&RS),Lecture,Computing,127,Tuesday,09:00-11:00,0,0,Sunny,0.7393,94
IS3083,E-Commerce (EC),Lecture,Computing,35,Monday,11:30-14:30,0,1,Cloudy,0.9504,33
CS3253,Big Data Analytics (BA),Lecture,Computing,39,Tuesday,09:00-11:00,1,1,Rainy,0.9477,37
IS3073,Management Information Systems (MIS),Lecture,Computing,31,Tuesday,12:00-13:30,0,0,Sunny,0.7999,25
SE22013,Software Project Management,Lecture,Computing,62,Thursday,09:00-11:00,0,0,Sunny,0.807,50
IS3073,Management Information Systems (MIS),Lecture,Computing,27,Thursday,14:30-16:30,0,0,Sunny,0.8022,22
CS22993,Group Project in Software Development,Lecture,Computing,81,Monday,12:00-13:30,0,0,Rainy,0.7108,58
IT3143,Independent Study (IS),Lecture,Computing,122,Friday,11:30-14:30,0,0,Sunny,0.7821,95
IS3073,Management Information Systems (MIS),Lecture,Computing,32,Wednesday,11:30-14:30,0,0,Sunny,0.8474,27
IT3143,Independent Study (IS),Lecture,Computing,120,Tuesday,12:00-13:30,0,0,Sunny,0.8327,100
IT3113,Cyber Security (CS),Lecture,Computing,90,Wednesday,10:30-12:30,0,1,Rainy,0.9367,84
IT3182,Essentials of Artificial Intelligence (EAI),Lecture,Computing,124,Thursday,09:00-11:00,0,0,Cloudy,0.7646,95
IT3153,Software Quality Assurance (SQA),Lecture,Computing,122,Friday,11:30-14:30,1,0,Cloudy,0.8915,109
IT3182,Essentials of Artificial Intelligence (EAI),Lecture,Computing,122,Wednesday,12:00-13:30,0,0,Sunny,0.801,98
IS3083,E-Commerce (EC),Lecture,Computing,38,Tuesday,14:30-16:30,0,0,Sunny,0.7976,30
IT3182,Essentials of Artificial Intelligence (EAI),Lecture,Computing,124,Monday,10:30-12:30,1,0,Cloudy,0.8806,109
IS3102,Organizational Behaviour (OB),Lecture,Computing,35,Monday,14:30-16:30,0,1,Sunny,0.9293,33
CS22012,Advanced Data Structures & Algorithms,Lecture,Computing,77,Thursday,09:00-11:00,0,0,Cloudy,0.781,60
IT3103,Service Oriented Web Programming (SOWP),Lecture,Computing,89,Thursday,14:30-16:30,0,0,Rainy,0.7606,68
IS3073,Management Information Systems (MIS),Lecture,Computing,34,Tuesday,08:30-10:30,0,0,Rainy,0.7028,24
IT3103,Service Oriented Web Programming (SOWP),Lecture,Computing,87,Thursday,14:30-16:30,0,0,Cloudy,0.8542,74
CS3253,Big Data Analytics (BA),Lecture,Computing,36,Tuesday,11:30-14:30,1,0,Cloudy,0.9853,35
CS22012,Advanced Data Structures & Algorithms,Lecture,Computing,82,Friday,10:30-12:30,0,1,Cloudy,0.9531,78
IT3103,Service Oriented Web Programming (SOWP),Lecture,Computing,94,Thursday,14:30-16:30,0,0,Sunny,0.8433,79
CS22012,Advanced Data Structures & Algorithms,Lecture,Computing,83,Friday,09:00-11:00,0,0,Rainy,0.6297,52
IT3162,GIS and Remote Sensing (GIS&RS),Lecture,Computing,120,Thursday,09:00-11:00,0,0,Rainy,0.7324,88
IS3093,Financial Management Concepts (FMC),Lecture,Computing,33,Thursday,12:00-13:30,1,0,Sunny,0.9573,32
CS3253,Big Data Analytics (BA),Lecture,Computing,39,Friday,12:00-13:30,0,0,Rainy,0.6999,27
IT3113,Cyber Security (CS),Lecture,Computing,89,Monday,11:30-14:30,0,1,Cloudy,0.9731,87
SE22013,Software Project Management,Lecture,Computing,54,Wednesday,09:00-11:00,0,0,Cloudy,0.7336,40
SE22013,Software Project Management,Lecture,Computing,62,Monday,08:30-10:30,0,0,Sunny,0.6856,43
CS22993,Group Project in Software Development,Lecture,Computing,82,Friday,08:30-10:30,0,0,Cloudy,0.7017,58
IT3123,Cloud Computing & Virtualization (CC&V),Lecture,Computing,92,Friday,09:00-11:00,1,0,Sunny,0.7753,71
CS22023,Artificial Intelligence,Lecture,Computing,86,Tuesday,10:30-12:30,0,0,Sunny,0.8702,75
IT3143,Independent Study (IS),Lecture,Computing,125,Monday,10:30-12:30,0,0,Rainy,0.7408,93
CS22012,Advanced Data Structures & Algorithms,Lecture,Computing,77,Tuesday,11:30-14:30,0,0,Cloudy,0.8666,67
IT3113,Cyber Security (CS),Lecture,Computing,88,Wednesday,10:30-12:30,1,0,Rainy,0.8859,78
IS3112,Marketing Management (MM),Lecture,Computing,34,Wednesday,12:00-13:30,1,0,Sunny,0.9475,32
IS3102,Organizational Behaviour (OB),Lecture,Computing,34,Thursday,11:30-14:30,0,0,Sunny,0.8733,30
CS22023,Artificial Intelligence,Lecture,Computing,86,Friday,10:30-12:30,0,0,Rainy,0.7287,63
IS3112,Marketing Management (MM),Lecture,Computing,36,Wednesday,10:30-12:30,0,0,Cloudy,0.8295,30
IS3073,Management Information Systems (MIS),Lecture,Computing,38,Thursday,11:30-14:30,0,0,Sunny,0.8346,32
IT3153,Software Quality Assurance (SQA),Lecture,Computing,125,Monday,14:30-16:30,1,1,Rainy,0.9529,119
IT3162,GIS and Remote Sensing (GIS&RS),Lecture,Computing,123,Monday,12:00-13:30,0,1,Cloudy,0.9746,120
IT3153,Software Quality Assurance (SQA),Lecture,Computing,126,Monday,12:00-13:30,0,0,Sunny,0.727,92
IT3162,GIS and Remote Sensing (GIS&RS),Lecture,Computing,124,Wednesday,12:00-13:30,0,0,Sunny,0.8401,104
DS22012,Categorical Data Analysis (CDA),Lecture,Computing,86,Monday,08:30-10:30,0,0,Sunny,0.681,59
IT3182,Essentials of Artificial Intelligence (EAI),Lecture,Computing,118,Thursday,14:30-16:30,0,1,Sunny,0.9471,112
IT3133,Programming Distributed Components (PDC),Lecture,Computing,87,Tuesday,08:30-10:30,0,0,Sunny,0.7372,64
IS3112,Marketing Management (MM),Lecture,Computing,28,Wednesday,12:00-13:30,0,0,Rainy,0.7674,21
IT3162,GIS and Remote Sensing (GIS&RS),Lecture,Computing,120,Monday,12:00-13:30,0,0,Sunny,0.7377,89
CS22993,Group Project in Software Development,Lecture,Computing,77,Wednesday,09:00-11:00,0,0,Sunny,0.7743,60
IS3073,Management Information Systems (MIS),Lecture,Computing,35,Wednesday,11:30-14:30,0,0,Sunny,0.8847,31
SE22013,Software Project Management,Lecture,Computing,53,Monday,10:30-12:30,0,0,Sunny,0.8107,43
CS3253,Big Data Analytics (BA),Lecture,Computing,35,Tuesday,09:00-11:00,0,1,Sunny,0.9387,33
IT3153,Software Quality Assurance (SQA),Lecture,Computing,123,Monday,08:30-10:30,0,0,Rainy,0.6264,77
IT3103,Service Oriented Web Programming (SOWP),Lecture,Computing,87,Tuesday,08:30-10:30,0,0,Rainy,0.7136,62
IT3153,Software Quality Assurance (SQA),Lecture,Computing,126,Friday,10:30-12:30,0,1,Sunny,0.9704,122
IS3093,Financial Management Concepts (FMC),Lecture,Computing,33,Friday,11:30-14:30,1,0,Sunny,0.8958,30
IS3093,Financial Management Concepts (FMC),Lecture,Computing,41,Thursday,09:00-11:00,1,0,Sunny,0.8703,36
IT3113,Cyber Security (CS),Lecture,Computing,93,Friday,14:30-16:30,0,0,Cloudy,0.7764,72
CS22993,Group Project in Software Development,Lecture,Computing,81,Monday,09:00-11:00,0,0,Sunny,0.6875,56
IS3102,Organizational Behaviour (OB),Lecture,Computing,33,Wednesday,12:00-13:30,0,0,Sunny,0.8091,27
CS22993,Group Project in Software Development,Lecture,Computing,76,Monday,09:00-11:00,0,1,Sunny,0.9864,75
IS3073,Management Information Systems (MIS),Lecture,Computing,33,Tuesday,10:30-12:30,0,0,Rainy,0.8009,26
SE22013,Software Project Management,Lecture,Computing,55,Wednesday,10:30-12:30,0,0,Sunny,0.8511,47
CS22023,Artificial Intelligence,Lecture,Computing,82,Friday,11:30-14:30,1,0,Sunny,0.8831,72
IS3102,Organizational Behaviour (OB),Lecture,Computing,38,Monday,08:30-10:30,0,1,Rainy,0.9756,37
IS3083,E-Commerce (EC),Lecture,Computing,36,Friday,10:30-12:30,0,0,Sunny,0.7871,28
CS22993,Group Project in Software Development,Lecture,Computing,83,Thursday,10:30-12:30,0,0,Cloudy,0.882,73
IS3083,E-Commerce (EC),Lecture,Computing,38,Tuesday,14:30-16:30,0,0,Sunny,0.7845,30
IT3113,Cyber Security (CS),Lecture,Computing,90,Wednesday,14:30-16:30,0,0,Sunny,0.8125,73
IT3162,GIS and Remote Sensing (GIS&RS),Lecture,Computing,125,Tuesday,11:30-14:30,0,0,Sunny,0.8748,109
CS22993,Group Project in Software Development,Lecture,Computing,83,Thursday,10:30-12:30,0,0,Rainy,0.8326,69
SE22013,Software Project Management,Lecture,Computing,63,Monday,11:30-14:30,0,0,Sunny,0.7314,46
IS3093,Financial Management Concepts (FMC),Lecture,Computing,40,Tuesday,10:30-12:30,1,1,Rainy,0.9674,39
IT3123,Cloud Computing & Virtualization (CC&V),Lecture,Computing,87,Thursday,12:00-13:30,0,0,Cloudy,0.7891,69
IT3103,Service Oriented Web Programming (SOWP),Lecture,Computing,88,Thursday,10:30-12:30,0,0,Rainy,0.8381,74
IS3073,Management Information Systems (MIS),Lecture,Computing,37,Friday,10:30-12:30,0,1,Sunny,0.9774,36
CS22012,Advanced Data Structures & Algorithms,Lecture,Computing,81,Monday,12:00-13:30,1,0,Sunny,0.8743,71
CS3253,Big Data Analytics (BA),Lecture,Computing,39,Thursday,11:30-14:30,0,1,Sunny,0.9423,37
IT3143,Independent Study (IS),Lecture,Computing,128,Thursday,10:30-12:30,0,0,Sunny,0.8571,110
IS3073,Management Information Systems (MIS),Lecture,Computing,37,Wednesday,12:00-13:30,1,0,Cloudy,0.9043,33
CS22012,Advanced Data Structures & Algorithms,Lecture,Computing,81,Friday,10:30-12:30,0,0,Sunny,0.7721,63
DS22012,Categorical Data Analysis (CDA),Lecture,Computing,90,Tuesday,11:30-14:30,1,1,Sunny,0.9666,87
IS3093,Financial Management Concepts (FMC),Lecture,Computing,32,Monday,08:30-10:30,0,1,Sunny,0.9616,31
IT3162,GIS and Remote Sensing (GIS&RS),Lecture,Computing,124,Wednesday,10:30-12:30,1,0,Sunny,0.949,118
IT3133,Programming Distributed Components (PDC),Lecture,Computing,89,Thursday,14:30-16:30,0,0,Sunny,0.8103,72
IS3102,Organizational Behaviour (OB),Lecture,Computing,37,Thursday,10:30-12:30,0,0,Cloudy,0.9247,34
CS22012,Advanced Data Structures & Algorithms,Lecture,Computing,79,Wednesday,08:30-10:30,0,0,Sunny,0.7604,60
SE22013,Software Project Management,Lecture,Computing,58,Friday,09:00-11:00,0,0,Sunny,0.696,40
IT3143,Independent Study (IS),Lecture,Computing,124,Thursday,11:30-14:30,0,0,Cloudy,0.8663,107
IS3102,Organizational Behaviour (OB),Lecture,Computing,37,Monday,11:30-14:30,1,0,Rainy,0.8349,31
CS3253,Big Data Analytics (BA),Lecture,Computing,38,Tuesday,09:00-11:00,0,0,Cloudy,0.725,28
IT3123,Cloud Computing & Virtualization (CC&V),Lecture,Computing,86,Tuesday,10:30-12:30,0,0,Rainy,0.812,70
IS3083,E-Commerce (EC),Lecture,Computing,32,Wednesday,12:00-13:30,0,0,Sunny,0.8035,26
IT3103,Service Oriented Web Programming (SOWP),Lecture,Computing,91,Friday,14:30-16:30,0,0,Rainy,0.6741,61
IS3102,Organizational Behaviour (OB),Lecture,Computing,38,Monday,09:00-11:00,1,1,Sunny,0.99,38
IT3133,Programming Distributed Components (PDC),Lecture,Computing,84,Friday,09:00-11:00,0,1,Sunny,0.9829,83
IT3123,Cloud Computing & Virtualization (CC&V),Lecture,Computing,87,Friday,08:30-10:30,0,0,Sunny,0.6914,60
IT3123,Cloud Computing & Virtualization (CC&V),Lecture,Computing,86,Wednesday,12:00-13:30,1,0,Rainy,0.8822,76
DS22012,Categorical Data Analysis (CDA),Lecture,Computing,82,Thursday,11:30-14:30,0,0,Sunny,0.8581,70
CS22012,Advanced Data Structures & Algorithms,Lecture,Computing,77,Monday,10:30-12:30,0,0,Rainy,0.7122,55
IS3112,Marketing Management (MM),Lecture,Computing,33,Monday,08:30-10:30,1,1,Sunny,0.9249,31
IS3083,E-Commerce (EC),Lecture,Computing,36,Thursday,10:30-12:30,0,1,Sunny,0.9757,35
IT3113,Cyber Security (CS),Lecture,Computing,93,Thursday,11:30-14:30,1,0,Sunny,0.9712,90
IT3182,Essentials of Artificial Intelligence (EAI),Lecture,Computing,123,Tuesday,12:00-13:30,0,1,Sunny,0.99,122
IT3143,Independent Study (IS),Lecture,Computing,125,Monday,11:30-14:30,0,0,Rainy,0.7354,92
IS3093,Financial Management Concepts (FMC),Lecture,Computing,31,Friday,14:30-16:30,0,0,Sunny,0.7304,23
IS3102,Organizational Behaviour (OB),Lecture,Computing,30,Wednesday,11:30-14:30,0,0,Cloudy,0.8398,25
DS22012,Categorical Data Analysis (CDA),Lecture,Computing,77,Monday,08:30-10:30,0,0,Cloudy,0.7109,55
IT3153,Software Quality Assurance (SQA),Lecture,Computing,125,Thursday,11:30-14:30,0,0,Rainy,0.8137,102
IS3093,Financial Management Concepts (FMC),Lecture,Computing,38,Friday,09:00-11:00,0,0,Sunny,0.6753,26
IT3113,Cyber Security (CS),Lecture,Computing,87,Friday,12:00-13:30,0,0,Sunny,0.7708,67
IT3182,Essentials of Artificial Intelligence (EAI),Lecture,Computing,126,Thursday,08:30-10:30,0,0,Cloudy,0.7497,94
IT3143,Independent Study (IS),Lecture,Computing,133,Monday,11:30-14:30,0,0,Sunny,0.8169,109
IS3112,Marketing Management (MM),Lecture,Computing,31,Wednesday,08:30-10:30,0,0,Sunny,0.7616,24
CS22012,Advanced Data Structures & Algorithms,Lecture,Computing,80,Friday,10:30-12:30,0,0,Sunny,0.7911,63
IT3182,Essentials of Artificial Intelligence (EAI),Lecture,Computing,128,Friday,11:30-14:30,1,0,Sunny,0.9338,120
CS22023,Artificial Intelligence,Lecture,Computing,83,Thursday,09:00-11:00,1,0,Sunny,0.8673,72
CS22023,Artificial Intelligence,Lecture,Computing,88,Monday,14:30-16:30,0,0,Cloudy,0.7375,65
IS3112,Marketing Management (MM),Lecture,Computing,38,Monday,14:30-16:30,0,0,Sunny,0.7521,29
IT3133,Programming Distributed Components (PDC),Lecture,Computing,86,Tuesday,08:30-10:30,1,1,Cloudy,0.9852,85
IT3162,GIS and Remote Sensing (GIS&RS),Lecture,Computing,125,Wednesday,08:30-10:30,0,0,Sunny,0.7317,91
IT3153,Software Quality Assurance (SQA),Lecture,Computing,120,Friday,11:30-14:30,0,0,Sunny,0.8283,99
CS22993,Group Project in Software Development,Lecture,Computing,83,Tuesday,14:30-16:30,0,0,Cloudy,0.8098,67
IT3123,Cloud Computing & Virtualization (CC&V),Lecture,Computing,86,Thursday,12:00-13:30,0,0,Sunny,0.7857,68
IS3083,E-Commerce (EC),Lecture,Computing,35,Monday,09:00-11:00,0,1,Rainy,0.9771,34
IT3113,Cyber Security (CS),Lecture,Computing,94,Friday,11:30-14:30,0,0,Sunny,0.8142,77
IT3113,Cyber Security (CS),Lecture,Computing,89,Tuesday,09:00-11:00,0,0,Sunny,0.7717,69
IS3083,E-Commerce (EC),Lecture,Computing,32,Monday,10:30-12:30,0,1,Cloudy,0.9814,31
IT3153,Software Quality Assurance (SQA),Lecture,Computing,124,Tuesday,12:00-13:30,0,0,Rainy,0.7452,92
IT3123,Cloud Computing & Virtualization (CC&V),Lecture,Computing,87,Tuesday,12:00-13:30,1,1,Cloudy,0.99,86
IS3083,E-Commerce (EC),Lecture,Computing,32,Tuesday,14:30-16:30,0,0,Sunny,0.8068,26
IS3102,Organizational Behaviour (OB),Lecture,Computing,33,Monday,10:30-12:30,0,0,Sunny,0.7483,25
DS22012,Categorical Data Analysis (CDA),Lecture,Computing,88,Tuesday,09:00-11:00,0,0,Sunny,0.7699,68
CS22023,Artificial Intelligence,Lecture,Computing,84,Thursday,08:30-10:30,0,0,Cloudy,0.7704,65
CS22993,Group Project in Software Development,Lecture,Computing,77,Tuesday,09:00-11:00,0,1,Sunny,0.9633,74
IT3103,Service Oriented Web Programming (SOWP),Lecture,Computing,89,Thursday,10:30-12:30,0,0,Cloudy,0.8384,75
IT3162,GIS and Remote Sensing (GIS&RS),Lecture,Computing,122,Monday,08:30-10:30,0,0,Sunny,0.6955,85
IT3153,Software Quality Assurance (SQA),Lecture,Computing,124,Tuesday,09:00-11:00,0,0,Sunny,0.7436,92
IT3103,Service Oriented Web Programming (SOWP),Lecture,Computing,92,Tuesday,10:30-12:30,0,0,Sunny,0.8596,79
IT3162,GIS and Remote Sensing (GIS&RS),Lecture,Computing,122,Wednesday,09:00-11:00,0,1,Sunny,0.9572,117
IT3153,Software Quality Assurance (SQA),Lecture,Computing,126,Monday,09:00-11:00,0,0,Sunny,0.6853,86
IS3093,Financial Management Concepts (FMC),Lecture,Computing,38,Wednesday,09:00-11:00,0,0,Sunny,0.7658,29
IT3123,Cloud Computing & Virtualization (CC&V),Lecture,Computing,88,Tuesday,09:00-11:00,0,0,Sunny,0.752,66
IS3112,Marketing Management (MM),Lecture,Computing,31,Thursday,10:30-12:30,0,0,Sunny,0.8722,27
IS3093,Financial Management Concepts (FMC),Lecture,Computing,35,Tuesday,08:30-10:30,0,0,Sunny,0.7324,26
IS3073,Management Information Systems (MIS),Lecture,Computing,32,Monday,12:00-13:30,0,0,Cloudy,0.7515,24
IT3162,GIS and Remote Sensing (GIS&RS),Lecture,Computing,123,Thursday,14:30-16:30,0,0,Sunny,0.8379,103
DS22012,Categorical Data Analysis (CDA),Lecture,Computing,85,Tuesday,09:00-11:00,0,0,Sunny,0.7646,65
IT3133,Programming Distributed Components (PDC),Lecture,Computing,88,Tuesday,10:30-12:30,0,0,Cloudy,0.9018,79
IT3182,Essentials of Artificial Intelligence (EAI),Lecture,Computing,126,Monday,09:00-11:00,0,0,Cloudy,0.6731,85
IT3113,Cyber Security (CS),Lecture,Computing,86,Wednesday,11:30-14:30,0,0,Cloudy,0.8761,75
IS3083,E-Commerce (EC),Lecture,Computing,31,Wednesday,10:30-12:30,0,0,Rainy,0.8197,25
IT3103,Service Oriented Web Programming (SOWP),Lecture,Computing,91,Wednesday,10:30-12:30,0,1,Sunny,0.9581,87
CS22993,Group Project in Software Development,Lecture,Computing,80,Tuesday,08:30-10:30,0,0,Cloudy,0.7476,60
IS3093,Financial Management Concepts (FMC),Lecture,Computing,34,Monday,09:00-11:00,0,0,Sunny,0.6768,23
IS3102,Organizational Behaviour (OB),Lecture,Computing,36,Monday,11:30-14:30,0,0,Sunny,0.7778,28
SE22013,Software Project Management,Lecture,Computing,56,Friday,09:00-11:00,0,0,Rainy,0.6674,37
DS22012,Categorical Data Analysis (CDA),Lecture,Computing,85,Tuesday,10:30-12:30,0,0,Sunny,0.8823,75
IT3103,Service Oriented Web Programming (SOWP),Lecture,Computing,84,Wednesday,08:30-10:30,0,0,Rainy,0.6791,57
IS3112,Marketing Management (MM),Lecture,Computing,32,Monday,12:00-13:30,0,0,Sunny,0.7574,24
CS22012,Advanced Data Structures & Algorithms,Lecture,Computing,83,Friday,10:30-12:30,0,0,Sunny,0.7861,65
IT3133,Programming Distributed Components (PDC),Lecture,Computing,91,Friday,10:30-12:30,0,1,Sunny,0.9869,90
IS3093,Financial Management Concepts (FMC),Lecture,Computing,28,Tuesday,14:30-16:30,0,0,Sunny,0.8228,23
IT3133,Programming Distributed Components (PDC),Lecture,Computing,90,Tuesday,08:30-10:30,0,0,Sunny,0.7608,68
IS3093,Financial Management Concepts (FMC),Lecture,Computing,32,Friday,09:00-11:00,1,0,Sunny,0.8193,26
IS3112,Marketing Management (MM),Lecture,Computing,35,Monday,09:00-11:00,0,0,Sunny,0.7103,25
IS3083,E-Commerce (EC),Lecture,Computing,37,Wednesday,09:00-11:00,1,0,Sunny,0.8659,32
CS22023,Artificial Intelligence,Lecture,Computing,82,Wednesday,11:30-14:30,0,1,Sunny,0.9353,77
DS22012,Categorical Data Analysis (CDA),Lecture,Computing,84,Monday,10:30-12:30,0,0,Sunny,0.7976,67
IS3093,Financial Management Concepts (FMC),Lecture,Computing,32,Wednesday,11:30-14:30,1,0,Sunny,0.9566,31
IS3102,Organizational Behaviour (OB),Lecture,Computing,34,Thursday,08:30-10:30,0,0,Cloudy,0.7396,25
IS3083,E-Commerce (EC),Lecture,Computing,36,Friday,10:30-12:30,0,0,Sunny,0.7955,29
IS3102,Organizational Behaviour (OB),Lecture,Computing,31,Wednesday,11:30-14:30,1,0,Sunny,0.99,31
IS3073,Management Information Systems (MIS),Lecture,Computing,35,Monday,10:30-12:30,0,0,Sunny,0.7694,27
IT3103,Service Oriented Web Programming (SOWP),Lecture,Computing,93,Wednesday,09:00-11:00,0,0,Cloudy,0.7383,69
CS22012,Advanced Data Structures & Algorithms,Lecture,Computing,82,Wednesday,11:30-14:30,1,1,Sunny,0.99,81
IS3093,Financial Management Concepts (FMC),Lecture,Computing,36,Friday,12:00-13:30,0,0,Sunny,0.7701,28
IT3153,Software Quality Assurance (SQA),Lecture,Computing,124,Tuesday,08:30-10:30,0,0,Sunny,0.7951,99
IT3123,Cloud Computing & Virtualization (CC&V),Lecture,Computing,82,Thursday,09:00-11:00,0,0,Sunny,0.7773,64
IT3123,Cloud Computing & Virtualization (CC&V),Lecture,Computing,92,Thursday,12:00-13:30,0,0,Sunny,0.8103,75
DS22012,Categorical Data Analysis (CDA),Lecture,Computing,82,Monday,10:30-12:30,0,0,Sunny,0.7855,64
IT3133,Programming Distributed Components (PDC),Lecture,Computing,88,Monday,11:30-14:30,1,0,Sunny,0.9248,81
IS3093,Financial Management Concepts (FMC),Lecture,Computing,33,Friday,14:30-16:30,0,0,Cloudy,0.7644,25
IT3182,Essentials of Artificial Intelligence (EAI),Lecture,Computing,130,Friday,11:30-14:30,0,0,Cloudy,0.807,105
IS3093,Financial Management Concepts (FMC),Lecture,Computing,33,Monday,10:30-12:30,1,0,Sunny,0.8894,29
IS3093,Financial Management Concepts (FMC),Lecture,Computing,32,Monday,08:30-10:30,1,0,Sunny,0.7633,24
IT3123,Cloud Computing & Virtualization (CC&V),Lecture,Computing,90,Thursday,08:30-10:30,0,0,Rainy,0.6796,61
IT3182,Essentials of Artificial Intelligence (EAI),Lecture,Computing,123,Friday,10:30-12:30,1,0,Cloudy,0.8959,110
IT3153,Software Quality Assurance (SQA),Lecture,Computing,127,Monday,10:30-12:30,0,0,Sunny,0.8102,103
IT3113,Cyber Security (CS),Lecture,Computing,90,Wednesday,09:00-11:00,0,1,Rainy,0.9696,87
IT3123,Cloud Computing & Virtualization (CC&V),Lecture,Computing,84,Monday,08:30-10:30,0,1,Cloudy,0.9708,82
IT3123,Cloud Computing & Virtualization (CC&V),Lecture,Computing,89,Wednesday,08:30-10:30,0,0,Sunny,0.7679,68
IT3133,Programming Distributed Components (PDC),Lecture,Computing,89,Wednesday,08:30-10:30,0,1,Sunny,0.9474,84
CS22993,Group Project in Software Development,Lecture,Computing,76,Tuesday,09:00-11:00,0,0,Cloudy,0.7663,58
IS3093,Financial Management Concepts (FMC),Lecture,Computing,32,Thursday,11:30-14:30,1,0,Sunny,0.9484,30
IT3162,GIS and Remote Sensing (GIS&RS),Lecture,Computing,122,Wednesday,08:30-10:30,0,0,Sunny,0.8076,99
IT3133,Programming Distributed Components (PDC),Lecture,Computing,93,Wednesday,12:00-13:30,0,0,Sunny,0.8262,77
IT3143,Independent Study (IS),Lecture,Computing,122,Tuesday,11:30-14:30,0,0,Sunny,0.8525,104
IS3102,Organizational Behaviour (OB),Lecture,Computing,29,Wednesday,08:30-10:30,0,0,Cloudy,0.7346,21
SE22013,Software Project Management,Lecture,Computing,54,Tuesday,08:30-10:30,0,0,Cloudy,0.7668,41
IT3103,Service Oriented Web Programming (SOWP),Lecture,Computing,87,Monday,14:30-16:30,0,1,Sunny,0.9865,86
DS22012,Categorical Data Analysis (CDA),Lecture,Computing,84,Thursday,09:00-11:00,1,0,Cloudy,0.8184,69
IT3182,Essentials of Artificial Intelligence (EAI),Lecture,Computing,124,Tuesday,09:00-11:00,1,0,Sunny,0.8431,105
IT3133,Programming Distributed Components (PDC),Lecture,Computing,95,Tuesday,12:00-13:30,1,1,Sunny,0.9499,90
IS3112,Marketing Management (MM),Lecture,Computing,41,Wednesday,08:30-10:30,0,0,Cloudy,0.7576,31
IS3102,Organizational Behaviour (OB),Lecture,Computing,34,Wednesday,08:30-10:30,0,0,Cloudy,0.7558,26
IT3143,Independent Study (IS),Lecture,Computing,122,Thursday,10:30-12:30,0,0,Sunny,0.8734,107
IS3102,Organizational Behaviour (OB),Lecture,Computing,34,Tuesday,11:30-14:30,0,0,Rainy,0.8192,28
IT3162,GIS and Remote Sensing (GIS&RS),Lecture,Computing,128,Thursday,12:00-13:30,0,1,Sunny,0.9631,123
IT3133,Programming Distributed Components (PDC),Lecture,Computing,89,Wednesday,12:00-13:30,0,0,Sunny,0.8092,72
IT3123,Cloud Computing & Virtualization (CC&V),Lecture,Computing,86,Friday,10:30-12:30,0,0,Sunny,0.7884,68
IS3083,E-Commerce (EC),Lecture,Computing,37,Friday,08:30-10:30,0,1,Sunny,0.9776,36
CS22993,Group Project in Software Development,Lecture,Computing,87,Tuesday,10:30-12:30,0,0,Sunny,0.842,73
IT3153,Software Quality Assurance (SQA),Lecture,Computing,122,Monday,12:00-13:30,0,0,Rainy,0.6993,85
IT3162,GIS and Remote Sensing (GIS&RS),Lecture,Computing,122,Friday,12:00-13:30,0,0,Cloudy,0.7308,89
IS3083,E-Commerce (EC),Lecture,Computing,31,Thursday,08:30-10:30,1,0,Sunny,0.8673,27
IS3073,Management Information Systems (MIS),Lecture,Computing,37,Tuesday,10:30-12:30,0,0,Sunny,0.8591,32
IT3123,Cloud Computing & Virtualization (CC&V),Lecture,Computing,85,Monday,09:00-11:00,0,0,Sunny,0.674,57
IT3162,GIS and Remote Sensing (GIS&RS),Lecture,Computing,125,Tuesday,09:00-11:00,0,0,Sunny,0.7706,96
CS22023,Artificial Intelligence,Lecture,Computing,83,Wednesday,10:30-12:30,0,1,Cloudy,0.982,82
IS3083,E-Commerce (EC),Lecture,Computing,38,Monday,11:30-14:30,0,0,Cloudy,0.8079,31
CS3253,Big Data Analytics (BA),Lecture,Computing,37,Wednesday,10:30-12:30,0,0,Sunny,0.8268,31
CS22012,Advanced Data Structures & Algorithms,Lecture,Computing,84,Thursday,09:00-11:00,1,0,Sunny,0.8981,75
IS3083,E-Commerce (EC),Lecture,Computing,34,Tuesday,10:30-12:30,0,1,Sunny,0.9662,33
IT3153,Software Quality Assurance (SQA),Lecture,Computing,124,Monday,11:30-14:30,0,0,Sunny,0.7812,97
CS22023,Artificial Intelligence,Lecture,Computing,79,Monday,08:30-10:30,0,0,Sunny,0.7013,55
IT3113,Cyber Security (CS),Lecture,Computing,87,Tuesday,10:30-12:30,0,0,Cloudy,0.8547,74
IT3103,Service Oriented Web Programming (SOWP),Lecture,Computing,93,Thursday,11:30-14:30,1,0,Sunny,0.9726,90
CS3253,Big Data Analytics (BA),Lecture,Computing,41,Tuesday,09:00-11:00,1,0,Sunny,0.8675,36
IT3162,GIS and Remote Sensing (GIS&RS),Lecture,Computing,121,Friday,10:30-12:30,1,0,Sunny,0.9034,109
CS22012,Advanced Data Structures & Algorithms,Lecture,Computing,79,Friday,11:30-14:30,1,1,Sunny,0.9515,75
IT3162,GIS and Remote Sensing (GIS&RS),Lecture,Computing,124,Wednesday,11:30-14:30,0,0,Rainy,0.8471,105
IT3123,Cloud Computing & Virtualization (CC&V),Lecture,Computing,92,Thursday,10:30-12:30,1,0,Sunny,0.9778,90
IT3133,Programming Distributed Components (PDC),Lecture,Computing,88,Friday,12:00-13:30,1,0,Sunny,0.8376,74
IS3093,Financial Management Concepts (FMC),Lecture,Computing,32,Thursday,12:00-13:30,0,0,Sunny,0.828,26
IT3162,GIS and Remote Sensing (GIS&RS),Lecture,Computing,121,Monday,14:30-16:30,0,0,Cloudy,0.7379,89
SE22013,Software Project Management,Lecture,Computing,59,Tuesday,08:30-10:30,0,0,Sunny,0.7817,46
IT3143,Independent Study (IS),Lecture,Computing,117,Tuesday,09:00-11:00,0,1,Sunny,0.9509,111
IT3182,Essentials of Artificial Intelligence (EAI),Lecture,Computing,125,Wednesday,08:30-10:30,1,0,Sunny,0.8187,102
IT3133,Programming Distributed Components (PDC),Lecture,Computing,85,Monday,09:00-11:00,0,0,Sunny,0.6947,59
CS3253,Big Data Analytics (BA),Lecture,Computing,44,Tuesday,12:00-13:30,1,0,Sunny,0.9165,40
IT3143,Independent Study (IS),Lecture,Computing,125,Monday,11:30-14:30,0,0,Cloudy,0.7393,92
CS22993,Group Project in Software Development,Lecture,Computing,82,Tuesday,11:30-14:30,1,1,Sunny,0.9177,75
IT3113,Cyber Security (CS),Lecture,Computing,88,Monday,12:00-13:30,0,0,Sunny,0.7364,65
IS3093,Financial Management Concepts (FMC),Lecture,Computing,32,Monday,10:30-12:30,1,0,Sunny,0.8818,28
IS3102,Organizational Behaviour (OB),Lecture,Computing,38,Thursday,11:30-14:30,0,0,Cloudy,0.8461,32
CS22023,Artificial Intelligence,Lecture,Computing,85,Monday,08:30-10:30,0,0,Sunny,0.6548,56
IT3113,Cyber Security (CS),Lecture,Computing,90,Thursday,08:30-10:30,0,1,Sunny,0.9811,88
IS3083,E-Commerce (EC),Lecture,Computing,32,Monday,08:30-10:30,0,0,Rainy,0.6216,20
CS22023,Artificial Intelligence,Lecture,Computing,88,Tuesday,08:30-10:30,1,0,Sunny,0.8498,75
CS22993,Group Project in Software Development,Lecture,Computing,81,Wednesday,11:30-14:30,0,0,Sunny,0.8546,69
DS22012,Categorical Data Analysis (CDA),Lecture,Computing,86,Tuesday,08:30-10:30,0,0,Sunny,0.772,66
IT3113,Cyber Security (CS),Lecture,Computing,89,Tuesday,08:30-10:30,0,0,Cloudy,0.7379,66
IT3123,Cloud Computing & Virtualization (CC&V),Lecture,Computing,87,Tuesday,12:00-13:30,1,0,Cloudy,0.9011,78
CS22993,Group Project in Software Development,Lecture,Computing,79,Monday,08:30-10:30,0,0,Sunny,0.7113,56
IT3123,Cloud Computing & Virtualization (CC&V),Lecture,Computing,90,Tuesday,08:30-10:30,0,0,Rainy,0.7249,65
IT3123,Cloud Computing & Virtualization (CC&V),Lecture,Computing,87,Thursday,08:30-10:30,0,0,Cloudy,0.8001,70
IT3103,Service Oriented Web Programming (SOWP),Lecture,Computing,89,Tuesday,08:30-10:30,0,0,Sunny,0.7604,68
IT3133,Programming Distributed Components (PDC),Lecture,Computing,86,Thursday,08:30-10:30,0,0,Cloudy,0.7606,65
IT3162,GIS and Remote Sensing (GIS&RS),Lecture,Computing,124,Thursday,09:00-11:00,0,1,Sunny,0.956,119
IT3113,Cyber Security (CS),Lecture,Computing,88,Friday,10:30-12:30,0,1,Cloudy,0.9525,84
SE22013,Software Project Management,Lecture,Computing,58,Monday,09:00-11:00,0,1,Sunny,0.959,56
IS3102,Organizational Behaviour (OB),Lecture,Computing,37,Monday,08:30-10:30,1,0,Cloudy,0.8166,30
IT3153,Software Quality Assurance (SQA),Lecture,Computing,124,Thursday,09:00-11:00,0,0,Sunny,0.7801,97
IT3182,Essentials of Artificial Intelligence (EAI),Lecture,Computing,122,Thursday,12:00-13:30,0,0,Sunny,0.8077,99
IT3113,Cyber Security (CS),Lecture,Computing,88,Tuesday,11:30-14:30,0,0,Cloudy,0.8577,75
IS3102,Organizational Behaviour (OB),Lecture,Computing,36,Thursday,09:00-11:00,0,0,Cloudy,0.7578,27
IS3093,Financial Management Concepts (FMC),Lecture,Computing,36,Wednesday,12:00-13:30,0,0,Rainy,0.7835,28
CS22993,Group Project in Software Development,Lecture,Computing,77,Monday,09:00-11:00,0,0,Cloudy,0.6816,52
IS3073,Management Information Systems (MIS),Lecture,Computing,31,Monday,08:30-10:30,0,0,Sunny,0.6903,21
IS3073,Management Information Systems (MIS),Lecture,Computing,35,Thursday,08:30-10:30,0,0,Cloudy,0.7506,26
IS3083,E-Commerce (EC),Lecture,Computing,40,Thursday,08:30-10:30,0,1,Sunny,0.9892,40
SE22013,Software Project Management,Lecture,Computing,55,Friday,09:00-11:00,0,0,Cloudy,0.7003,39
CS22023,Artificial Intelligence,Lecture,Computing,85,Wednesday,09:00-11:00,0,0,Sunny,0.7375,63
CS3253,Big Data Analytics (BA),Lecture,Computing,45,Tuesday,09:00-11:00,0,1,Sunny,0.9867,44
SE22013,Software Project Management,Lecture,Computing,62,Monday,08:30-10:30,0,0,Cloudy,0.6835,42
IS3073,Management Information Systems (MIS),Lecture,Computing,39,Tuesday,09:00-11:00,0,0,Sunny,0.7772,30
IT3143,Independent Study (IS),Lecture,Computing,127,Monday,10:30-12:30,0,0,Sunny,0.7778,99
CS22023,Artificial Intelligence,Lecture,Computing,86,Tuesday,08:30-10:30,1,0,Cloudy,0.8549,74
IT3162,GIS and Remote Sensing (GIS&RS),Lecture,Computing,124,Tuesday,12:00-13:30,0,0,Sunny,0.8388,104
IT3133,Programming Distributed Components (PDC),Lecture,Computing,88,Tuesday,11:30-14:30,0,0,Sunny,0.865,76
IT3182,Essentials of Artificial Intelligence (EAI),Lecture,Computing,125,Tuesday,09:00-11:00,1,1,Sunny,0.968,121
CS22012,Advanced Data Structures & Algorithms,Lecture,Computing,82,Friday,10:30-12:30,0,1,Sunny,0.9375,77
IT3113,Cyber Security (CS),Lecture,Computing,93,Wednesday,10:30-12:30,0,1,Cloudy,0.9411,88
CS22993,Group Project in Software Development,Lecture,Computing,79,Monday,11:30-14:30,1,0,Sunny,0.8823,70
IT3153,Software Quality Assurance (SQA),Lecture,Computing,125,Tuesday,11:30-14:30,0,0,Cloudy,0.8442,106
IS3112,Marketing Management (MM),Lecture,Computing,36,Tuesday,10:30-12:30,0,0,Cloudy,0.8415,30
IT3162,GIS and Remote Sensing (GIS&RS),Lecture,Computing,123,Thursday,12:00-13:30,0,0,Cloudy,0.7983,98
IT3182,Essentials of Artificial Intelligence (EAI),Lecture,Computing,123,Monday,10:30-12:30,0,0,Sunny,0.7957,98
IS3083,E-Commerce (EC),Lecture,Computing,38,Wednesday,08:30-10:30,1,0,Cloudy,0.8406,32
CS22023,Artificial Intelligence,Lecture,Computing,89,Tuesday,11:30-14:30,0,0,Rainy,0.8094,72
IS3083,E-Commerce (EC),Lecture,Computing,33,Thursday,08:30-10:30,0,1,Sunny,0.9555,32
CS22012,Advanced Data Structures & Algorithms,Lecture,Computing,82,Thursday,12:00-13:30,0,0,Cloudy,0.8296,68
SE22013,Software Project Management,Lecture,Computing,60,Wednesday,08:30-10:30,0,0,Cloudy,0.7847,47
IT3143,Independent Study (IS),Lecture,Computing,129,Thursday,11:30-14:30,1,0,Cloudy,0.984,127
SE22013,Software Project Management,Lecture,Computing,55,Thursday,11:30-14:30,0,0,Sunny,0.8715,48
IT3182,Essentials of Artificial Intelligence (EAI),Lecture,Computing,127,Wednesday,09:00-11:00,0,0,Cloudy,0.7421,94
IT3182,Essentials of Artificial Intelligence (EAI),Lecture,Computing,121,Wednesday,08:30-10:30,0,0,Cloudy,0.7354,89
IS3102,Organizational Behaviour (OB),Lecture,Computing,39,Thursday,11:30-14:30,0,0,Sunny,0.8982,35
IS3093,Financial Management Concepts (FMC),Lecture,Computing,29,Thursday,08:30-10:30,0,0,Sunny,0.7684,22
IS3102,Organizational Behaviour (OB),Lecture,Computing,34,Friday,11:30-14:30,1,0,Cloudy,0.8842,30
IS3112,Marketing Management (MM),Lecture,Computing,31,Thursday,11:30-14:30,0,0,Sunny,0.8379,26
IT3153,Software Quality Assurance (SQA),Lecture,Computing,123,Tuesday,12:00-13:30,0,0,Sunny,0.8482,104
IT3123,Cloud Computing & Virtualization (CC&V),Lecture,Computing,90,Monday,11:30-14:30,0,0,Sunny,0.7969,72
CS3253,Big Data Analytics (BA),Lecture,Computing,41,Wednesday,14:30-16:30,0,1,Sunny,0.9826,40
DS22012,Categorical Data Analysis (CDA),Lecture,Computing,83,Tuesday,10:30-12:30,0,0,Rainy,0.8025,67
CS22012,Advanced Data Structures & Algorithms,Lecture,Computing,85,Tuesday,12:00-13:30,0,0,Sunny,0.7945,68
IT3123,Cloud Computing & Virtualization (CC&V),Lecture,Computing,87,Thursday,11:30-14:30,0,0,Sunny,0.8697,76
SE22013,Software Project Management,Lecture,Computing,57,Tuesday,10:30-12:30,0,0,Sunny,0.8371,48
IS3112,Marketing Management (MM),Lecture,Computing,32,Monday,10:30-12:30,0,0,Sunny,0.8136,26
CS22023,Artificial Intelligence,Lecture,Computing,81,Tuesday,12:00-13:30,1,0,Cloudy,0.9102,74
CS22012,Advanced Data Structures & Algorithms,Lecture,Computing,82,Wednesday,08:30-10:30,0,1,Rainy,0.9616,79
IT3133,Programming Distributed Components (PDC),Lecture,Computing,89,Friday,12:00-13:30,0,1,Sunny,0.9397,84
IS3093,Financial Management Concepts (FMC),Lecture,Computing,38,Wednesday,12:00-13:30,1,0,Sunny,0.9325,35
CS3253,Big Data Analytics (BA),Lecture,Computing,39,Thursday,10:30-12:30,0,0,Rainy,0.8272,32
SE22013,Software Project Management,Lecture,Computing,55,Tuesday,09:00-11:00,0,0,Sunny,0.7737,43
IS3093,Financial Management Concepts (FMC),Lecture,Computing,36,Monday,08:30-10:30,0,0,Cloudy,0.6722,24
IS3093,Financial Management Concepts (FMC),Lecture,Computing,29,Thursday,09:00-11:00,0,0,Cloudy,0.7736,22
IT3123,Cloud Computing & Virtualization (CC&V),Lecture,Computing,87,Monday,08:30-10:30,0,0,Cloudy,0.6711,58
IT3182,Essentials of Artificial Intelligence (EAI),Lecture,Computing,123,Wednesday,12:00-13:30,0,1,Sunny,0.9745,120
IT3133,Programming Distributed Components (PDC),Lecture,Computing,87,Tuesday,11:30-14:30,0,0,Sunny,0.8447,73
IT3153,Software Quality Assurance (SQA),Lecture,Computing,128,Tuesday,09:00-11:00,0,0,Sunny,0.7756,99
SE22013,Software Project Management,Lecture,Computing,57,Tuesday,08:30-10:30,0,1,Sunny,0.9896,56
CS22023,Artificial Intelligence,Lecture,Computing,80,Friday,11:30-14:30,0,0,Cloudy,0.7557,60
IS3083,E-Commerce (EC),Lecture,Computing,35,Tuesday,11:30-14:30,0,0,Cloudy,0.845,30
CS22023,Artificial Intelligence,Lecture,Computing,80,Thursday,08:30-10:30,0,0,Sunny,0.7476,60
CS3253,Big Data Analytics (BA),Lecture,Computing,42,Monday,09:00-11:00,0,0,Sunny,0.6927,29
SE22013,Software Project Management,Lecture,Computing,61,Monday,14:30-16:30,0,0,Sunny,0.7394,45
IT3182,Essentials of Artificial Intelligence (EAI),Lecture,Computing,125,Thursday,09:00-11:00,0,0,Sunny,0.7582,95
IT3133,Programming Distributed Components (PDC),Lecture,Computing,87,Tuesday,11:30-14:30,0,1,Rainy,0.969,84
CS22993,Group Project in Software Development,Lecture,Computing,86,Thursday,09:00-11:00,0,1,Sunny,0.99,85
IT3123,Cloud Computing & Virtualization (CC&V),Lecture,Computing,90,Tuesday,11:30-14:30,1,0,Sunny,0.9759,88
IS3083,E-Commerce (EC),Lecture,Computing,35,Wednesday,09:00-11:00,0,0,Cloudy,0.7817,27
IS3112,Marketing Management (MM),Lecture,Computing,34,Friday,10:30-12:30,0,0,Cloudy,0.7455,25
SE22013,Software Project Management,Lecture,Computing,56,Tuesday,11:30-14:30,0,0,Cloudy,0.8743,49
CS3253,Big Data Analytics (BA),Lecture,Computing,33,Thursday,10:30-12:30,1,0,Sunny,0.9574,32
IT3143,Independent Study (IS),Lecture,Computing,127,Wednesday,08:30-10:30,0,0,Rainy,0.6942,88
IS3093,Financial Management Concepts (FMC),Lecture,Computing,30,Thursday,12:00-13:30,0,1,Rainy,0.9539,29
CS22993,Group Project in Software Development,Lecture,Computing,80,Tuesday,14:30-16:30,0,1,Sunny,0.9756,78
SE22013,Software Project Management,Lecture,Computing,54,Tuesday,10:30-12:30,0,0,Sunny,0.8686,47
CS22012,Advanced Data Structures & Algorithms,Lecture,Computing,81,Thursday,09:00-11:00,1,0,Sunny,0.8778,71
IT3133,Programming Distributed Components (PDC),Lecture,Computing,85,Tuesday,08:30-10:30,1,0,Rainy,0.7955,68
IT3133,Programming Distributed Components (PDC),Lecture,Computing,91,Thursday,09:00-11:00,1,0,Cloudy,0.8379,76
IT3113,Cyber Security (CS),Lecture,Computing,88,Tuesday,11:30-14:30,0,1,Sunny,0.9724,86
IS3073,Management Information Systems (MIS),Lecture,Computing,34,Monday,08:30-10:30,1,0,Cloudy,0.7687,26
IT3113,Cyber Security (CS),Lecture,Computing,86,Tuesday,12:00-13:30,0,0,Sunny,0.8031,69
IS3102,Organizational Behaviour (OB),Lecture,Computing,34,Friday,09:00-11:00,0,0,Rainy,0.6425,22
IS3102,Organizational Behaviour (OB),Lecture,Computing,32,Monday,09:00-11:00,0,0,Sunny,0.686,22
DS22012,Categorical Data Analysis (CDA),Lecture,Computing,84,Friday,08:30-10:30,0,1,Sunny,0.9556,80
SE22013,Software Project Management,Lecture,Computing,55,Monday,14:30-16:30,0,1,Sunny,0.9761,54
IT3133,Programming Distributed Components (PDC),Lecture,Computing,87,Thursday,09:00-11:00,0,1,Cloudy,0.9692,84
CS3253,Big Data Analytics (BA),Lecture,Computing,40,Wednesday,08:30-10:30,0,0,Sunny,0.7333,29
IT3103,Service Oriented Web Programming (SOWP),Lecture,Computing,88,Friday,11:30-14:30,0,0,Rainy,0.7538,66
IT3182,Essentials of Artificial Intelligence (EAI),Lecture,Computing,124,Wednesday,08:30-10:30,1,0,Sunny,0.8461,105
IT3113,Cyber Security (CS),Lecture,Computing,85,Thursday,11:30-14:30,0,1,Sunny,0.99,84
IT3123,Cloud Computing & Virtualization (CC&V),Lecture,Computing,93,Monday,12:00-13:30,1,0,Sunny,0.8508,79
DS22012,Categorical Data Analysis (CDA),Lecture,Computing,81,Monday,08:30-10:30,1,0,Sunny,0.8018,65
IS3073,Management Information Systems (MIS),Lecture,Computing,37,Wednesday,08:30-10:30,0,1,Sunny,0.9453,35
IS3093,Financial Management Concepts (FMC),Lecture,Computing,35,Tuesday,14:30-16:30,0,0,Sunny,0.836,29
IT3123,Cloud Computing & Virtualization (CC&V),Lecture,Computing,91,Tuesday,09:00-11:00,0,0,Sunny,0.7151,65
IT3113,Cyber Security (CS),Lecture,Computing,90,Thursday,12:00-13:30,0,1,Sunny,0.9801,88
IT3123,Cloud Computing & Virtualization (CC&V),Lecture,Computing,91,Tuesday,11:30-14:30,0,0,Sunny,0.8343,76
IS3093,Financial Management Concepts (FMC),Lecture,Computing,32,Wednesday,14:30-16:30,0,0,Sunny,0.7911,25
CS22023,Artificial Intelligence,Lecture,Computing,84,Wednesday,11:30-14:30,0,0,Cloudy,0.8598,72
IS3102,Organizational Behaviour (OB),Lecture,Computing,37,Monday,11:30-14:30,0,0,Cloudy,0.7997,30
IT3143,Independent Study (IS),Lecture,Computing,130,Monday,12:00-13:30,0,0,Sunny,0.7142,93
IT3143,Independent Study (IS),Lecture,Computing,125,Tuesday,11:30-14:30,0,0,Cloudy,0.8794,110
IS3073,Management Information Systems (MIS),Lecture,Computing,36,Thursday,09:00-11:00,1,1,Rainy,0.99,36
CS22012,Advanced Data Structures & Algorithms,Lecture,Computing,85,Wednesday,11:30-14:30,1,0,Sunny,0.9066,77
IT3153,Software Quality Assurance (SQA),Lecture,Computing,122,Wednesday,08:30-10:30,0,0,Rainy,0.6904,84
IS3083,E-Commerce (EC),Lecture,Computing,36,Monday,10:30-12:30,0,0,Cloudy,0.8035,29
IT3113,Cyber Security (CS),Lecture,Computing,91,Tuesday,10:30-12:30,0,1,Sunny,0.99,90
IS3093,Financial Management Concepts (FMC),Lecture,Computing,28,Monday,09:00-11:00,1,0,Sunny,0.7677,21
CS22012,Advanced Data Structures & Algorithms,Lecture,Computing,71,Monday,11:30-14:30,0,0,Sunny,0.8318,59
IT3113,Cyber Security (CS),Lecture,Computing,88,Thursday,11:30-14:30,0,0,Cloudy,0.8792,77
IT3123,Cloud Computing & Virtualization (CC&V),Lecture,Computing,89,Thursday,09:00-11:00,0,0,Sunny,0.8023,71
IT3153,Software Quality Assurance (SQA),Lecture,Computing,122,Friday,09:00-11:00,0,0,Cloudy,0.7239,88
IS3083,E-Commerce (EC),Lecture,Computing,40,Monday,09:00-11:00,0,0,Sunny,0.6948,28
CS22993,Group Project in Software Development,Lecture,Computing,82,Monday,09:00-11:00,0,0,Rainy,0.6399,52
IS3102,Organizational Behaviour (OB),Lecture,Computing,34,Tuesday,14:30-16:30,0,0,Cloudy,0.8093,28
IS3083,E-Commerce (EC),Lecture,Computing,31,Friday,11:30-14:30,0,1,Cloudy,0.9833,30
IS3083,E-Commerce (EC),Lecture,Computing,40,Monday,11:30-14:30,1,0,Cloudy,0.8899,36
IT3133,Programming Distributed Components (PDC),Lecture,Computing,84,Wednesday,09:00-11:00,1,1,Rainy,0.9573,80
IT3143,Independent Study (IS),Lecture,Computing,127,Wednesday,09:00-11:00,0,0,Rainy,0.717,91
IT3153,Software Quality Assurance (SQA),Lecture,Computing,122,Monday,12:00-13:30,0,0,Sunny,0.7584,93
CS22012,Advanced Data Structures & Algorithms,Lecture,Computing,77,Friday,09:00-11:00,0,0,Sunny,0.7074,54
IT3133,Programming Distributed Components (PDC),Lecture,Computing,91,Thursday,14:30-16:30,0,0,Sunny,0.8239,75
IS3102,Organizational Behaviour (OB),Lecture,Computing,38,Friday,10:30-12:30,0,0,Sunny,0.7575,29
IT3153,Software Quality Assurance (SQA),Lecture,Computing,127,Friday,11:30-14:30,1,0,Sunny,0.8824,112
IT3123,Cloud Computing & Virtualization (CC&V),Lecture,Computing,91,Tuesday,09:00-11:00,1,0,Cloudy,0.8814,80
IT3103,Service Oriented Web Programming (SOWP),Lecture,Computing,87,Monday,10:30-12:30,0,0,Sunny,0.7816,68
IT3143,Independent Study (IS),Lecture,Computing,119,Thursday,10:30-12:30,0,1,Sunny,0.9826,117
CS22023,Artificial Intelligence,Lecture,Computing,78,Tuesday,12:00-13:30,1,1,Cloudy,0.99,77
IT3133,Programming Distributed Components (PDC),Lecture,Computing,91,Tuesday,09:00-11:00,0,0,Sunny,0.7743,70
SE22013,Software Project Management,Lecture,Computing,53,Monday,12:00-13:30,0,1,Sunny,0.9154,49
IS3112,Marketing Management (MM),Lecture,Computing,28,Wednesday,10:30-12:30,0,1,Sunny,0.9734,27
IS3102,Organizational Behaviour (OB),Lecture,Computing,35,Friday,08:30-10:30,0,0,Sunny,0.7059,25
IT3123,Cloud Computing & Virtualization (CC&V),Lecture,Computing,93,Friday,08:30-10:30,0,0,Sunny,0.6675,62
IT3153,Software Quality Assurance (SQA),Lecture,Computing,126,Monday,09:00-11:00,0,1,Sunny,0.9634,121
CS22012,Advanced Data Structures & Algorithms,Lecture,Computing,79,Tuesday,14:30-16:30,0,0,Sunny,0.8052,64
IT3143,Independent Study (IS),Lecture,Computing,125,Monday,09:00-11:00,0,0,Rainy,0.6606,83
IS3073,Management Information Systems (MIS),Lecture,Computing,33,Tuesday,12:00-13:30,0,0,Rainy,0.7656,25
CS22023,Artificial Intelligence,Lecture,Computing,81,Tuesday,10:30-12:30,0,1,Sunny,0.9885,80
SE22013,Software Project Management,Lecture,Computing,63,Thursday,11:30-14:30,1,0,Sunny,0.9164,58
CS22993,Group Project in Software Development,Lecture,Computing,81,Monday,10:30-12:30,0,0,Cloudy,0.7831,63
DS22012,Categorical Data Analysis (CDA),Lecture,Computing,80,Tuesday,12:00-13:30,1,0,Cloudy,0.8869,71
SE22013,Software Project Management,Lecture,Computing,54,Tuesday,14:30-16:30,1,0,Sunny,0.9495,51
IT3123,Cloud Computing & Virtualization (CC&V),Lecture,Computing,86,Tuesday,10:30-12:30,0,0,Sunny,0.8529,73
SE22013,Software Project Management,Lecture,Computing,54,Friday,10:30-12:30,0,0,Cloudy,0.7988,43
IS3083,E-Commerce (EC),Lecture,Computing,37,Wednesday,09:00-11:00,1,0,Cloudy,0.8775,32
DS22012,Categorical Data Analysis (CDA),Lecture,Computing,74,Thursday,09:00-11:00,0,1,Sunny,0.99,73
CS22993,Group Project in Software Development,Lecture,Computing,80,Monday,09:00-11:00,0,0,Sunny,0.687,55
IT3123,Cloud Computing & Virtualization (CC&V),Lecture,Computing,88,Friday,10:30-12:30,0,0,Cloudy,0.8104,71
IS3083,E-Commerce (EC),Lecture,Computing,39,Friday,12:00-13:30,0,0,Sunny,0.7211,28
CS22012,Advanced Data Structures & Algorithms,Lecture,Computing,80,Wednesday,10:30-12:30,1,1,Sunny,0.9744,78
IS3112,Marketing Management (MM),Lecture,Computing,32,Monday,08:30-10:30,1,0,Sunny,0.7744,25
IS3112,Marketing Management (MM),Lecture,Computing,32,Thursday,12:00-13:30,1,0,Cloudy,0.9206,29
IT3182,Essentials of Artificial Intelligence (EAI),Lecture,Computing,125,Wednesday,10:30-12:30,0,1,Sunny,0.9645,121
IT3103,Service Oriented Web Programming (SOWP),Lecture,Computing,91,Monday,08:30-10:30,0,0,Rainy,0.6619,60
CS22023,Artificial Intelligence,Lecture,Computing,81,Thursday,10:30-12:30,0,0,Sunny,0.8767,71
IT3133,Programming Distributed Components (PDC),Lecture,Computing,90,Tuesday,12:00-13:30,0,0,Sunny,0.7967,72
IT3162,GIS and Remote Sensing (GIS&RS),Lecture,Computing,131,Wednesday,08:30-10:30,1,0,Cloudy,0.8661,113
IT3113,Cyber Security (CS),Lecture,Computing,81,Wednesday,08:30-10:30,0,0,Sunny,0.7643,62
CS22012,Advanced Data Structures & Algorithms,Lecture,Computing,80,Friday,09:00-11:00,0,1,Sunny,0.9638,77
IT3133,Programming Distributed Components (PDC),Lecture,Computing,94,Tuesday,09:00-11:00,1,0,Sunny,0.8479,80
CS22993,Group Project in Software Development,Lecture,Computing,83,Monday,08:30-10:30,0,0,Cloudy,0.6894,57
IT3133,Programming Distributed Components (PDC),Lecture,Computing,90,Monday,09:00-11:00,0,0,Sunny,0.6595,59
IS3083,E-Commerce (EC),Lecture,Computing,34,Thursday,10:30-12:30,0,1,Cloudy,0.9427,32
CS22023,Artificial Intelligence,Lecture,Computing,83,Wednesday,14:30-16:30,0,0,Cloudy,0.8382,70
IT3133,Programming Distributed Components (PDC),Lecture,Computing,87,Monday,08:30-10:30,0,0,Sunny,0.6867,60
IT3182,Essentials of Artificial Intelligence (EAI),Lecture,Computing,124,Tuesday,08:30-10:30,0,0,Cloudy,0.755,94
IT3113,Cyber Security (CS),Lecture,Computing,88,Tuesday,10:30-12:30,0,0,Sunny,0.8673,76
IT3162,GIS and Remote Sensing (GIS&RS),Lecture,Computing,121,Friday,11:30-14:30,0,0,Sunny,0.7453,90
CS22012,Advanced Data Structures & Algorithms,Lecture,Computing,82,Tuesday,10:30-12:30,0,0,Cloudy,0.8312,68
IT3143,Independent Study (IS),Lecture,Computing,122,Wednesday,12:00-13:30,0,0,Sunny,0.8066,98
IS3073,Management Information Systems (MIS),Lecture,Computing,33,Wednesday,10:30-12:30,0,0,Sunny,0.826,27
IT3133,Programming Distributed Components (PDC),Lecture,Computing,84,Monday,10:30-12:30,0,0,Sunny,0.767,64
CS22993,Group Project in Software Development,Lecture,Computing,79,Tuesday,11:30-14:30,0,0,Sunny,0.824,65
CS22012,Advanced Data Structures & Algorithms,Lecture,Computing,84,Friday,08:30-10:30,1,0,Sunny,0.7838,66
IS3083,E-Commerce (EC),Lecture,Computing,36,Wednesday,10:30-12:30,0,0,Cloudy,0.8657,31
IS3102,Organizational Behaviour (OB),Lecture,Computing,37,Wednesday,12:00-13:30,0,0,Sunny,0.8256,31
DS22012,Categorical Data Analysis (CDA),Lecture,Computing,86,Thursday,09:00-11:00,1,0,Rainy,0.8186,70
CS22023,Artificial Intelligence,Lecture,Computing,89,Tuesday,12:00-13:30,0,0,Cloudy,0.8128,72
SE22013,Software Project Management,Lecture,Computing,56,Tuesday,11:30-14:30,0,1,Sunny,0.99,55
IT3113,Cyber Security (CS),Lecture,Computing,88,Tuesday,14:30-16:30,0,0,Cloudy,0.8481,75
IT3162,GIS and Remote Sensing (GIS&RS),Lecture,Computing,119,Friday,11:30-14:30,0,1,Sunny,0.9738,116
IT3133,Programming Distributed Components (PDC),Lecture,Computing,81,Monday,12:00-13:30,1,0,Cloudy,0.8547,69
SE22013,Software Project Management,Lecture,Computing,57,Monday,08:30-10:30,0,0,Sunny,0.691,39
IS3083,E-Commerce (EC),Lecture,Computing,33,Tuesday,10:30-12:30,0,0,Sunny,0.853,28
IT3162,GIS and Remote Sensing (GIS&RS),Lecture,Computing,121,Wednesday,11:30-14:30,0,0,Sunny,0.8871,107
IS3093,Financial Management Concepts (FMC),Lecture,Computing,30,Monday,08:30-10:30,0,0,Sunny,0.6811,20
IT3143,Independent Study (IS),Lecture,Computing,126,Tuesday,12:00-13:30,0,0,Rainy,0.7701,97
CS22993,Group Project in Software Development,Lecture,Computing,80,Monday,11:30-14:30,0,0,Rainy,0.7459,60
CS22993,Group Project in Software Development,Lecture,Computing,81,Monday,08:30-10:30,0,0,Sunny,0.6859,56
IT3182,Essentials of Artificial Intelligence (EAI),Lecture,Computing,124,Wednesday,08:30-10:30,0,0,Sunny,0.7683,95
IS3102,Organizational Behaviour (OB),Lecture,Computing,35,Tuesday,08:30-10:30,0,0,Sunny,0.7419,26
IT3162,GIS and Remote Sensing (GIS&RS),Lecture,Computing,123,Wednesday,14:30-16:30,0,1,Rainy,0.9718,120
IT3103,Service Oriented Web Programming (SOWP),Lecture,Computing,86,Thursday,12:00-13:30,0,0,Cloudy,0.8357,72
IS3112,Marketing Management (MM),Lecture,Computing,42,Tuesday,14:30-16:30,0,0,Sunny,0.8366,35
IS3073,Management Information Systems (MIS),Lecture,Computing,34,Wednesday,10:30-12:30,1,0,Cloudy,0.9349,32
IS3102,Organizational Behaviour (OB),Lecture,Computing,36,Wednesday,12:00-13:30,1,0,Cloudy,0.946,34
IT3113,Cyber Security (CS),Lecture,Computing,83,Monday,14:30-16:30,0,0,Rainy,0.7076,59
IT3133,Programming Distributed Components (PDC),Lecture,Computing,90,Friday,08:30-10:30,0,0,Sunny,0.7002,63
IT3143,Independent Study (IS),Lecture,Computing,127,Tuesday,09:00-11:00,1,0,Cloudy,0.8578,109
IT3103,Service Oriented Web Programming (SOWP),Lecture,Computing,89,Thursday,08:30-10:30,0,1,Rainy,0.9821,87
CS22993,Group Project in Software Development,Lecture,Computing,82,Monday,14:30-16:30,0,1,Sunny,0.9782,80
IS3102,Organizational Behaviour (OB),Lecture,Computing,39,Thursday,09:00-11:00,0,0,Sunny,0.7885,31
IT3143,Independent Study (IS),Lecture,Computing,123,Monday,08:30-10:30,1,0,Rainy,0.7512,92
IS3102,Organizational Behaviour (OB),Lecture,Computing,36,Tuesday,08:30-10:30,0,0,Sunny,0.8003,29
IT3123,Cloud Computing & Virtualization (CC&V),Lecture,Computing,83,Wednesday,08:30-10:30,0,0,Sunny,0.7619,63
IS3093,Financial Management Concepts (FMC),Lecture,Computing,36,Thursday,09:00-11:00,0,1,Sunny,0.9548,34
IT3123,Cloud Computing & Virtualization (CC&V),Lecture,Computing,88,Thursday,11:30-14:30,0,1,Cloudy,0.9832,87
CS22993,Group Project in Software Development,Lecture,Computing,79,Wednesday,11:30-14:30,0,1,Sunny,0.99,78
IT3103,Service Oriented Web Programming (SOWP),Lecture,Computing,90,Monday,10:30-12:30,0,1,Sunny,0.99,89
IT3103,Service Oriented Web Programming (SOWP),Lecture,Computing,87,Thursday,09:00-11:00,0,1,Cloudy,0.957,83
IT3113,Cyber Security (CS),Lecture,Computing,89,Monday,08:30-10:30,0,0,Cloudy,0.6729,60
IT3153,Software Quality Assurance (SQA),Lecture,Computing,122,Thursday,08:30-10:30,1,1,Sunny,0.9723,119
CS22993,Group Project in Software Development,Lecture,Computing,81,Wednesday,11:30-14:30,1,0,Sunny,0.99,80
DS22012,Categorical Data Analysis (CDA),Lecture,Computing,84,Friday,08:30-10:30,0,0,Cloudy,0.6785,57
IT3133,Programming Distributed Components (PDC),Lecture,Computing,93,Friday,14:30-16:30,0,0,Sunny,0.73,68
IS3083,E-Commerce (EC),Lecture,Computing,34,Thursday,09:00-11:00,0,1,Sunny,0.9628,33
CS22023,Artificial Intelligence,Lecture,Computing,82,Friday,14:30-16:30,0,1,Rainy,0.9882,81
CS22023,Artificial Intelligence,Lecture,Computing,87,Thursday,11:30-14:30,1,0,Sunny,0.9585,83
CS22012,Advanced Data Structures & Algorithms,Lecture,Computing,78,Tuesday,14:30-16:30,1,0,Rainy,0.884,69
DS22012,Categorical Data Analysis (CDA),Lecture,Computing,84,Friday,09:00-11:00,0,0,Sunny,0.6951,58
CS22012,Advanced Data Structures & Algorithms,Lecture,Computing,79,Monday,11:30-14:30,0,0,Rainy,0.6935,55
IT3153,Software Quality Assurance (SQA),Lecture,Computing,121,Friday,08:30-10:30,0,0,Rainy,0.6339,77
IT3103,Service Oriented Web Programming (SOWP),Lecture,Computing,84,Monday,09:00-11:00,0,0,Sunny,0.6897,58
IS3102,Organizational Behaviour (OB),Lecture,Computing,34,Tuesday,10:30-12:30,1,0,Sunny,0.9508,32
IS3112,Marketing Management (MM),Lecture,Computing,34,Wednesday,08:30-10:30,1,0,Cloudy,0.8478,29
CS3253,Big Data Analytics (BA),Lecture,Computing,40,Wednesday,08:30-10:30,0,0,Sunny,0.7809,31
DS22012,Categorical Data Analysis (CDA),Lecture,Computing,87,Friday,09:00-11:00,1,0,Cloudy,0.7839,68
IT3133,Programming Distributed Components (PDC),Lecture,Computing,94,Monday,12:00-13:30,0,0,Sunny,0.728,68
IS3102,Organizational Behaviour (OB),Lecture,Computing,36,Tuesday,08:30-10:30,0,1,Cloudy,0.9826,35
IS3083,E-Commerce (EC),Lecture,Computing,31,Monday,11:30-14:30,0,0,Sunny,0.7829,24
CS3253,Big Data Analytics (BA),Lecture,Computing,39,Tuesday,11:30-14:30,1,0,Sunny,0.9704,38
IT3113,Cyber Security (CS),Lecture,Computing,89,Wednesday,12:00-13:30,1,0,Rainy,0.8822,79
IS3112,Marketing Management (MM),Lecture,Computing,35,Tuesday,10:30-12:30,0,0,Cloudy,0.8796,31
IS3073,Management Information Systems (MIS),Lecture,Computing,32,Tuesday,12:00-13:30,0,0,Rainy,0.7519,24
IS3102,Organizational Behaviour (OB),Lecture,Computing,36,Thursday,11:30-14:30,0,0,Rainy,0.8241,30
IT3162,GIS and Remote Sensing (GIS&RS),Lecture,Computing,126,Tuesday,08:30-10:30,0,0,Rainy,0.7108,90
IT3162,GIS and Remote Sensing (GIS&RS),Lecture,Computing,122,Thursday,08:30-10:30,0,0,Sunny,0.7761,95
IT3123,Cloud Computing & Virtualization (CC&V),Lecture,Computing,89,Tuesday,10:30-12:30,0,0,Sunny,0.8642,77
IS3102,Organizational Behaviour (OB),Lecture,Computing,32,Friday,11:30-14:30,0,0,Rainy,0.7478,24
CS3253,Big Data Analytics (BA),Lecture,Computing,40,Tuesday,09:00-11:00,0,0,Rainy,0.6824,27
CS3253,Big Data Analytics (BA),Lecture,Computing,37,Thursday,09:00-11:00,0,0,Sunny,0.7851,29
IT3143,Independent Study (IS),Lecture,Computing,122,Wednesday,08:30-10:30,0,0,Rainy,0.7137,87
IT3113,Cyber Security (CS),Lecture,Computing,84,Tuesday,12:00-13:30,0,0,Sunny,0.8305,70
SE22013,Software Project Management,Lecture,Computing,59,Friday,10:30-12:30,0,0,Sunny,0.7793,46
CS22023,Artificial Intelligence,Lecture,Computing,80,Wednesday,11:30-14:30,0,0,Sunny,0.8199,66
IT3182,Essentials of Artificial Intelligence (EAI),Lecture,Computing,120,Tuesday,11:30-14:30,0,1,Sunny,0.9491,114
IS3102,Organizational Behaviour (OB),Lecture,Computing,37,Thursday,09:00-11:00,0,0,Rainy,0.6749,25
IS3083,E-Commerce (EC),Lecture,Computing,38,Wednesday,11:30-14:30,0,1,Cloudy,0.9643,37
IT3133,Programming Distributed Components (PDC),Lecture,Computing,89,Monday,09:00-11:00,0,0,Cloudy,0.6627,59
IS3112,Marketing Management (MM),Lecture,Computing,35,Wednesday,09:00-11:00,0,1,Rainy,0.99,35
DS22012,Categorical Data Analysis (CDA),Lecture,Computing,86,Wednesday,10:30-12:30,1,0,Sunny,0.9523,82
IS3073,Management Information Systems (MIS),Lecture,Computing,34,Friday,08:30-10:30,0,0,Sunny,0.7133,24
SE22013,Software Project Management,Lecture,Computing,56,Monday,08:30-10:30,0,0,Cloudy,0.6967,39
SE22013,Software Project Management,Lecture,Computing,55,Tuesday,12:00-13:30,0,0,Cloudy,0.8033,44
CS22993,Group Project in Software Development,Lecture,Computing,86,Wednesday,11:30-14:30,0,0,Sunny,0.8828,76
IS3093,Financial Management Concepts (FMC),Lecture,Computing,31,Wednesday,12:00-13:30,1,0,Cloudy,0.9398,29
IS3102,Organizational Behaviour (OB),Lecture,Computing,34,Monday,09:00-11:00,0,0,Sunny,0.7097,24
CS22012,Advanced Data Structures & Algorithms,Lecture,Computing,84,Friday,09:00-11:00,0,0,Cloudy,0.7259,61
IS3083,E-Commerce (EC),Lecture,Computing,38,Tuesday,09:00-11:00,0,0,Sunny,0.7588,29
IS3093,Financial Management Concepts (FMC),Lecture,Computing,35,Monday,12:00-13:30,0,0,Cloudy,0.7553,26
IS3102,Organizational Behaviour (OB),Lecture,Computing,30,Tuesday,10:30-12:30,0,0,Sunny,0.8753,26
IS3093,Financial Management Concepts (FMC),Lecture,Computing,39,Friday,09:00-11:00,0,0,Sunny,0.6661,26
IT3153,Software Quality Assurance (SQA),Lecture,Computing,125,Friday,08:30-10:30,0,1,Cloudy,0.9809,123
IT3162,GIS and Remote Sensing (GIS&RS),Lecture,Computing,124,Friday,08:30-10:30,0,1,Sunny,0.9733,121
SE22013,Software Project Management,Lecture,Computing,53,Wednesday,10:30-12:30,0,0,Cloudy,0.8595,46
CS22023,Artificial Intelligence,Lecture,Computing,88,Thursday,12:00-13:30,0,0,Sunny,0.806,71
IT3133,Programming Distributed Components (PDC),Lecture,Computing,93,Thursday,08:30-10:30,1,1,Sunny,0.9791,91
IT3153,Software Quality Assurance (SQA),Lecture,Computing,125,Tuesday,09:00-11:00,0,0,Sunny,0.7626,95
IT3153,Software Quality Assurance (SQA),Lecture,Computing,124,Thursday,11:30-14:30,0,0,Sunny,0.848,105
SE22013,Software Project Management,Lecture,Computing,55,Monday,10:30-12:30,1,0,Cloudy,0.9001,50
IT3143,Independent Study (IS),Lecture,Computing,125,Monday,11:30-14:30,0,0,Cloudy,0.7894,99
IT3153,Software Quality Assurance (SQA),Lecture,Computing,129,Monday,12:00-13:30,0,0,Sunny,0.7477,96
IT3103,Service Oriented Web Programming (SOWP),Lecture,Computing,84,Friday,08:30-10:30,0,1,Cloudy,0.9602,81
IS3083,E-Commerce (EC),Lecture,Computing,35,Thursday,09:00-11:00,0,1,Cloudy,0.9647,34
IS3102,Organizational Behaviour (OB),Lecture,Computing,36,Tuesday,09:00-11:00,0,0,Sunny,0.7257,26
IT3153,Software Quality Assurance (SQA),Lecture,Computing,128,Tuesday,08:30-10:30,1,1,Rainy,0.9871,126
IT3143,Independent Study (IS),Lecture,Computing,122,Wednesday,10:30-12:30,0,0,Sunny,0.8659,106
IT3143,Independent Study (IS),Lecture,Computing,126,Monday,09:00-11:00,0,0,Sunny,0.6828,86
IT3153,Software Quality Assurance (SQA),Lecture,Computing,123,Monday,09:00-11:00,0,0,Sunny,0.692,85
CS22012,Advanced Data Structures & Algorithms,Lecture,Computing,84,Monday,10:30-12:30,0,0,Cloudy,0.802,67
IS3093,Financial Management Concepts (FMC),Lecture,Computing,32,Friday,12:00-13:30,1,0,Cloudy,0.8295,27
SE22013,Software Project Management,Lecture,Computing,54,Wednesday,10:30-12:30,0,0,Sunny,0.8693,47
IT3103,Service Oriented Web Programming (SOWP),Lecture,Computing,87,Wednesday,09:00-11:00,0,0,Sunny,0.7107,62
CS22023,Artificial Intelligence,Lecture,Computing,80,Thursday,11:30-14:30,1,0,Rainy,0.8919,71
IS3112,Marketing Management (MM),Lecture,Computing,37,Friday,11:30-14:30,1,0,Sunny,0.8651,32
IS3112,Marketing Management (MM),Lecture,Computing,39,Friday,10:30-12:30,0,0,Sunny,0.7402,29
IT3133,Programming Distributed Components (PDC),Lecture,Computing,87,Tuesday,12:00-13:30,0,1,Sunny,0.9761,85
CS3253,Big Data Analytics (BA),Lecture,Computing,36,Wednesday,10:30-12:30,0,0,Sunny,0.903,33
SE22013,Software Project Management,Lecture,Computing,55,Wednesday,09:00-11:00,0,0,Cloudy,0.789,43
IS3073,Management Information Systems (MIS),Lecture,Computing,32,Tuesday,10:30-12:30,1,0,Sunny,0.9485,30
CS22023,Artificial Intelligence,Lecture,Computing,80,Tuesday,09:00-11:00,0,0,Sunny,0.7384,59
IT3153,Software Quality Assurance (SQA),Lecture,Computing,121,Tuesday,14:30-16:30,1,0,Sunny,0.946,114
IS3093,Financial Management Concepts (FMC),Lecture,Computing,34,Friday,08:30-10:30,0,0,Sunny,0.6787,23
IT3143,Independent Study (IS),Lecture,Computing,125,Tuesday,09:00-11:00,0,0,Sunny,0.7544,94
IT3162,GIS and Remote Sensing (GIS&RS),Lecture,Computing,121,Friday,08:30-10:30,0,0,Sunny,0.7035,85
IS3093,Financial Management Concepts (FMC),Lecture,Computing,34,Monday,14:30-16:30,0,0,Sunny,0.7904,27
IT3113,Cyber Security (CS),Lecture,Computing,85,Friday,11:30-14:30,0,0,Sunny,0.7931,67
SE22013,Software Project Management,Lecture,Computing,60,Thursday,08:30-10:30,0,0,Sunny,0.7519,45
IS3083,E-Commerce (EC),Lecture,Computing,34,Thursday,10:30-12:30,1,0,Sunny,0.9502,32
CS3253,Big Data Analytics (BA),Lecture,Computing,35,Tuesday,11:30-14:30,1,0,Sunny,0.9821,34
CS22012,Advanced Data Structures & Algorithms,Lecture,Computing,80,Friday,09:00-11:00,1,1,Rainy,0.9718,78
IT3182,Essentials of Artificial Intelligence (EAI),Lecture,Computing,121,Thursday,09:00-11:00,1,0,Rainy,0.8449,102
IT3133,Programming Distributed Components (PDC),Lecture,Computing,90,Tuesday,10:30-12:30,0,1,Sunny,0.9843,89
IS3083,E-Commerce (EC),Lecture,Computing,34,Thursday,11:30-14:30,0,0,Sunny,0.8689,30
CS22012,Advanced Data Structures & Algorithms,Lecture,Computing,82,Tuesday,09:00-11:00,0,0,Sunny,0.7674,63
IS3112,Marketing Management (MM),Lecture,Computing,35,Friday,08:30-10:30,1,0,Rainy,0.7722,27
IS3112,Marketing Management (MM),Lecture,Computing,35,Thursday,12:00-13:30,0,1,Sunny,0.966,34
IS3093,Financial Management Concepts (FMC),Lecture,Computing,37,Friday,11:30-14:30,0,0,Sunny,0.7764,29
CS3253,Big Data Analytics (BA),Lecture,Computing,39,Wednesday,11:30-14:30,0,0,Sunny,0.8526,33
IT3113,Cyber Security (CS),Lecture,Computing,88,Thursday,08:30-10:30,0,0,Sunny,0.741,65
IT3133,Programming Distributed Components (PDC),Lecture,Computing,92,Wednesday,11:30-14:30,0,0,Sunny,0.8963,82
IS3102,Organizational Behaviour (OB),Lecture,Computing,35,Friday,12:00-13:30,0,0,Sunny,0.7608,27
IT3113,Cyber Security (CS),Lecture,Computing,88,Thursday,12:00-13:30,0,0,Cloudy,0.8244,73
DS22012,Categorical Data Analysis (CDA),Lecture,Computing,82,Tuesday,12:00-13:30,0,1,Sunny,0.9773,80
IT3113,Cyber Security (CS),Lecture,Computing,93,Monday,08:30-10:30,1,0,Rainy,0.7352,68
IS3112,Marketing Management (MM),Lecture,Computing,31,Thursday,10:30-12:30,0,0,Sunny,0.8551,27
IT3143,Independent Study (IS),Lecture,Computing,124,Monday,12:00-13:30,0,0,Sunny,0.7526,93
IS3112,Marketing Management (MM),Lecture,Computing,35,Wednesday,09:00-11:00,0,0,Sunny,0.8035,28
IT3103,Service Oriented Web Programming (SOWP),Lecture,Computing,87,Thursday,12:00-13:30,0,1,Sunny,0.99,86
CS3253,Big Data Analytics (BA),Lecture,Computing,36,Thursday,08:30-10:30,0,0,Cloudy,0.7935,29
IT3113,Cyber Security (CS),Lecture,Computing,88,Thursday,08:30-10:30,0,0,Rainy,0.6941,61
IT3123,Cloud Computing & Virtualization (CC&V),Lecture,Computing,89,Monday,12:00-13:30,0,0,Sunny,0.7223,64
CS22023,Artificial Intelligence,Lecture,Computing,81,Tuesday,08:30-10:30,1,1,Sunny,0.9733,79
IT3143,Independent Study (IS),Lecture,Computing,124,Wednesday,10:30-12:30,0,1,Sunny,0.9409,117
IS3073,Management Information Systems (MIS),Lecture,Computing,33,Wednesday,09:00-11:00,0,0,Sunny,0.7228,24
IS3093,Financial Management Concepts (FMC),Lecture,Computing,30,Wednesday,08:30-10:30,0,0,Sunny,0.7383,22
SE22013,Software Project Management,Lecture,Computing,59,Monday,14:30-16:30,0,0,Cloudy,0.7754,46
IT3123,Cloud Computing & Virtualization (CC&V),Lecture,Computing,90,Tuesday,08:30-10:30,1,1,Sunny,0.9657,87
IS3073,Management Information Systems (MIS),Lecture,Computing,31,Monday,08:30-10:30,0,0,Cloudy,0.6949,22
CS22012,Advanced Data Structures & Algorithms,Lecture,Computing,86,Monday,10:30-12:30,0,0,Sunny,0.8108,70
IT3162,GIS and Remote Sensing (GIS&RS),Lecture,Computing,130,Tuesday,11:30-14:30,0,0,Sunny,0.8893,116
IS3083,E-Commerce (EC),Lecture,Computing,38,Tuesday,11:30-14:30,0,0,Sunny,0.8532,32
IT3123,Cloud Computing & Virtualization (CC&V),Lecture,Computing,88,Tuesday,09:00-11:00,0,0,Sunny,0.7459,66
IT3113,Cyber Security (CS),Lecture,Computing,86,Tuesday,10:30-12:30,1,0,Cloudy,0.9355,80
IT3162,GIS and Remote Sensing (GIS&RS),Lecture,Computing,129,Thursday,09:00-11:00,0,1,Sunny,0.99,128
IT3123,Cloud Computing & Virtualization (CC&V),Lecture,Computing,89,Thursday,09:00-11:00,0,0,Cloudy,0.7696,68
IT3143,Independent Study (IS),Lecture,Computing,124,Monday,11:30-14:30,0,0,Sunny,0.7844,97
CS22012,Advanced Data Structures & Algorithms,Lecture,Computing,83,Monday,08:30-10:30,0,0,Rainy,0.6496,54
IS3112,Marketing Management (MM),Lecture,Computing,35,Tuesday,09:00-11:00,0,1,Sunny,0.9662,34
CS3253,Big Data Analytics (BA),Lecture,Computing,41,Wednesday,10:30-12:30,1,1,Cloudy,0.9654,40
IT3143,Independent Study (IS),Lecture,Computing,125,Friday,08:30-10:30,0,0,Sunny,0.7193,90
DS22012,Categorical Data Analysis (CDA),Lecture,Computing,81,Tuesday,10:30-12:30,0,0,Sunny,0.8536,69
IT3133,Programming Distributed Components (PDC),Lecture,Computing,93,Thursday,12:00-13:30,0,0,Cloudy,0.7849,73
CS22993,Group Project in Software Development,Lecture,Computing,81,Wednesday,10:30-12:30,0,0,Sunny,0.8712,71
IT3133,Programming Distributed Components (PDC),Lecture,Computing,88,Monday,08:30-10:30,0,0,Sunny,0.702,62
IT3123,Cloud Computing & Virtualization (CC&V),Lecture,Computing,89,Wednesday,10:30-12:30,0,0,Cloudy,0.8615,77
IS3112,Marketing Management (MM),Lecture,Computing,34,Friday,14:30-16:30,0,0,Sunny,0.7058,24
SE22013,Software Project Management,Lecture,Computing,53,Monday,09:00-11:00,0,0,Rainy,0.6449,34
IS3112,Marketing Management (MM),Lecture,Computing,34,Wednesday,11:30-14:30,0,0,Cloudy,0.8751,30
CS3253,Big Data Analytics (BA),Lecture,Computing,40,Wednesday,08:30-10:30,0,0,Cloudy,0.7692,31
CS22023,Artificial Intelligence,Lecture,Computing,84,Monday,09:00-11:00,0,0,Sunny,0.689,58
IS3112,Marketing Management (MM),Lecture,Computing,33,Friday,11:30-14:30,0,0,Sunny,0.8061,27
IS3083,E-Commerce (EC),Lecture,Computing,32,Tuesday,10:30-12:30,0,0,Cloudy,0.8505,27
CS22993,Group Project in Software Development,Lecture,Computing,82,Thursday,12:00-13:30,0,0,Cloudy,0.7675,63
SE22013,Software Project Management,Lecture,Computing,58,Friday,14:30-16:30,0,0,Cloudy,0.776,45
IT3133,Programming Distributed Components (PDC),Lecture,Computing,86,Wednesday,14:30-16:30,0,1,Sunny,0.9829,85
IS3083,E-Commerce (EC),Lecture,Computing,33,Thursday,14:30-16:30,0,0,Sunny,0.8182,27
IT3113,Cyber Security (CS),Lecture,Computing,89,Monday,09:00-11:00,0,0,Cloudy,0.684,61
IS3112,Marketing Management (MM),Lecture,Computing,41,Tuesday,11:30-14:30,1,1,Cloudy,0.99,41
IT3123,Cloud Computing & Virtualization (CC&V),Lecture,Computing,87,Tuesday,11:30-14:30,0,0,Sunny,0.8746,76
IT3103,Service Oriented Web Programming (SOWP),Lecture,Computing,87,Friday,10:30-12:30,0,0,Sunny,0.7872,68
IT3153,Software Quality Assurance (SQA),Lecture,Computing,124,Friday,08:30-10:30,0,0,Sunny,0.7049,87
IT3182,Essentials of Artificial Intelligence (EAI),Lecture,Computing,130,Monday,11:30-14:30,0,1,Sunny,0.9864,128
IS3083,E-Commerce (EC),Lecture,Computing,36,Friday,11:30-14:30,0,0,Sunny,0.8187,29
IT3143,Independent Study (IS),Lecture,Computing,126,Monday,12:00-13:30,1,1,Sunny,0.9536,120
CS22993,Group Project in Software Development,Lecture,Computing,77,Tuesday,12:00-13:30,1,0,Rainy,0.8901,69
CS22023,Artificial Intelligence,Lecture,Computing,83,Friday,09:00-11:00,1,0,Cloudy,0.8033,67
IT3113,Cyber Security (CS),Lecture,Computing,91,Tuesday,08:30-10:30,0,0,Sunny,0.7784,71
IS3102,Organizational Behaviour (OB),Lecture,Computing,36,Monday,12:00-13:30,0,1,Rainy,0.9642,35
IS3093,Financial Management Concepts (FMC),Lecture,Computing,31,Wednesday,12:00-13:30,0,0,Sunny,0.8023,25
IS3073,Management Information Systems (MIS),Lecture,Computing,35,Friday,09:00-11:00,0,0,Sunny,0.6937,24
IS3073,Management Information Systems (MIS),Lecture,Computing,30,Tuesday,08:30-10:30,0,0,Sunny,0.7633,23
CS22993,Group Project in Software Development,Lecture,Computing,85,Thursday,11:30-14:30,0,0,Sunny,0.876,74
SE22013,Software Project Management,Lecture,Computing,58,Monday,11:30-14:30,0,0,Rainy,0.7341,43
IS3073,Management Information Systems (MIS),Lecture,Computing,36,Tuesday,09:00-11:00,0,0,Sunny,0.8196,30
CS22023,Artificial Intelligence,Lecture,Computing,82,Thursday,14:30-16:30,1,0,Sunny,0.8979,74
IS3093,Financial Management Concepts (FMC),Lecture,Computing,37,Thursday,09:00-11:00,0,0,Sunny,0.7822,29
IT3103,Service Oriented Web Programming (SOWP),Lecture,Computing,88,Monday,12:00-13:30,0,1,Sunny,0.9823,86
SE22013,Software Project Management,Lecture,Computing,61,Tuesday,08:30-10:30,1,0,Sunny,0.8849,54
IT3153,Software Quality Assurance (SQA),Lecture,Computing,119,Monday,08:30-10:30,1,0,Rainy,0.7383,88
IT3103,Service Oriented Web Programming (SOWP),Lecture,Computing,91,Monday,11:30-14:30,0,0,Rainy,0.7831,71
IT3182,Essentials of Artificial Intelligence (EAI),Lecture,Computing,122,Wednesday,12:00-13:30,0,0,Rainy,0.7711,94
SE22013,Software Project Management,Lecture,Computing,58,Tuesday,10:30-12:30,0,0,Sunny,0.8633,50
IS3093,Financial Management Concepts (FMC),Lecture,Computing,30,Wednesday,09:00-11:00,0,0,Rainy,0.719,22
IS3083,E-Commerce (EC),Lecture,Computing,32,Friday,09:00-11:00,0,0,Sunny,0.6701,21
IT3123,Cloud Computing & Virtualization (CC&V),Lecture,Computing,84,Tuesday,11:30-14:30,0,0,Rainy,0.8234,69
IT3123,Cloud Computing & Virtualization (CC&V),Lecture,Computing,93,Thursday,12:00-13:30,1,0,Rainy,0.8611,80
CS22012,Advanced Data Structures & Algorithms,Lecture,Computing,78,Monday,11:30-14:30,0,0,Sunny,0.7937,62
IT3182,Essentials of Artificial Intelligence (EAI),Lecture,Computing,121,Friday,10:30-12:30,0,0,Rainy,0.7446,90
IT3143,Independent Study (IS),Lecture,Computing,127,Thursday,11:30-14:30,0,0,Sunny,0.8113,103
IT3113,Cyber Security (CS),Lecture,Computing,93,Tuesday,09:00-11:00,0,1,Sunny,0.9691,90
IS3102,Organizational Behaviour (OB),Lecture,Computing,33,Tuesday,08:30-10:30,0,0,Sunny,0.7805,26
IT3143,Independent Study (IS),Lecture,Computing,129,Monday,12:00-13:30,1,0,Rainy,0.8205,106
IT3153,Software Quality Assurance (SQA),Lecture,Computing,119,Wednesday,11:30-14:30,0,1,Sunny,0.99,118
DS22012,Categorical Data Analysis (CDA),Lecture,Computing,82,Friday,10:30-12:30,0,0,Sunny,0.7994,66
IT3113,Cyber Security (CS),Lecture,Computing,85,Wednesday,10:30-12:30,0,0,Cloudy,0.8532,73
IS3093,Financial Management Concepts (FMC),Lecture,Computing,37,Monday,10:30-12:30,0,1,Cloudy,0.9547,35
SE22013,Software Project Management,Lecture,Computing,55,Wednesday,09:00-11:00,1,1,Rainy,0.99,54
IS3093,Financial Management Concepts (FMC),Lecture,Computing,33,Wednesday,11:30-14:30,0,0,Rainy,0.7657,25
SE22013,Software Project Management,Lecture,Computing,57,Wednesday,12:00-13:30,0,0,Sunny,0.8099,46
CS22023,Artificial Intelligence,Lecture,Computing,80,Tuesday,14:30-16:30,0,0,Rainy,0.7492,60
IT3113,Cyber Security (CS),Lecture,Computing,87,Tuesday,09:00-11:00,0,0,Cloudy,0.7807,68
IS3073,Management Information Systems (MIS),Lecture,Computing,33,Monday,11:30-14:30,0,1,Cloudy,0.9512,31
IT3182,Essentials of Artificial Intelligence (EAI),Lecture,Computing,122,Friday,12:00-13:30,0,1,Sunny,0.9319,114
IS3083,E-Commerce (EC),Lecture,Computing,34,Thursday,14:30-16:30,0,0,Sunny,0.8225,28
IT3133,Programming Distributed Components (PDC),Lecture,Computing,87,Wednesday,11:30-14:30,1,0,Sunny,0.988,86
IS3112,Marketing Management (MM),Lecture,Computing,32,Wednesday,08:30-10:30,0,0,Sunny,0.7817,25
IT3113,Cyber Security (CS),Lecture,Computing,87,Monday,09:00-11:00,0,0,Sunny,0.6853,60
IT3143,Independent Study (IS),Lecture,Computing,122,Monday,09:00-11:00,0,0,Cloudy,0.6548,80
IT3113,Cyber Security (CS),Lecture,Computing,90,Monday,09:00-11:00,1,0,Sunny,0.801,72
IT3103,Service Oriented Web Programming (SOWP),Lecture,Computing,89,Wednesday,11:30-14:30,0,1,Cloudy,0.99,88
CS22023,Artificial Intelligence,Lecture,Computing,81,Wednesday,14:30-16:30,0,0,Sunny,0.8194,66
IT3103,Service Oriented Web Programming (SOWP),Lecture,Computing,84,Thursday,09:00-11:00,1,0,Rainy,0.8016,67
IT3153,Software Quality Assurance (SQA),Lecture,Computing,129,Monday,09:00-11:00,1,1,Sunny,0.9529,123
DS22012,Categorical Data Analysis (CDA),Lecture,Computing,83,Tuesday,10:30-12:30,0,0,Rainy,0.8186,68
IS3093,Financial Management Concepts (FMC),Lecture,Computing,38,Friday,08:30-10:30,0,0,Cloudy,0.699,27
IT3123,Cloud Computing & Virtualization (CC&V),Lecture,Computing,88,Wednesday,10:30-12:30,0,0,Rainy,0.809,71
SE22013,Software Project Management,Lecture,Computing,59,Tuesday,10:30-12:30,0,1,Sunny,0.9801,58
SE22013,Software Project Management,Lecture,Computing,60,Monday,09:00-11:00,0,0,Sunny,0.6974,42
DS22012,Categorical Data Analysis (CDA),Lecture,Computing,77,Wednesday,10:30-12:30,1,0,Sunny,0.9312,72
IT3103,Service Oriented Web Programming (SOWP),Lecture,Computing,88,Thursday,08:30-10:30,0,0,Sunny,0.7821,69
SE22013,Software Project Management,Lecture,Computing,57,Thursday,09:00-11:00,0,0,Sunny,0.7766,44
DS22012,Categorical Data Analysis (CDA),Lecture,Computing,85,Wednesday,14:30-16:30,0,0,Sunny,0.8206,70
IT3182,Essentials of Artificial Intelligence (EAI),Lecture,Computing,126,Thursday,12:00-13:30,0,0,Cloudy,0.7988,101
IS3102,Organizational Behaviour (OB),Lecture,Computing,35,Wednesday,14:30-16:30,0,0,Sunny,0.7965,28
IT3143,Independent Study (IS),Lecture,Computing,126,Monday,14:30-16:30,0,1,Rainy,0.9784,123
IS3083,E-Commerce (EC),Lecture,Computing,34,Monday,08:30-10:30,0,0,Sunny,0.693,24
IT3123,Cloud Computing & Virtualization (CC&V),Lecture,Computing,90,Monday,08:30-10:30,0,0,Rainy,0.6385,57
IT3103,Service Oriented Web Programming (SOWP),Lecture,Computing,87,Tuesday,08:30-10:30,0,0,Cloudy,0.7288,63
IT3123,Cloud Computing & Virtualization (CC&V),Lecture,Computing,85,Thursday,10:30-12:30,0,0,Sunny,0.8561,73
IT3153,Software Quality Assurance (SQA),Lecture,Computing,122,Friday,10:30-12:30,1,0,Sunny,0.8687,106
IT3103,Service Oriented Web Programming (SOWP),Lecture,Computing,86,Thursday,08:30-10:30,1,0,Cloudy,0.8839,76
IT3143,Independent Study (IS),Lecture,Computing,122,Tuesday,11:30-14:30,0,0,Cloudy,0.8568,105
IS3112,Marketing Management (MM),Lecture,Computing,34,Tuesday,11:30-14:30,0,1,Sunny,0.9548,32
IS3102,Organizational Behaviour (OB),Lecture,Computing,35,Tuesday,11:30-14:30,1,1,Cloudy,0.9812,34
IS3112,Marketing Management (MM),Lecture,Computing,30,Wednesday,12:00-13:30,1,0,Sunny,0.9094,27
CS22023,Artificial Intelligence,Lecture,Computing,83,Friday,09:00-11:00,0,0,Cloudy,0.6855,57
CS3253,Big Data Analytics (BA),Lecture,Computing,34,Tuesday,10:30-12:30,0,0,Cloudy,0.8398,29
IT3113,Cyber Security (CS),Lecture,Computing,91,Monday,12:00-13:30,1,1,Sunny,0.9679,88
CS3253,Big Data Analytics (BA),Lecture,Computing,40,Thursday,14:30-16:30,0,0,Sunny,0.8373,33
DS22012,Categorical Data Analysis (CDA),Lecture,Computing,82,Friday,09:00-11:00,0,0,Sunny,0.7177,59
IS3083,E-Commerce (EC),Lecture,Computing,32,Tuesday,10:30-12:30,0,0,Cloudy,0.8938,29
SE22013,Software Project Management,Lecture,Computing,63,Friday,14:30-16:30,0,0,Sunny,0.7671,48
CS22023,Artificial Intelligence,Lecture,Computing,79,Wednesday,14:30-16:30,1,0,Cloudy,0.9165,72
IT3133,Programming Distributed Components (PDC),Lecture,Computing,93,Wednesday,09:00-11:00,0,0,Sunny,0.736,68
IT3123,Cloud Computing & Virtualization (CC&V),Lecture,Computing,84,Tuesday,14:30-16:30,0,0,Sunny,0.8281,70
IS3102,Organizational Behaviour (OB),Lecture,Computing,32,Monday,14:30-16:30,0,0,Sunny,0.7435,24
IS3093,Financial Management Concepts (FMC),Lecture,Computing,33,Friday,08:30-10:30,0,1,Sunny,0.9529,31
CS22993,Group Project in Software Development,Lecture,Computing,83,Monday,10:30-12:30,0,0,Sunny,0.7925,66
CS22023,Artificial Intelligence,Lecture,Computing,84,Wednesday,10:30-12:30,0,0,Sunny,0.8578,72
IT3143,Independent Study (IS),Lecture,Computing,122,Friday,12:00-13:30,1,0,Sunny,0.819,100
IS3093,Financial Management Concepts (FMC),Lecture,Computing,36,Monday,09:00-11:00,0,0,Cloudy,0.6769,24
IS3073,Management Information Systems (MIS),Lecture,Computing,37,Friday,08:30-10:30,0,1,Rainy,0.99,37
CS22012,Advanced Data Structures & Algorithms,Lecture,Computing,82,Thursday,12:00-13:30,0,1,Cloudy,0.9689,79
IT3143,Independent Study (IS),Lecture,Computing,120,Monday,10:30-12:30,0,0,Sunny,0.7942,95
IS3112,Marketing Management (MM),Lecture,Computing,29,Tuesday,09:00-11:00,0,0,Cloudy,0.7356,21
IS3083,E-Commerce (EC),Lecture,Computing,29,Monday,12:00-13:30,1,0,Sunny,0.8517,25
IT3113,Cyber Security (CS),Lecture,Computing,83,Wednesday,11:30-14:30,1,0,Sunny,0.9686,80
CS22993,Group Project in Software Development,Lecture,Computing,81,Friday,11:30-14:30,0,0,Sunny,0.787,64
IT3153,Software Quality Assurance (SQA),Lecture,Computing,120,Wednesday,09:00-11:00,0,0,Sunny,0.7541,90
IT3153,Software Quality Assurance (SQA),Lecture,Computing,119,Monday,12:00-13:30,0,1,Sunny,0.99,118
CS22023,Artificial Intelligence,Lecture,Computing,83,Tuesday,10:30-12:30,0,1,Cloudy,0.9772,81
IT3182,Essentials of Artificial Intelligence (EAI),Lecture,Computing,119,Tuesday,09:00-11:00,0,0,Sunny,0.7295,87
IS3083,E-Commerce (EC),Lecture,Computing,33,Tuesday,09:00-11:00,0,0,Sunny,0.7638,25
SE22013,Software Project Management,Lecture,Computing,55,Tuesday,10:30-12:30,1,0,Sunny,0.9817,54
IT3162,GIS and Remote Sensing (GIS&RS),Lecture,Computing,119,Thursday,12:00-13:30,0,0,Sunny,0.8454,101
IS3083,E-Commerce (EC),Lecture,Computing,33,Thursday,12:00-13:30,0,0,Sunny,0.8225,27
CS22023,Artificial Intelligence,Lecture,Computing,83,Tuesday,14:30-16:30,0,0,Sunny,0.8111,67
IS3112,Marketing Management (MM),Lecture,Computing,39,Monday,08:30-10:30,0,0,Sunny,0.7082,28
IT3103,Service Oriented Web Programming (SOWP),Lecture,Computing,89,Monday,08:30-10:30,0,0,Cloudy,0.7122,63
IS3093,Financial Management Concepts (FMC),Lecture,Computing,36,Tuesday,14:30-16:30,1,0,Sunny,0.9362,34
IS3073,Management Information Systems (MIS),Lecture,Computing,29,Friday,11:30-14:30,0,0,Sunny,0.8023,23
CS22993,Group Project in Software Development,Lecture,Computing,84,Wednesday,12:00-13:30,0,0,Rainy,0.7613,64
SE22013,Software Project Management,Lecture,Computing,58,Thursday,11:30-14:30,0,0,Cloudy,0.8561,50
IS3102,Organizational Behaviour (OB),Lecture,Computing,33,Thursday,10:30-12:30,0,0,Sunny,0.8751,29
IT3123,Cloud Computing & Virtualization (CC&V),Lecture,Computing,87,Wednesday,11:30-14:30,0,0,Rainy,0.8351,73
CS22023,Artificial Intelligence,Lecture,Computing,80,Thursday,09:00-11:00,0,1,Sunny,0.99,79
CS22023,Artificial Intelligence,Lecture,Computing,86,Thursday,08:30-10:30,0,0,Rainy,0.696,60
IS3073,Management Information Systems (MIS),Lecture,Computing,30,Wednesday,11:30-14:30,0,0,Sunny,0.8278,25
CS22993,Group Project in Software Development,Lecture,Computing,84,Monday,14:30-16:30,1,1,Cloudy,0.9544,80
IT3133,Programming Distributed Components (PDC),Lecture,Computing,88,Wednesday,10:30-12:30,0,0,Rainy,0.7972,70
IS3102,Organizational Behaviour (OB),Lecture,Computing,37,Wednesday,11:30-14:30,0,1,Sunny,0.99,37
IT3143,Independent Study (IS),Lecture,Computing,121,Tuesday,08:30-10:30,0,0,Cloudy,0.7397,90
CS3253,Big Data Analytics (BA),Lecture,Computing,33,Monday,14:30-16:30,0,0,Cloudy,0.7182,24
IT3123,Cloud Computing & Virtualization (CC&V),Lecture,Computing,93,Monday,12:00-13:30,0,0,Rainy,0.7129,66
CS22993,Group Project in Software Development,Lecture,Computing,84,Monday,14:30-16:30,0,0,Sunny,0.7458,63
IT3133,Programming Distributed Components (PDC),Lecture,Computing,88,Monday,09:00-11:00,0,0,Rainy,0.6556,58
IT3123,Cloud Computing & Virtualization (CC&V),Lecture,Computing,89,Friday,10:30-12:30,0,0,Cloudy,0.8232,73
SE22013,Software Project Management,Lecture,Computing,57,Monday,10:30-12:30,1,0,Cloudy,0.8712,50
IS3073,Management Information Systems (MIS),Lecture,Computing,39,Wednesday,09:00-11:00,0,0,Sunny,0.7897,31
IT3182,Essentials of Artificial Intelligence (EAI),Lecture,Computing,126,Wednesday,10:30-12:30,0,0,Rainy,0.8026,101
IT3113,Cyber Security (CS),Lecture,Computing,90,Friday,11:30-14:30,0,0,Sunny,0.772,69
CS22993,Group Project in Software Development,Lecture,Computing,78,Thursday,08:30-10:30,0,0,Sunny,0.7288,57
IS3102,Organizational Behaviour (OB),Lecture,Computing,36,Tuesday,14:30-16:30,0,0,Rainy,0.7794,28
IS3112,Marketing Management (MM),Lecture,Computing,35,Tuesday,14:30-16:30,0,1,Cloudy,0.9591,34
SE22013,Software Project Management,Lecture,Computing,56,Thursday,08:30-10:30,0,0,Cloudy,0.7305,41
IT3133,Programming Distributed Components (PDC),Lecture,Computing,92,Friday,11:30-14:30,0,1,Cloudy,0.99,91
IT3113,Cyber Security (CS),Lecture,Computing,85,Thursday,12:00-13:30,0,0,Sunny,0.8357,71
IS3112,Marketing Management (MM),Lecture,Computing,32,Monday,09:00-11:00,1,0,Cloudy,0.7542,24
IT3143,Independent Study (IS),Lecture,Computing,122,Monday,09:00-11:00,0,0,Sunny,0.7194,88
IT3133,Programming Distributed Components (PDC),Lecture,Computing,92,Tuesday,12:00-13:30,0,0,Sunny,0.8076,74
CS22023,Artificial Intelligence,Lecture,Computing,81,Thursday,11:30-14:30,0,0,Sunny,0.8621,70
DS22012,Categorical Data Analysis (CDA),Lecture,Computing,87,Tuesday,11:30-14:30,1,0,Rainy,0.9237,80
IT3123,Cloud Computing & Virtualization (CC&V),Lecture,Computing,92,Thursday,12:00-13:30,1,0,Cloudy,0.9171,84
CS3253,Big Data Analytics (BA),Lecture,Computing,39,Wednesday,12:00-13:30,1,1,Sunny,0.9718,38
IT3182,Essentials of Artificial Intelligence (EAI),Lecture,Computing,127,Wednesday,12:00-13:30,0,0,Cloudy,0.8164,104
IT3113,Cyber Security (CS),Lecture,Computing,84,Friday,10:30-12:30,0,0,Sunny,0.7828,66
CS22012,Advanced Data Structures & Algorithms,Lecture,Computing,82,Tuesday,12:00-13:30,0,0,Sunny,0.8299,68
IT3153,Software Quality Assurance (SQA),Lecture,Computing,121,Monday,11:30-14:30,0,0,Sunny,0.7966,96
CS22993,Group Project in Software Development,Lecture,Computing,80,Friday,12:00-13:30,0,0,Sunny,0.7502,60
IT3103,Service Oriented Web Programming (SOWP),Lecture,Computing,88,Tuesday,10:30-12:30,0,0,Sunny,0.8503,75
IT3182,Essentials of Artificial Intelligence (EAI),Lecture,Computing,126,Monday,10:30-12:30,0,1,Sunny,0.9848,124
IS3083,E-Commerce (EC),Lecture,Computing,39,Tuesday,08:30-10:30,0,1,Sunny,0.9896,39
IT3133,Programming Distributed Components (PDC),Lecture,Computing,84,Thursday,08:30-10:30,1,0,Rainy,0.8328,70
IT3162,GIS and Remote Sensing (GIS&RS),Lecture,Computing,128,Monday,09:00-11:00,0,0,Sunny,0.678,87
IS3073,Management Information Systems (MIS),Lecture,Computing,39,Tuesday,11:30-14:30,0,0,Rainy,0.8728,34
CS22023,Artificial Intelligence,Lecture,Computing,87,Friday,11:30-14:30,0,0,Sunny,0.7333,64
IT3153,Software Quality Assurance (SQA),Lecture,Computing,124,Wednesday,11:30-14:30,0,1,Sunny,0.9694,120
DS22012,Categorical Data Analysis (CDA),Lecture,Computing,85,Wednesday,08:30-10:30,0,0,Sunny,0.7778,66
IS3112,Marketing Management (MM),Lecture,Computing,38,Friday,08:30-10:30,1,0,Sunny,0.8038,31
DS22012,Categorical Data Analysis (CDA),Lecture,Computing,78,Monday,10:30-12:30,0,1,Cloudy,0.9658,75
CS22012,Advanced Data Structures & Algorithms,Lecture,Computing,75,Thursday,08:30-10:30,0,0,Sunny,0.7868,59
CS22023,Artificial Intelligence,Lecture,Computing,84,Friday,12:00-13:30,0,0,Sunny,0.7681,65
SE22013,Software Project Management,Lecture,Computing,55,Wednesday,14:30-16:30,1,0,Sunny,0.9056,50
IS3083,E-Commerce (EC),Lecture,Computing,32,Friday,14:30-16:30,0,0,Sunny,0.7504,24
DS22012,Categorical Data Analysis (CDA),Lecture,Computing,81,Tuesday,08:30-10:30,0,0,Sunny,0.7551,61
SE22013,Software Project Management,Lecture,Computing,54,Monday,12:00-13:30,0,0,Cloudy,0.7541,41
IT3182,Essentials of Artificial Intelligence (EAI),Lecture,Computing,122,Tuesday,08:30-10:30,0,1,Rainy,0.966,118
IT3103,Service Oriented Web Programming (SOWP),Lecture,Computing,95,Wednesday,14:30-16:30,0,0,Sunny,0.8224,78
IS3073,Management Information Systems (MIS),Lecture,Computing,35,Monday,08:30-10:30,0,0,Sunny,0.7033,25
IS3112,Marketing Management (MM),Lecture,Computing,34,Friday,14:30-16:30,0,0,Cloudy,0.7635,26
CS3253,Big Data Analytics (BA),Lecture,Computing,40,Wednesday,10:30-12:30,0,0,Cloudy,0.857,34
IS3093,Financial Management Concepts (FMC),Lecture,Computing,38,Monday,09:00-11:00,0,1,Sunny,0.9533,36
IT3133,Programming Distributed Components (PDC),Lecture,Computing,92,Wednesday,08:30-10:30,0,0,Sunny,0.7905,73
IS3073,Management Information Systems (MIS),Lecture,Computing,40,Friday,08:30-10:30,0,0,Sunny,0.714,29
SE22013,Software Project Management,Lecture,Computing,50,Thursday,10:30-12:30,0,0,Rainy,0.7719,39
IT3153,Software Quality Assurance (SQA),Lecture,Computing,126,Thursday,08:30-10:30,1,0,Cloudy,0.8932,113
IT3143,Independent Study (IS),Lecture,Computing,126,Tuesday,09:00-11:00,0,0,Cloudy,0.7743,98
IT3143,Independent Study (IS),Lecture,Computing,125,Monday,14:30-16:30,1,0,Cloudy,0.8289,104
IS3083,E-Commerce (EC),Lecture,Computing,37,Monday,10:30-12:30,0,0,Sunny,0.7808,29
IS3093,Financial Management Concepts (FMC),Lecture,Computing,38,Monday,08:30-10:30,0,0,Sunny,0.679,26
IT3162,GIS and Remote Sensing (GIS&RS),Lecture,Computing,120,Tuesday,09:00-11:00,0,0,Cloudy,0.7563,91
IS3112,Marketing Management (MM),Lecture,Computing,34,Tuesday,11:30-14:30,0,0,Cloudy,0.8626,29
IT3153,Software Quality Assurance (SQA),Lecture,Computing,124,Thursday,14:30-16:30,0,0,Sunny,0.8083,100
CS3253,Big Data Analytics (BA),Lecture,Computing,36,Wednesday,08:30-10:30,1,0,Sunny,0.8594,31
IT3133,Programming Distributed Components (PDC),Lecture,Computing,92,Tuesday,11:30-14:30,0,0,Cloudy,0.8441,78
CS3253,Big Data Analytics (BA),Lecture,Computing,40,Monday,08:30-10:30,0,0,Sunny,0.6919,28
IS3083,E-Commerce (EC),Lecture,Computing,29,Thursday,10:30-12:30,0,0,Rainy,0.7904,23
IT3103,Service Oriented Web Programming (SOWP),Lecture,Computing,93,Thursday,12:00-13:30,0,0,Sunny,0.8093,75
IT3182,Essentials of Artificial Intelligence (EAI),Lecture,Computing,118,Thursday,08:30-10:30,0,0,Rainy,0.7118,84
CS22993,Group Project in Software Development,Lecture,Computing,86,Tuesday,11:30-14:30,0,1,Sunny,0.9334,80
IT3133,Programming Distributed Components (PDC),Lecture,Computing,88,Tuesday,09:00-11:00,1,0,Sunny,0.879,77
IS3083,E-Commerce (EC),Lecture,Computing,32,Friday,14:30-16:30,0,1,Sunny,0.9536,31
IT3162,GIS and Remote Sensing (GIS&RS),Lecture,Computing,120,Friday,10:30-12:30,0,0,Sunny,0.7665,92
IT3113,Cyber Security (CS),Lecture,Computing,91,Tuesday,11:30-14:30,0,0,Sunny,0.8485,77
IT3113,Cyber Security (CS),Lecture,Computing,86,Friday,10:30-12:30,0,0,Cloudy,0.7586,65
IT3123,Cloud Computing & Virtualization (CC&V),Lecture,Computing,89,Tuesday,08:30-10:30,0,0,Sunny,0.7565,67
IS3073,Management Information Systems (MIS),Lecture,Computing,33,Monday,14:30-16:30,0,0,Sunny,0.7651,25
IS3083,E-Commerce (EC),Lecture,Computing,33,Wednesday,11:30-14:30,0,0,Rainy,0.7931,26
CS22012,Advanced Data Structures & Algorithms,Lecture,Computing,82,Tuesday,09:00-11:00,0,0,Rainy,0.7436,61
IS3083,E-Commerce (EC),Lecture,Computing,34,Monday,11:30-14:30,0,0,Sunny,0.8185,28
IT3162,GIS and Remote Sensing (GIS&RS),Lecture,Computing,120,Tuesday,14:30-16:30,1,0,Sunny,0.9063,109
DS22012,Categorical Data Analysis (CDA),Lecture,Computing,80,Tuesday,08:30-10:30,0,0,Sunny,0.751,60
IT3123,Cloud Computing & Virtualization (CC&V),Lecture,Computing,91,Monday,09:00-11:00,0,0,Sunny,0.7059,64
IS3073,Management Information Systems (MIS),Lecture,Computing,40,Tuesday,14:30-16:30,0,0,Sunny,0.7598,30
IT3133,Programming Distributed Components (PDC),Lecture,Computing,88,Thursday,14:30-16:30,1,0,Cloudy,0.8975,79
CS22993,Group Project in Software Development,Lecture,Computing,76,Wednesday,08:30-10:30,0,0,Sunny,0.7714,59
IT3133,Programming Distributed Components (PDC),Lecture,Computing,86,Monday,11:30-14:30,1,0,Rainy,0.8328,72
IT3113,Cyber Security (CS),Lecture,Computing,90,Wednesday,12:00-13:30,1,0,Sunny,0.948,85
IT3143,Independent Study (IS),Lecture,Computing,125,Friday,08:30-10:30,0,0,Sunny,0.6662,83
IS3083,E-Commerce (EC),Lecture,Computing,32,Monday,10:30-12:30,0,0,Sunny,0.7726,25
IS3102,Organizational Behaviour (OB),Lecture,Computing,33,Tuesday,11:30-14:30,1,0,Cloudy,0.9692,32
IT3182,Essentials of Artificial Intelligence (EAI),Lecture,Computing,123,Monday,11:30-14:30,0,0,Sunny,0.8242,101
IT3143,Independent Study (IS),Lecture,Computing,127,Thursday,12:00-13:30,0,0,Sunny,0.8388,107
IS3083,E-Commerce (EC),Lecture,Computing,40,Monday,14:30-16:30,0,0,Sunny,0.7479,30
IS3073,Management Information Systems (MIS),Lecture,Computing,31,Friday,09:00-11:00,1,0,Sunny,0.7941,25
IS3112,Marketing Management (MM),Lecture,Computing,30,Tuesday,14:30-16:30,0,0,Sunny,0.8277,25
IS3093,Financial Management Concepts (FMC),Lecture,Computing,30,Friday,08:30-10:30,0,0,Rainy,0.6178,19
IT3113,Cyber Security (CS),Lecture,Computing,90,Thursday,14:30-16:30,0,1,Sunny,0.9879,89
IT3143,Independent Study (IS),Lecture,Computing,121,Thursday,12:00-13:30,1,0,Cloudy,0.9379,113
IT3123,Cloud Computing & Virtualization (CC&V),Lecture,Computing,94,Wednesday,09:00-11:00,0,0,Rainy,0.6994,66
IS3083,E-Commerce (EC),Lecture,Computing,34,Thursday,08:30-10:30,0,0,Sunny,0.7452,25
IT3153,Software Quality Assurance (SQA),Lecture,Computing,127,Wednesday,08:30-10:30,0,0,Rainy,0.6931,88
CS3253,Big Data Analytics (BA),Lecture,Computing,43,Monday,08:30-10:30,0,0,Cloudy,0.6961,30
IT3133,Programming Distributed Components (PDC),Lecture,Computing,87,Tuesday,12:00-13:30,0,1,Sunny,0.9639,84
DS22012,Categorical Data Analysis (CDA),Lecture,Computing,81,Wednesday,08:30-10:30,0,0,Cloudy,0.7499,61
CS22023,Artificial Intelligence,Lecture,Computing,78,Wednesday,09:00-11:00,0,0,Sunny,0.7671,60
CS22993,Group Project in Software Development,Lecture,Computing,76,Monday,14:30-16:30,1,0,Sunny,0.8833,67
IT3162,GIS and Remote Sensing (GIS&RS),Lecture,Computing,126,Tuesday,14:30-16:30,0,1,Sunny,0.9693,122
IT3153,Software Quality Assurance (SQA),Lecture,Computing,122,Monday,08:30-10:30,0,1,Sunny,0.9805,120
IT3153,Software Quality Assurance (SQA),Lecture,Computing,125,Monday,09:00-11:00,0,0,Rainy,0.6252,78
IS3073,Management Information Systems (MIS),Lecture,Computing,35,Thursday,08:30-10:30,0,0,Cloudy,0.7467,26
IT3153,Software Quality Assurance (SQA),Lecture,Computing,119,Tuesday,14:30-16:30,0,1,Sunny,0.9753,116
DS22012,Categorical Data Analysis (CDA),Lecture,Computing,88,Thursday,11:30-14:30,0,0,Sunny,0.8789,77
CS3253,Big Data Analytics (BA),Lecture,Computing,39,Wednesday,08:30-10:30,0,0,Sunny,0.7766,30
IT3162,GIS and Remote Sensing (GIS&RS),Lecture,Computing,126,Thursday,10:30-12:30,1,1,Rainy,0.9489,120
CS22993,Group Project in Software Development,Lecture,Computing,80,Thursday,08:30-10:30,0,0,Rainy,0.7132,57
IT3162,GIS and Remote Sensing (GIS&RS),Lecture,Computing,121,Monday,12:00-13:30,0,0,Sunny,0.7519,91
IT3182,Essentials of Artificial Intelligence (EAI),Lecture,Computing,123,Thursday,11:30-14:30,0,0,Sunny,0.8542,105
CS22012,Advanced Data Structures & Algorithms,Lecture,Computing,83,Wednesday,08:30-10:30,0,0,Sunny,0.771,64
CS3253,Big Data Analytics (BA),Lecture,Computing,44,Thursday,11:30-14:30,0,0,Sunny,0.87,38
IT3113,Cyber Security (CS),Lecture,Computing,83,Wednesday,10:30-12:30,0,0,Rainy,0.8318,69
IS3073,Management Information Systems (MIS),Lecture,Computing,30,Monday,08:30-10:30,0,0,Rainy,0.6477,19
CS22012,Advanced Data Structures & Algorithms,Lecture,Computing,74,Wednesday,12:00-13:30,1,0,Sunny,0.9133,68
IS3083,E-Commerce (EC),Lecture,Computing,32,Friday,14:30-16:30,0,0,Rainy,0.7061,23
IT3133,Programming Distributed Components (PDC),Lecture,Computing,88,Thursday,11:30-14:30,0,0,Cloudy,0.8735,77
IT3133,Programming Distributed Components (PDC),Lecture,Computing,79,Friday,08:30-10:30,0,0,Rainy,0.6066,48
IS3073,Management Information Systems (MIS),Lecture,Computing,32,Tuesday,14:30-16:30,1,0,Cloudy,0.9279,30
SE22013,Software Project Management,Lecture,Computing,61,Friday,10:30-12:30,0,0,Sunny,0.8114,49
IT3153,Software Quality Assurance (SQA),Lecture,Computing,124,Monday,10:30-12:30,0,0,Rainy,0.7419,92
IT3123,Cloud Computing & Virtualization (CC&V),Lecture,Computing,88,Tuesday,10:30-12:30,0,0,Cloudy,0.8806,77
IS3093,Financial Management Concepts (FMC),Lecture,Computing,35,Wednesday,10:30-12:30,0,0,Sunny,0.8821,31
IT3133,Programming Distributed Components (PDC),Lecture,Computing,87,Tuesday,09:00-11:00,0,1,Sunny,0.9373,82
IT3103,Service Oriented Web Programming (SOWP),Lecture,Computing,91,Tuesday,08:30-10:30,0,0,Sunny,0.772,70
IT3143,Independent Study (IS),Lecture,Computing,126,Tuesday,10:30-12:30,0,1,Sunny,0.9645,122
CS22023,Artificial Intelligence,Lecture,Computing,82,Wednesday,12:00-13:30,0,0,Rainy,0.7376,60
IS3102,Organizational Behaviour (OB),Lecture,Computing,31,Wednesday,09:00-11:00,0,0,Cloudy,0.7406,23
SE22013,Software Project Management,Lecture,Computing,58,Monday,09:00-11:00,0,1,Sunny,0.956,55
IT3103,Service Oriented Web Programming (SOWP),Lecture,Computing,93,Friday,11:30-14:30,0,0,Sunny,0.7876,73
IS3093,Financial Management Concepts (FMC),Lecture,Computing,39,Wednesday,08:30-10:30,1,1,Sunny,0.9601,37
IT3133,Programming Distributed Components (PDC),Lecture,Computing,89,Wednesday,09:00-11:00,0,1,Sunny,0.9439,84
SE22013,Software Project Management,Lecture,Computing,60,Thursday,10:30-12:30,0,1,Rainy,0.99,59
IS3102,Organizational Behaviour (OB),Lecture,Computing,36,Monday,09:00-11:00,0,0,Sunny,0.6865,25
DS22012,Categorical Data Analysis (CDA),Lecture,Computing,84,Tuesday,14:30-16:30,1,0,Sunny,0.9364,79
CS22012,Advanced Data Structures & Algorithms,Lecture,Computing,80,Monday,10:30-12:30,1,0,Cloudy,0.8655,69
IT3182,Essentials of Artificial Intelligence (EAI),Lecture,Computing,124,Tuesday,10:30-12:30,0,1,Rainy,0.99,123
IT3162,GIS and Remote Sensing (GIS&RS),Lecture,Computing,125,Thursday,10:30-12:30,0,0,Sunny,0.8711,109
IT3103,Service Oriented Web Programming (SOWP),Lecture,Computing,90,Friday,10:30-12:30,1,1,Sunny,0.9378,84
IT3113,Cyber Security (CS),Lecture,Computing,92,Friday,08:30-10:30,0,0,Sunny,0.696,64
IT3113,Cyber Security (CS),Lecture,Computing,90,Thursday,09:00-11:00,0,0,Cloudy,0.7187,65
IS3083,E-Commerce (EC),Lecture,Computing,34,Monday,08:30-10:30,1,1,Sunny,0.9322,32
CS22023,Artificial Intelligence,Lecture,Computing,81,Friday,11:30-14:30,0,0,Sunny,0.7666,62
CS3253,Big Data Analytics (BA),Lecture,Computing,39,Wednesday,11:30-14:30,0,0,Sunny,0.8584,33
IS3102,Organizational Behaviour (OB),Lecture,Computing,35,Wednesday,14:30-16:30,0,0,Sunny,0.8151,29
IT3143,Independent Study (IS),Lecture,Computing,123,Wednesday,10:30-12:30,0,0,Sunny,0.8704,107
IT3153,Software Quality Assurance (SQA),Lecture,Computing,124,Tuesday,08:30-10:30,0,0,Sunny,0.7676,95
IT3133,Programming Distributed Components (PDC),Lecture,Computing,87,Wednesday,14:30-16:30,0,0,Sunny,0.826,72
IS3093,Financial Management Concepts (FMC),Lecture,Computing,34,Wednesday,10:30-12:30,1,0,Sunny,0.9336,32
IS3102,Organizational Behaviour (OB),Lecture,Computing,32,Friday,10:30-12:30,1,0,Sunny,0.8962,29
IT3162,GIS and Remote Sensing (GIS&RS),Lecture,Computing,119,Monday,11:30-14:30,0,0,Cloudy,0.792,94
CS22012,Advanced Data Structures & Algorithms,Lecture,Computing,82,Thursday,11:30-14:30,0,0,Sunny,0.8284,68
IS3073,Management Information Systems (MIS),Lecture,Computing,29,Tuesday,09:00-11:00,0,0,Sunny,0.7795,23
DS22012,Categorical Data Analysis (CDA),Lecture,Computing,82,Tuesday,11:30-14:30,1,0,Rainy,0.9449,77
IT3153,Software Quality Assurance (SQA),Lecture,Computing,125,Monday,12:00-13:30,0,1,Sunny,0.9761,122
IT3103,Service Oriented Web Programming (SOWP),Lecture,Computing,88,Friday,10:30-12:30,0,0,Rainy,0.7108,63
IT3153,Software Quality Assurance (SQA),Lecture,Computing,122,Wednesday,08:30-10:30,0,0,Sunny,0.7398,90
IT3143,Independent Study (IS),Lecture,Computing,125,Monday,12:00-13:30,0,0,Sunny,0.7404,93
CS22993,Group Project in Software Development,Lecture,Computing,83,Friday,14:30-16:30,0,0,Sunny,0.7403,61
CS22993,Group Project in Software Development,Lecture,Computing,80,Monday,08:30-10:30,1,1,Sunny,0.962,77
SE22013,Software Project Management,Lecture,Computing,54,Monday,08:30-10:30,0,0,Sunny,0.7139,39
CS22012,Advanced Data Structures & Algorithms,Lecture,Computing,80,Tuesday,09:00-11:00,1,0,Sunny,0.8568,69
CS22012,Advanced Data Structures & Algorithms,Lecture,Computing,81,Friday,09:00-11:00,0,0,Cloudy,0.7103,58
IT3103,Service Oriented Web Programming (SOWP),Lecture,Computing,85,Thursday,09:00-11:00,0,0,Cloudy,0.7749,66
IT3182,Essentials of Artificial Intelligence (EAI),Lecture,Computing,127,Friday,12:00-13:30,0,0,Cloudy,0.7366,94
IS3093,Financial Management Concepts (FMC),Lecture,Computing,31,Tuesday,10:30-12:30,0,0,Cloudy,0.8625,27
IT3103,Service Oriented Web Programming (SOWP),Lecture,Computing,88,Wednesday,08:30-10:30,0,0,Sunny,0.7443,66
IS3112,Marketing Management (MM),Lecture,Computing,33,Wednesday,10:30-12:30,0,0,Rainy,0.7833,26
IS3073,Management Information Systems (MIS),Lecture,Computing,33,Monday,12:00-13:30,0,0,Sunny,0.7463,25
CS3253,Big Data Analytics (BA),Lecture,Computing,40,Wednesday,08:30-10:30,0,0,Sunny,0.8109,32
IT3162,GIS and Remote Sensing (GIS&RS),Lecture,Computing,123,Wednesday,09:00-11:00,0,1,Sunny,0.9677,119
IS3112,Marketing Management (MM),Lecture,Computing,33,Tuesday,09:00-11:00,0,1,Sunny,0.989,33
DS22012,Categorical Data Analysis (CDA),Lecture,Computing,82,Monday,08:30-10:30,0,0,Sunny,0.6764,55
IT3113,Cyber Security (CS),Lecture,Computing,91,Thursday,12:00-13:30,0,0,Cloudy,0.797,73
IT3123,Cloud Computing & Virtualization (CC&V),Lecture,Computing,88,Monday,09:00-11:00,0,1,Cloudy,0.9488,83
SE22013,Software Project Management,Lecture,Computing,59,Tuesday,11:30-14:30,0,0,Cloudy,0.8933,53
IT3123,Cloud Computing & Virtualization (CC&V),Lecture,Computing,85,Thursday,09:00-11:00,0,0,Sunny,0.7445,63
IS3102,Organizational Behaviour (OB),Lecture,Computing,33,Friday,14:30-16:30,0,1,Cloudy,0.9799,32
IS3083,E-Commerce (EC),Lecture,Computing,38,Monday,10:30-12:30,0,0,Rainy,0.764,29
IS3102,Organizational Behaviour (OB),Lecture,Computing,31,Monday,10:30-12:30,0,0,Cloudy,0.7739,24
IS3073,Management Information Systems (MIS),Lecture,Computing,34,Tuesday,11:30-14:30,0,0,Cloudy,0.8852,30
IT3123,Cloud Computing & Virtualization (CC&V),Lecture,Computing,92,Monday,10:30-12:30,0,0,Sunny,0.7831,72
IS3073,Management Information Systems (MIS),Lecture,Computing,37,Friday,09:00-11:00,0,0,Cloudy,0.677,25
IT3133,Programming Distributed Components (PDC),Lecture,Computing,85,Monday,09:00-11:00,0,1,Sunny,0.968,82
IT3113,Cyber Security (CS),Lecture,Computing,92,Wednesday,08:30-10:30,0,0,Cloudy,0.8388,77
IT3103,Service Oriented Web Programming (SOWP),Lecture,Computing,87,Wednesday,12:00-13:30,0,0,Sunny,0.8539,74
DS22012,Categorical Data Analysis (CDA),Lecture,Computing,91,Friday,14:30-16:30,1,0,Sunny,0.873,79
CS22993,Group Project in Software Development,Lecture,Computing,82,Friday,10:30-12:30,0,0,Sunny,0.7892,65
CS22023,Artificial Intelligence,Lecture,Computing,84,Monday,09:00-11:00,1,0,Sunny,0.7946,67
IT3103,Service Oriented Web Programming (SOWP),Lecture,Computing,88,Tuesday,09:00-11:00,0,0,Sunny,0.7765,68
CS22012,Advanced Data Structures & Algorithms,Lecture,Computing,82,Friday,12:00-13:30,0,0,Sunny,0.7582,62
IT3182,Essentials of Artificial Intelligence (EAI),Lecture,Computing,127,Monday,10:30-12:30,1,0,Sunny,0.8864,113
IT3182,Essentials of Artificial Intelligence (EAI),Lecture,Computing,123,Monday,10:30-12:30,0,0,Cloudy,0.7859,97
CS3253,Big Data Analytics (BA),Lecture,Computing,41,Monday,09:00-11:00,1,1,Sunny,0.9709,40
SE22013,Software Project Management,Lecture,Computing,55,Monday,12:00-13:30,0,1,Sunny,0.9853,54
IT3113,Cyber Security (CS),Lecture,Computing,85,Wednesday,10:30-12:30,0,0,Sunny,0.8508,72
CS22993,Group Project in Software Development,Lecture,Computing,82,Monday,11:30-14:30,0,0,Cloudy,0.803,66
IT3123,Cloud Computing & Virtualization (CC&V),Lecture,Computing,88,Tuesday,10:30-12:30,0,0,Sunny,0.88,77
IT3103,Service Oriented Web Programming (SOWP),Lecture,Computing,86,Wednesday,08:30-10:30,0,0,Cloudy,0.7593,65
IT3143,Independent Study (IS),Lecture,Computing,124,Monday,08:30-10:30,0,0,Cloudy,0.6888,85
CS22993,Group Project in Software Development,Lecture,Computing,82,Thursday,08:30-10:30,0,1,Cloudy,0.9767,80
IT3182,Essentials of Artificial Intelligence (EAI),Lecture,Computing,121,Wednesday,11:30-14:30,0,0,Sunny,0.844,102
IT3113,Cyber Security (CS),Lecture,Computing,83,Monday,10:30-12:30,0,1,Sunny,0.9792,81
CS3253,Big Data Analytics (BA),Lecture,Computing,37,Monday,10:30-12:30,1,0,Sunny,0.8755,32
IT3113,Cyber Security (CS),Lecture,Computing,89,Wednesday,09:00-11:00,0,0,Rainy,0.7397,66
IT3103,Service Oriented Web Programming (SOWP),Lecture,Computing,87,Tuesday,10:30-12:30,0,0,Cloudy,0.8667,75
IT3113,Cyber Security (CS),Lecture,Computing,92,Monday,09:00-11:00,1,0,Rainy,0.738,68
DS22012,Categorical Data Analysis (CDA),Lecture,Computing,83,Tuesday,08:30-10:30,0,0,Sunny,0.7418,62
DS22012,Categorical Data Analysis (CDA),Lecture,Computing,83,Monday,12:00-13:30,0,1,Cloudy,0.9624,80
IT3182,Essentials of Artificial Intelligence (EAI),Lecture,Computing,116,Wednesday,11:30-14:30,1,0,Rainy,0.918,106
DS22012,Categorical Data Analysis (CDA),Lecture,Computing,84,Thursday,08:30-10:30,0,0,Sunny,0.7591,64
IS3102,Organizational Behaviour (OB),Lecture,Computing,35,Monday,09:00-11:00,0,0,Sunny,0.6957,24
CS22023,Artificial Intelligence,Lecture,Computing,86,Wednesday,08:30-10:30,1,0,Rainy,0.8297,71
IT3133,Programming Distributed Components (PDC),Lecture,Computing,96,Monday,10:30-12:30,0,0,Sunny,0.7783,75
IT3153,Software Quality Assurance (SQA),Lecture,Computing,121,Friday,10:30-12:30,0,0,Rainy,0.7568,92
IT3103,Service Oriented Web Programming (SOWP),Lecture,Computing,90,Tuesday,09:00-11:00,1,0,Rainy,0.799,72
SE22013,Software Project Management,Lecture,Computing,54,Monday,09:00-11:00,1,0,Sunny,0.783,42
IT3182,Essentials of Artificial Intelligence (EAI),Lecture,Computing,124,Wednesday,11:30-14:30,0,1,Sunny,0.9531,118
SE22013,Software Project Management,Lecture,Computing,54,Monday,14:30-16:30,0,1,Sunny,0.9436,51
CS22012,Advanced Data Structures & Algorithms,Lecture,Computing,83,Thursday,08:30-10:30,1,0,Sunny,0.882,73
IT3182,Essentials of Artificial Intelligence (EAI),Lecture,Computing,129,Friday,10:30-12:30,1,0,Sunny,0.8651,112
CS22012,Advanced Data Structures & Algorithms,Lecture,Computing,80,Monday,14:30-16:30,0,0,Sunny,0.749,60
IT3133,Programming Distributed Components (PDC),Lecture,Computing,88,Wednesday,08:30-10:30,0,0,Sunny,0.7368,65
IS3112,Marketing Management (MM),Lecture,Computing,28,Thursday,12:00-13:30,0,0,Sunny,0.8403,24
IS3093,Financial Management Concepts (FMC),Lecture,Computing,38,Friday,11:30-14:30,1,0,Sunny,0.9018,34
CS22012,Advanced Data Structures & Algorithms,Lecture,Computing,82,Thursday,10:30-12:30,0,0,Sunny,0.8419,69
IS3073,Management Information Systems (MIS),Lecture,Computing,38,Monday,08:30-10:30,0,0,Sunny,0.6633,25
IT3162,GIS and Remote Sensing (GIS&RS),Lecture,Computing,121,Monday,08:30-10:30,1,0,Sunny,0.7941,96
CS22012,Advanced Data Structures & Algorithms,Lecture,Computing,79,Thursday,11:30-14:30,0,0,Sunny,0.8479,67
IT3103,Service Oriented Web Programming (SOWP),Lecture,Computing,92,Tuesday,12:00-13:30,0,0,Sunny,0.8312,76
IT3113,Cyber Security (CS),Lecture,Computing,90,Tuesday,14:30-16:30,1,0,Sunny,0.9495,85
IT3133,Programming Distributed Components (PDC),Lecture,Computing,89,Friday,12:00-13:30,0,0,Sunny,0.7201,64
IS3112,Marketing Management (MM),Lecture,Computing,36,Monday,10:30-12:30,0,0,Cloudy,0.8097,29
IT3123,Cloud Computing & Virtualization (CC&V),Lecture,Computing,87,Monday,11:30-14:30,1,0,Sunny,0.9115,79
IS3073,Management Information Systems (MIS),Lecture,Computing,34,Monday,10:30-12:30,0,0,Sunny,0.8013,27
IT3143,Independent Study (IS),Lecture,Computing,125,Friday,14:30-16:30,1,0,Cloudy,0.8535,107
IT3113,Cyber Security (CS),Lecture,Computing,95,Wednesday,14:30-16:30,1,0,Sunny,0.8915,85
IT3123,Cloud Computing & Virtualization (CC&V),Lecture,Computing,94,Thursday,08:30-10:30,0,0,Rainy,0.6774,64
IT3162,GIS and Remote Sensing (GIS&RS),Lecture,Computing,124,Thursday,09:00-11:00,0,0,Rainy,0.7376,91
IS3083,E-Commerce (EC),Lecture,Computing,37,Wednesday,09:00-11:00,0,1,Cloudy,0.9839,36
CS22023,Artificial Intelligence,Lecture,Computing,79,Monday,10:30-12:30,0,0,Sunny,0.8327,66
SE22013,Software Project Management,Lecture,Computing,56,Wednesday,11:30-14:30,1,1,Sunny,0.9854,55
CS22012,Advanced Data Structures & Algorithms,Lecture,Computing,78,Monday,09:00-11:00,0,0,Sunny,0.6861,54
CS3253,Big Data Analytics (BA),Lecture,Computing,41,Friday,10:30-12:30,0,1,Sunny,0.99,41
IT3153,Software Quality Assurance (SQA),Lecture,Computing,125,Tuesday,11:30-14:30,0,0,Sunny,0.8631,108
DS22012,Categorical Data Analysis (CDA),Lecture,Computing,85,Friday,08:30-10:30,1,0,Cloudy,0.7838,67
IT3162,GIS and Remote Sensing (GIS&RS),Lecture,Computing,130,Thursday,09:00-11:00,1,1,Sunny,0.99,129
IS3102,Organizational Behaviour (OB),Lecture,Computing,35,Wednesday,12:00-13:30,1,0,Sunny,0.9604,34
IS3102,Organizational Behaviour (OB),Lecture,Computing,33,Monday,11:30-14:30,0,0,Cloudy,0.8123,27
IT3162,GIS and Remote Sensing (GIS&RS),Lecture,Computing,124,Tuesday,11:30-14:30,0,0,Sunny,0.8809,109
CS22023,Artificial Intelligence,Lecture,Computing,77,Thursday,09:00-11:00,0,0,Cloudy,0.7835,60
IS3083,E-Commerce (EC),Lecture,Computing,32,Thursday,11:30-14:30,0,0,Rainy,0.8294,27
IS3112,Marketing Management (MM),Lecture,Computing,37,Tuesday,14:30-16:30,0,0,Sunny,0.8439,31
IT3123,Cloud Computing & Virtualization (CC&V),Lecture,Computing,92,Monday,11:30-14:30,0,0,Sunny,0.7804,72
IT3123,Cloud Computing & Virtualization (CC&V),Lecture,Computing,84,Wednesday,08:30-10:30,0,0,Cloudy,0.779,65
IT3153,Software Quality Assurance (SQA),Lecture,Computing,122,Thursday,12:00-13:30,0,0,Rainy,0.7849,96
IT3153,Software Quality Assurance (SQA),Lecture,Computing,121,Wednesday,11:30-14:30,1,0,Cloudy,0.9297,112
DS22012,Categorical Data Analysis (CDA),Lecture,Computing,82,Tuesday,09:00-11:00,0,0,Rainy,0.707,58
IT3153,Software Quality Assurance (SQA),Lecture,Computing,123,Wednesday,14:30-16:30,0,0,Cloudy,0.8433,104
IS3083,E-Commerce (EC),Lecture,Computing,31,Thursday,08:30-10:30,0,0,Sunny,0.7619,24
IT3103,Service Oriented Web Programming (SOWP),Lecture,Computing,88,Wednesday,10:30-12:30,0,1,Cloudy,0.989,87
CS22993,Group Project in Software Development,Lecture,Computing,77,Tuesday,12:00-13:30,0,1,Sunny,0.9666,74
IT3153,Software Quality Assurance (SQA),Lecture,Computing,121,Thursday,09:00-11:00,1,0,Sunny,0.8578,104
CS22993,Group Project in Software Development,Lecture,Computing,79,Tuesday,09:00-11:00,0,0,Sunny,0.7826,62
IS3112,Marketing Management (MM),Lecture,Computing,38,Friday,08:30-10:30,0,0,Sunny,0.6875,26
IS3112,Marketing Management (MM),Lecture,Computing,38,Friday,08:30-10:30,1,0,Sunny,0.7739,29
IS3102,Organizational Behaviour (OB),Lecture,Computing,36,Wednesday,08:30-10:30,1,0,Sunny,0.8372,30
CS22012,Advanced Data Structures & Algorithms,Lecture,Computing,82,Wednesday,14:30-16:30,0,0,Sunny,0.8211,67
IT3113,Cyber Security (CS),Lecture,Computing,93,Wednesday,14:30-16:30,0,0,Cloudy,0.8145,76
IT3153,Software Quality Assurance (SQA),Lecture,Computing,122,Thursday,12:00-13:30,0,0,Rainy,0.716,87
CS3253,Big Data Analytics (BA),Lecture,Computing,39,Friday,12:00-13:30,0,0,Cloudy,0.7526,29
IS3083,E-Commerce (EC),Lecture,Computing,36,Tuesday,08:30-10:30,0,0,Cloudy,0.7289,26
IT3103,Service Oriented Web Programming (SOWP),Lecture,Computing,87,Thursday,14:30-16:30,1,0,Cloudy,0.9258,81
IS3083,E-Commerce (EC),Lecture,Computing,37,Wednesday,12:00-13:30,0,0,Sunny,0.8391,31
IS3093,Financial Management Concepts (FMC),Lecture,Computing,34,Tuesday,12:00-13:30,0,0,Sunny,0.8192,28
IT3153,Software Quality Assurance (SQA),Lecture,Computing,124,Tuesday,10:30-12:30,0,0,Sunny,0.8668,107
IT3143,Independent Study (IS),Lecture,Computing,122,Wednesday,11:30-14:30,1,0,Sunny,0.9582,117
CS3253,Big Data Analytics (BA),Lecture,Computing,40,Tuesday,09:00-11:00,0,0,Cloudy,0.7632,31
IS3102,Organizational Behaviour (OB),Lecture,Computing,29,Tuesday,14:30-16:30,0,0,Cloudy,0.8131,24
SE22013,Software Project Management,Lecture,Computing,57,Monday,12:00-13:30,0,0,Sunny,0.7443,42
IS3093,Financial Management Concepts (FMC),Lecture,Computing,33,Thursday,12:00-13:30,0,0,Sunny,0.7877,26
CS3253,Big Data Analytics (BA),Lecture,Computing,38,Monday,12:00-13:30,0,1,Cloudy,0.99,38
DS22012,Categorical Data Analysis (CDA),Lecture,Computing,83,Thursday,10:30-12:30,0,0,Sunny,0.8558,71
SE22013,Software Project Management,Lecture,Computing,57,Tuesday,12:00-13:30,0,0,Sunny,0.8463,48
IT3103,Service Oriented Web Programming (SOWP),Lecture,Computing,87,Friday,14:30-16:30,0,1,Sunny,0.99,86
IT3162,GIS and Remote Sensing (GIS&RS),Lecture,Computing,126,Wednesday,10:30-12:30,0,0,Cloudy,0.8774,111
IT3143,Independent Study (IS),Lecture,Computing,118,Tuesday,12:00-13:30,1,0,Sunny,0.9451,112
IT3113,Cyber Security (CS),Lecture,Computing,94,Wednesday,12:00-13:30,1,0,Cloudy,0.9303,87
SE22013,Software Project Management,Lecture,Computing,56,Friday,10:30-12:30,0,0,Rainy,0.7381,41
IS3073,Management Information Systems (MIS),Lecture,Computing,37,Monday,09:00-11:00,0,0,Sunny,0.6687,25
CS22023,Artificial Intelligence,Lecture,Computing,83,Wednesday,08:30-10:30,0,1,Sunny,0.9626,80
IS3093,Financial Management Concepts (FMC),Lecture,Computing,36,Friday,10:30-12:30,0,0,Sunny,0.7852,28
CS22993,Group Project in Software Development,Lecture,Computing,82,Tuesday,12:00-13:30,0,0,Sunny,0.8077,66
IT3113,Cyber Security (CS),Lecture,Computing,86,Wednesday,14:30-16:30,0,1,Cloudy,0.9501,82
IT3162,GIS and Remote Sensing (GIS&RS),Lecture,Computing,123,Tuesday,14:30-16:30,0,0,Sunny,0.8171,101
IT3162,GIS and Remote Sensing (GIS&RS),Lecture,Computing,121,Monday,08:30-10:30,1,0,Cloudy,0.782,95
IT3182,Essentials of Artificial Intelligence (EAI),Lecture,Computing,124,Thursday,11:30-14:30,0,0,Sunny,0.8684,108
IT3133,Programming Distributed Components (PDC),Lecture,Computing,87,Tuesday,11:30-14:30,0,0,Sunny,0.8301,72
CS22012,Advanced Data Structures & Algorithms,Lecture,Computing,81,Tuesday,11:30-14:30,0,0,Sunny,0.8264,67
CS3253,Big Data Analytics (BA),Lecture,Computing,40,Tuesday,11:30-14:30,0,0,Sunny,0.8538,34
IS3093,Financial Management Concepts (FMC),Lecture,Computing,35,Tuesday,10:30-12:30,0,0,Sunny,0.8519,30
IS3112,Marketing Management (MM),Lecture,Computing,36,Friday,08:30-10:30,0,0,Sunny,0.7062,25
IT3153,Software Quality Assurance (SQA),Lecture,Computing,120,Friday,08:30-10:30,1,0,Sunny,0.794,95
IT3162,GIS and Remote Sensing (GIS&RS),Lecture,Computing,122,Wednesday,09:00-11:00,0,1,Cloudy,0.9507,116
IS3093,Financial Management Concepts (FMC),Lecture,Computing,39,Wednesday,08:30-10:30,0,0,Sunny,0.7684,30
IS3073,Management Information Systems (MIS),Lecture,Computing,35,Wednesday,10:30-12:30,0,0,Sunny,0.9175,32
IS3102,Organizational Behaviour (OB),Lecture,Computing,36,Tuesday,12:00-13:30,1,0,Sunny,0.9357,34
IS3093,Financial Management Concepts (FMC),Lecture,Computing,32,Tuesday,09:00-11:00,0,0,Cloudy,0.7635,24
CS3253,Big Data Analytics (BA),Lecture,Computing,41,Wednesday,08:30-10:30,0,0,Sunny,0.7619,31
CS22012,Advanced Data Structures & Algorithms,Lecture,Computing,81,Tuesday,11:30-14:30,0,0,Rainy,0.7978,65
IS3073,Management Information Systems (MIS),Lecture,Computing,38,Thursday,08:30-10:30,0,0,Sunny,0.7616,29
IT3153,Software Quality Assurance (SQA),Lecture,Computing,119,Friday,08:30-10:30,0,0,Cloudy,0.6477,77
CS22012,Advanced Data Structures & Algorithms,Lecture,Computing,77,Wednesday,11:30-14:30,1,1,Cloudy,0.9758,75
IT3182,Essentials of Artificial Intelligence (EAI),Lecture,Computing,127,Tuesday,08:30-10:30,0,0,Rainy,0.6914,88
CS22993,Group Project in Software Development,Lecture,Computing,84,Monday,14:30-16:30,0,0,Sunny,0.7404,62
IT3133,Programming Distributed Components (PDC),Lecture,Computing,88,Thursday,09:00-11:00,0,0,Sunny,0.7452,66
CS3253,Big Data Analytics (BA),Lecture,Computing,37,Tuesday,09:00-11:00,1,1,Sunny,0.9674,36
CS22993,Group Project in Software Development,Lecture,Computing,77,Wednesday,14:30-16:30,1,0,Cloudy,0.8945,69
IT3153,Software Quality Assurance (SQA),Lecture,Computing,127,Monday,10:30-12:30,0,0,Sunny,0.7946,101
IT3153,Software Quality Assurance (SQA),Lecture,Computing,123,Monday,10:30-12:30,1,0,Rainy,0.8113,100
IT3133,Programming Distributed Components (PDC),Lecture,Computing,92,Friday,14:30-16:30,0,0,Sunny,0.768,71
IT3103,Service Oriented Web Programming (SOWP),Lecture,Computing,82,Wednesday,08:30-10:30,0,0,Sunny,0.753,62
IS3083,E-Commerce (EC),Lecture,Computing,30,Thursday,14:30-16:30,1,0,Rainy,0.8509,26
IT3182,Essentials of Artificial Intelligence (EAI),Lecture,Computing,122,Thursday,08:30-10:30,0,0,Cloudy,0.7735,94
IT3143,Independent Study (IS),Lecture,Computing,123,Friday,08:30-10:30,0,0,Rainy,0.6491,80
IT3162,GIS and Remote Sensing (GIS&RS),Lecture,Computing,127,Friday,08:30-10:30,0,0,Sunny,0.6921,88
IT3162,GIS and Remote Sensing (GIS&RS),Lecture,Computing,124,Friday,11:30-14:30,0,1,Cloudy,0.9829,122
CS22023,Artificial Intelligence,Lecture,Computing,79,Monday,11:30-14:30,1,0,Sunny,0.9231,73
DS22012,Categorical Data Analysis (CDA),Lecture,Computing,88,Friday,14:30-16:30,0,0,Cloudy,0.7237,64
DS22012,Categorical Data Analysis (CDA),Lecture,Computing,84,Wednesday,14:30-16:30,0,1,Sunny,0.9533,80
IT3143,Independent Study (IS),Lecture,Computing,126,Friday,14:30-16:30,0,0,Cloudy,0.7118,90
SE22013,Software Project Management,Lecture,Computing,57,Thursday,12:00-13:30,0,0,Sunny,0.8193,47
CS22023,Artificial Intelligence,Lecture,Computing,80,Friday,14:30-16:30,0,0,Sunny,0.73,58
IS3093,Financial Management Concepts (FMC),Lecture,Computing,34,Thursday,09:00-11:00,1,0,Sunny,0.8137,28
CS22012,Advanced Data Structures & Algorithms,Lecture,Computing,84,Wednesday,14:30-16:30,0,0,Cloudy,0.8082,68
DS22012,Categorical Data Analysis (CDA),Lecture,Computing,79,Wednesday,12:00-13:30,1,0,Cloudy,0.9022,71
IT3153,Software Quality Assurance (SQA),Lecture,Computing,125,Thursday,08:30-10:30,1,0,Cloudy,0.8731,109
IS3073,Management Information Systems (MIS),Lecture,Computing,30,Tuesday,12:00-13:30,1,0,Cloudy,0.9246,28
IT3143,Independent Study (IS),Lecture,Computing,124,Thursday,08:30-10:30,0,0,Sunny,0.7705,96
IT3143,Independent Study (IS),Lecture,Computing,121,Thursday,08:30-10:30,0,0,Rainy,0.7019,85
IS3083,E-Commerce (EC),Lecture,Computing,33,Tuesday,12:00-13:30,1,0,Sunny,0.9306,31
CS22012,Advanced Data Structures & Algorithms,Lecture,Computing,82,Wednesday,09:00-11:00,0,0,Sunny,0.726,60
IT3143,Independent Study (IS),Lecture,Computing,127,Tuesday,10:30-12:30,0,0,Cloudy,0.8749,111
SE22013,Software Project Management,Lecture,Computing,58,Thursday,11:30-14:30,0,0,Sunny,0.8675,50
IS3083,E-Commerce (EC),Lecture,Computing,32,Monday,11:30-14:30,0,0,Rainy,0.7197,23
IT3153,Software Quality Assurance (SQA),Lecture,Computing,125,Wednesday,08:30-10:30,0,0,Sunny,0.7646,96
IT3153,Software Quality Assurance (SQA),Lecture,Computing,120,Wednesday,11:30-14:30,0,0,Sunny,0.8077,97
IT3113,Cyber Security (CS),Lecture,Computing,80,Thursday,11:30-14:30,0,1,Sunny,0.9554,76
IT3162,GIS and Remote Sensing (GIS&RS),Lecture,Computing,130,Thursday,08:30-10:30,0,0,Sunny,0.7764,101
IT3103,Service Oriented Web Programming (SOWP),Lecture,Computing,90,Monday,10:30-12:30,0,0,Sunny,0.7936,71
IT3113,Cyber Security (CS),Lecture,Computing,83,Tuesday,10:30-12:30,0,0,Cloudy,0.8722,72
IS3093,Financial Management Concepts (FMC),Lecture,Computing,37,Thursday,12:00-13:30,0,0,Cloudy,0.8043,30
IS3093,Financial Management Concepts (FMC),Lecture,Computing,36,Tuesday,14:30-16:30,0,0,Cloudy,0.8331,30
IS3112,Marketing Management (MM),Lecture,Computing,34,Tuesday,10:30-12:30,0,0,Sunny,0.8802,30
CS22993,Group Project in Software Development,Lecture,Computing,85,Wednesday,08:30-10:30,0,1,Sunny,0.9861,84
IS3112,Marketing Management (MM),Lecture,Computing,35,Thursday,08:30-10:30,0,0,Sunny,0.7794,27
IT3143,Independent Study (IS),Lecture,Computing,122,Tuesday,08:30-10:30,0,0,Cloudy,0.7605,93
CS3253,Big Data Analytics (BA),Lecture,Computing,44,Tuesday,14:30-16:30,1,0,Rainy,0.8742,38
IT3113,Cyber Security (CS),Lecture,Computing,92,Tuesday,08:30-10:30,0,0,Cloudy,0.7296,67
IT3162,GIS and Remote Sensing (GIS&RS),Lecture,Computing,121,Tuesday,10:30-12:30,0,0,Sunny,0.8436,102
IT3113,Cyber Security (CS),Lecture,Computing,88,Tuesday,14:30-16:30,0,0,Sunny,0.8242,73
IT3182,Essentials of Artificial Intelligence (EAI),Lecture,Computing,121,Wednesday,09:00-11:00,0,1,Rainy,0.99,120
IT3143,Independent Study (IS),Lecture,Computing,126,Monday,10:30-12:30,0,0,Cloudy,0.8064,102
CS3253,Big Data Analytics (BA),Lecture,Computing,42,Tuesday,11:30-14:30,0,0,Cloudy,0.8992,38
CS22012,Advanced Data Structures & Algorithms,Lecture,Computing,80,Monday,09:00-11:00,0,0,Cloudy,0.7062,56
DS22012,Categorical Data Analysis (CDA),Lecture,Computing,79,Thursday,12:00-13:30,0,0,Sunny,0.8311,66
IT3182,Essentials of Artificial Intelligence (EAI),Lecture,Computing,121,Monday,08:30-10:30,0,0,Sunny,0.6542,79
IT3153,Software Quality Assurance (SQA),Lecture,Computing,121,Friday,09:00-11:00,0,0,Cloudy,0.7268,88
SE22013,Software Project Management,Lecture,Computing,56,Friday,12:00-13:30,0,0,Cloudy,0.7529,42
CS22023,Artificial Intelligence,Lecture,Computing,82,Tuesday,12:00-13:30,0,0,Sunny,0.8303,68
IT3153,Software Quality Assurance (SQA),Lecture,Computing,124,Thursday,09:00-11:00,1,0,Sunny,0.8557,106
CS22993,Group Project in Software Development,Lecture,Computing,77,Monday,10:30-12:30,0,0,Cloudy,0.8188,63
IT3133,Programming Distributed Components (PDC),Lecture,Computing,83,Tuesday,09:00-11:00,0,0,Sunny,0.7886,65
IT3143,Independent Study (IS),Lecture,Computing,123,Tuesday,09:00-11:00,0,0,Sunny,0.7796,96
IS3083,E-Commerce (EC),Lecture,Computing,29,Thursday,11:30-14:30,0,0,Sunny,0.8484,25
CS3253,Big Data Analytics (BA),Lecture,Computing,40,Tuesday,10:30-12:30,0,0,Cloudy,0.8185,33
IS3102,Organizational Behaviour (OB),Lecture,Computing,38,Monday,09:00-11:00,1,0,Rainy,0.7302,28
CS22012,Advanced Data Structures & Algorithms,Lecture,Computing,81,Thursday,11:30-14:30,1,0,Sunny,0.9614,78
IS3093,Financial Management Concepts (FMC),Lecture,Computing,33,Wednesday,11:30-14:30,0,0,Sunny,0.8349,28
IS3073,Management Information Systems (MIS),Lecture,Computing,33,Monday,08:30-10:30,1,1,Sunny,0.9731,32
IS3083,E-Commerce (EC),Lecture,Computing,39,Thursday,09:00-11:00,0,0,Sunny,0.7685,30
DS22012,Categorical Data Analysis (CDA),Lecture,Computing,88,Thursday,10:30-12:30,0,0,Sunny,0.8545,75
SE22013,Software Project Management,Lecture,Computing,58,Thursday,11:30-14:30,0,0,Sunny,0.8508,49
IT3182,Essentials of Artificial Intelligence (EAI),Lecture,Computing,124,Wednesday,09:00-11:00,0,0,Sunny,0.7734,96
IT3133,Programming Distributed Components (PDC),Lecture,Computing,87,Thursday,10:30-12:30,1,1,Sunny,0.9371,82
IT3113,Cyber Security (CS),Lecture,Computing,92,Thursday,14:30-16:30,0,0,Sunny,0.8044,74
IT3153,Software Quality Assurance (SQA),Lecture,Computing,124,Monday,08:30-10:30,0,0,Cloudy,0.6941,86
IT3123,Cloud Computing & Virtualization (CC&V),Lecture,Computing,91,Thursday,09:00-11:00,0,0,Cloudy,0.7594,69
IT3162,GIS and Remote Sensing (GIS&RS),Lecture,Computing,126,Monday,12:00-13:30,0,0,Rainy,0.6887,87
IT3103,Service Oriented Web Programming (SOWP),Lecture,Computing,94,Monday,08:30-10:30,0,1,Cloudy,0.9646,91
DS22012,Categorical Data Analysis (CDA),Lecture,Computing,85,Wednesday,14:30-16:30,0,0,Sunny,0.8129,69
CS3253,Big Data Analytics (BA),Lecture,Computing,40,Friday,08:30-10:30,0,0,Cloudy,0.6915,28
CS22993,Group Project in Software Development,Lecture,Computing,84,Wednesday,08:30-10:30,0,0,Sunny,0.7141,60
IT3153,Software Quality Assurance (SQA),Lecture,Computing,122,Friday,09:00-11:00,0,0,Cloudy,0.6686,82
SE22013,Software Project Management,Lecture,Computing,56,Monday,09:00-11:00,0,0,Sunny,0.6908,39
CS22993,Group Project in Software Development,Lecture,Computing,79,Thursday,08:30-10:30,0,1,Sunny,0.9483,75
CS22023,Artificial Intelligence,Lecture,Computing,85,Monday,08:30-10:30,0,0,Sunny,0.7094,60
IT3113,Cyber Security (CS),Lecture,Computing,89,Friday,08:30-10:30,0,0,Rainy,0.6588,59
IS3073,Management Information Systems (MIS),Lecture,Computing,31,Thursday,11:30-14:30,0,0,Cloudy,0.8502,26
IT3113,Cyber Security (CS),Lecture,Computing,88,Thursday,11:30-14:30,0,0,Sunny,0.8821,78
SE22013,Software Project Management,Lecture,Computing,59,Monday,11:30-14:30,0,0,Sunny,0.8035,47
CS22023,Artificial Intelligence,Lecture,Computing,80,Thursday,09:00-11:00,1,0,Sunny,0.8371,67
IT3153,Software Quality Assurance (SQA),Lecture,Computing,126,Wednesday,11:30-14:30,0,0,Sunny,0.8507,107
IT3143,Independent Study (IS),Lecture,Computing,129,Wednesday,10:30-12:30,1,0,Sunny,0.9652,125
SE22013,Software Project Management,Lecture,Computing,57,Thursday,08:30-10:30,0,0,Rainy,0.7499,43
IS3073,Management Information Systems (MIS),Lecture,Computing,36,Wednesday,09:00-11:00,0,0,Sunny,0.748,27
IS3112,Marketing Management (MM),Lecture,Computing,30,Thursday,09:00-11:00,0,0,Cloudy,0.7644,23
IS3102,Organizational Behaviour (OB),Lecture,Computing,34,Tuesday,14:30-16:30,1,0,Sunny,0.9204,31
SE22013,Software Project Management,Lecture,Computing,58,Friday,08:30-10:30,0,0,Cloudy,0.7141,41
IS3073,Management Information Systems (MIS),Lecture,Computing,33,Tuesday,12:00-13:30,0,0,Cloudy,0.8341,28
IT3143,Independent Study (IS),Lecture,Computing,128,Tuesday,14:30-16:30,1,0,Sunny,0.8714,112
DS22012,Categorical Data Analysis (CDA),Lecture,Computing,81,Monday,08:30-10:30,0,0,Rainy,0.6298,51
IT3113,Cyber Security (CS),Lecture,Computing,88,Friday,12:00-13:30,0,0,Cloudy,0.7504,66
SE22013,Software Project Management,Lecture,Computing,65,Wednesday,11:30-14:30,0,0,Sunny,0.8731,57
IT3113,Cyber Security (CS),Lecture,Computing,92,Tuesday,09:00-11:00,0,0,Sunny,0.721,66
IT3133,Programming Distributed Components (PDC),Lecture,Computing,88,Friday,08:30-10:30,0,0,Sunny,0.7065,62
IT3103,Service Oriented Web Programming (SOWP),Lecture,Computing,84,Monday,12:00-13:30,0,1,Sunny,0.9604,81
CS22993,Group Project in Software Development,Lecture,Computing,80,Thursday,12:00-13:30,1,0,Sunny,0.9442,76
SE22013,Software Project Management,Lecture,Computing,51,Friday,09:00-11:00,0,0,Sunny,0.7165,37
CS22993,Group Project in Software Development,Lecture,Computing,80,Tuesday,08:30-10:30,1,0,Sunny,0.8787,70
IT3143,Independent Study (IS),Lecture,Computing,123,Tuesday,11:30-14:30,0,0,Sunny,0.8953,110
CS3253,Big Data Analytics (BA),Lecture,Computing,41,Friday,11:30-14:30,1,0,Sunny,0.9038,37
IS3093,Financial Management Concepts (FMC),Lecture,Computing,39,Wednesday,09:00-11:00,0,1,Sunny,0.99,39
IT3162,GIS and Remote Sensing (GIS&RS),Lecture,Computing,122,Thursday,11:30-14:30,0,0,Rainy,0.8121,99
IT3103,Service Oriented Web Programming (SOWP),Lecture,Computing,90,Tuesday,12:00-13:30,0,0,Sunny,0.8172,74
CS22023,Artificial Intelligence,Lecture,Computing,82,Monday,09:00-11:00,0,0,Cloudy,0.7091,58
IS3073,Management Information Systems (MIS),Lecture,Computing,35,Wednesday,11:30-14:30,0,0,Cloudy,0.8806,31
SE22013,Software Project Management,Lecture,Computing,56,Wednesday,10:30-12:30,0,1,Sunny,0.99,55
CS22023,Artificial Intelligence,Lecture,Computing,86,Monday,11:30-14:30,0,0,Sunny,0.7812,67
IS3083,E-Commerce (EC),Lecture,Computing,31,Tuesday,14:30-16:30,0,1,Cloudy,0.9844,31
IT3103,Service Oriented Web Programming (SOWP),Lecture,Computing,89,Thursday,11:30-14:30,0,0,Sunny,0.8772,78
IT3123,Cloud Computing & Virtualization (CC&V),Lecture,Computing,87,Monday,12:00-13:30,0,1,Cloudy,0.9787,85
IT3133,Programming Distributed Components (PDC),Lecture,Computing,88,Tuesday,09:00-11:00,0,0,Cloudy,0.7472,66
DS22012,Categorical Data Analysis (CDA),Lecture,Computing,78,Friday,08:30-10:30,1,1,Rainy,0.989,77
IT3103,Service Oriented Web Programming (SOWP),Lecture,Computing,85,Tuesday,09:00-11:00,0,0,Rainy,0.7158,61
IT3123,Cloud Computing & Virtualization (CC&V),Lecture,Computing,89,Tuesday,08:30-10:30,0,0,Sunny,0.7464,66
CS22012,Advanced Data Structures & Algorithms,Lecture,Computing,83,Tuesday,11:30-14:30,0,0,Rainy,0.809,67
IT3162,GIS and Remote Sensing (GIS&RS),Lecture,Computing,124,Monday,08:30-10:30,0,0,Sunny,0.7012,87
DS22012,Categorical Data Analysis (CDA),Lecture,Computing,84,Wednesday,11:30-14:30,0,1,Sunny,0.9707,82
DS22012,Categorical Data Analysis (CDA),Lecture,Computing,83,Tuesday,11:30-14:30,0,0,Cloudy,0.8419,70
IT3113,Cyber Security (CS),Lecture,Computing,93,Thursday,14:30-16:30,0,0,Sunny,0.8354,78
IT3123,Cloud Computing & Virtualization (CC&V),Lecture,Computing,84,Tuesday,11:30-14:30,0,0,Sunny,0.8549,72
CS22023,Artificial Intelligence,Lecture,Computing,84,Wednesday,14:30-16:30,0,0,Sunny,0.8229,69
CS22993,Group Project in Software Development,Lecture,Computing,80,Monday,10:30-12:30,0,0,Cloudy,0.8025,64
IS3112,Marketing Management (MM),Lecture,Computing,30,Thursday,12:00-13:30,0,0,Sunny,0.8117,24
IT3103,Service Oriented Web Programming (SOWP),Lecture,Computing,89,Tuesday,10:30-12:30,0,0,Cloudy,0.8433,75
IT3113,Cyber Security (CS),Lecture,Computing,97,Tuesday,11:30-14:30,0,0,Sunny,0.8877,86
IT3103,Service Oriented Web Programming (SOWP),Lecture,Computing,89,Thursday,08:30-10:30,0,1,Sunny,0.986,88
IT3113,Cyber Security (CS),Lecture,Computing,89,Tuesday,09:00-11:00,0,0,Rainy,0.7116,63
IS3102,Organizational Behaviour (OB),Lecture,Computing,32,Wednesday,09:00-11:00,1,0,Cloudy,0.8788,28
IT3143,Independent Study (IS),Lecture,Computing,120,Tuesday,08:30-10:30,0,1,Cloudy,0.9322,112
IT3113,Cyber Security (CS),Lecture,Computing,89,Thursday,10:30-12:30,0,0,Cloudy,0.8278,74
DS22012,Categorical Data Analysis (CDA),Lecture,Computing,83,Tuesday,09:00-11:00,0,0,Cloudy,0.7675,64
IT3153,Software Quality Assurance (SQA),Lecture,Computing,129,Thursday,09:00-11:00,0,0,Sunny,0.7598,98
IT3113,Cyber Security (CS),Lecture,Computing,88,Tuesday,10:30-12:30,0,0,Cloudy,0.8438,74
DS22012,Categorical Data Analysis (CDA),Lecture,Computing,83,Monday,11:30-14:30,0,0,Cloudy,0.8109,67
CS22993,Group Project in Software Development,Lecture,Computing,81,Monday,14:30-16:30,0,0,Sunny,0.7093,57
IT3133,Programming Distributed Components (PDC),Lecture,Computing,88,Monday,08:30-10:30,1,1,Sunny,0.9687,85
IT3133,Programming Distributed Components (PDC),Lecture,Computing,82,Thursday,12:00-13:30,0,0,Sunny,0.8453,69
IT3113,Cyber Security (CS),Lecture,Computing,90,Friday,12:00-13:30,0,0,Cloudy,0.7672,69
IS3102,Organizational Behaviour (OB),Lecture,Computing,34,Tuesday,11:30-14:30,1,0,Sunny,0.9394,32
SE22013,Software Project Management,Lecture,Computing,52,Thursday,12:00-13:30,0,0,Cloudy,0.7952,41
IT3143,Independent Study (IS),Lecture,Computing,119,Tuesday,09:00-11:00,0,0,Sunny,0.7498,89
CS3253,Big Data Analytics (BA),Lecture,Computing,38,Monday,09:00-11:00,1,0,Cloudy,0.7831,30
DS22012,Categorical Data Analysis (CDA),Lecture,Computing,83,Friday,09:00-11:00,0,0,Sunny,0.6571,55
IS3093,Financial Management Concepts (FMC),Lecture,Computing,37,Monday,10:30-12:30,0,0,Rainy,0.7491,28
IT3123,Cloud Computing & Virtualization (CC&V),Lecture,Computing,92,Monday,09:00-11:00,0,0,Sunny,0.657,60
IT3182,Essentials of Artificial Intelligence (EAI),Lecture,Computing,128,Friday,09:00-11:00,0,1,Sunny,0.9718,124
IT3133,Programming Distributed Components (PDC),Lecture,Computing,88,Tuesday,08:30-10:30,0,1,Rainy,0.9723,86
SE22013,Software Project Management,Lecture,Computing,59,Tuesday,12:00-13:30,0,0,Sunny,0.8366,49
IS3073,Management Information Systems (MIS),Lecture,Computing,34,Tuesday,10:30-12:30,0,0,Sunny,0.8535,29
IT3103,Service Oriented Web Programming (SOWP),Lecture,Computing,89,Tuesday,09:00-11:00,1,0,Sunny,0.8657,77
SE22013,Software Project Management,Lecture,Computing,56,Tuesday,12:00-13:30,1,1,Sunny,0.9607,54
IT3103,Service Oriented Web Programming (SOWP),Lecture,Computing,86,Monday,12:00-13:30,0,0,Sunny,0.7786,67
IT3143,Independent Study (IS),Lecture,Computing,123,Thursday,11:30-14:30,0,0,Sunny,0.8833,109
IS3112,Marketing Management (MM),Lecture,Computing,30,Monday,08:30-10:30,0,0,Cloudy,0.6727,20
IT3123,Cloud Computing & Virtualization (CC&V),Lecture,Computing,92,Monday,14:30-16:30,0,0,Sunny,0.7871,72
CS22012,Advanced Data Structures & Algorithms,Lecture,Computing,85,Tuesday,09:00-11:00,0,0,Sunny,0.7187,61
IT3133,Programming Distributed Components (PDC),Lecture,Computing,88,Tuesday,14:30-16:30,0,0,Sunny,0.8466,74
CS3253,Big Data Analytics (BA),Lecture,Computing,40,Thursday,10:30-12:30,0,0,Rainy,0.829,33
IT3143,Independent Study (IS),Lecture,Computing,124,Tuesday,08:30-10:30,0,0,Cloudy,0.7734,96
IT3143,Independent Study (IS),Lecture,Computing,118,Thursday,09:00-11:00,0,1,Sunny,0.99,117
IT3103,Service Oriented Web Programming (SOWP),Lecture,Computing,89,Wednesday,08:30-10:30,1,0,Sunny,0.8385,75
IS3112,Marketing Management (MM),Lecture,Computing,32,Tuesday,09:00-11:00,0,0,Sunny,0.7833,25
IT3143,Independent Study (IS),Lecture,Computing,123,Tuesday,12:00-13:30,0,1,Sunny,0.9629,118
IT3153,Software Quality Assurance (SQA),Lecture,Computing,122,Thursday,10:30-12:30,0,0,Sunny,0.842,103
IS3112,Marketing Management (MM),Lecture,Computing,27,Monday,10:30-12:30,1,0,Sunny,0.8996,24
IS3093,Financial Management Concepts (FMC),Lecture,Computing,36,Wednesday,11:30-14:30,0,0,Sunny,0.8429,30
IT3103,Service Oriented Web Programming (SOWP),Lecture,Computing,89,Monday,09:00-11:00,0,0,Sunny,0.6731,60
IS3073,Management Information Systems (MIS),Lecture,Computing,38,Tuesday,11:30-14:30,0,0,Sunny,0.8533,32
IS3102,Organizational Behaviour (OB),Lecture,Computing,31,Wednesday,08:30-10:30,0,0,Cloudy,0.7417,23
DS22012,Categorical Data Analysis (CDA),Lecture,Computing,81,Monday,10:30-12:30,0,0,Sunny,0.7689,62
CS22023,Artificial Intelligence,Lecture,Computing,83,Tuesday,09:00-11:00,0,0,Rainy,0.7065,59
DS22012,Categorical Data Analysis (CDA),Lecture,Computing,74,Friday,12:00-13:30,1,0,Cloudy,0.8766,65
CS3253,Big Data Analytics (BA),Lecture,Computing,36,Friday,11:30-14:30,0,0,Sunny,0.8195,30
IT3162,GIS and Remote Sensing (GIS&RS),Lecture,Computing,122,Friday,09:00-11:00,1,0,Sunny,0.7577,92
IT3143,Independent Study (IS),Lecture,Computing,124,Tuesday,14:30-16:30,0,1,Sunny,0.9775,121
IT3153,Software Quality Assurance (SQA),Lecture,Computing,119,Wednesday,12:00-13:30,0,0,Sunny,0.8662,103
CS22993,Group Project in Software Development,Lecture,Computing,84,Friday,08:30-10:30,1,0,Cloudy,0.8012,67
IT3123,Cloud Computing & Virtualization (CC&V),Lecture,Computing,83,Thursday,09:00-11:00,0,0,Sunny,0.7407,61
SE22013,Software Project Management,Lecture,Computing,60,Tuesday,11:30-14:30,0,0,Sunny,0.8455,51
SE22013,Software Project Management,Lecture,Computing,56,Friday,11:30-14:30,0,1,Sunny,0.9526,53
IT3153,Software Quality Assurance (SQA),Lecture,Computing,127,Monday,12:00-13:30,0,0,Sunny,0.7555,96
IT3123,Cloud Computing & Virtualization (CC&V),Lecture,Computing,87,Monday,08:30-10:30,0,0,Rainy,0.6492,56
CS22023,Artificial Intelligence,Lecture,Computing,82,Wednesday,11:30-14:30,1,1,Sunny,0.9253,76
IS3073,Management Information Systems (MIS),Lecture,Computing,33,Wednesday,14:30-16:30,0,0,Cloudy,0.8287,27
CS22993,Group Project in Software Development,Lecture,Computing,83,Tuesday,10:30-12:30,0,1,Sunny,0.9769,81
IT3133,Programming Distributed Components (PDC),Lecture,Computing,89,Thursday,10:30-12:30,0,1,Cloudy,0.9481,84
IT3182,Essentials of Artificial Intelligence (EAI),Lecture,Computing,129,Tuesday,14:30-16:30,0,0,Sunny,0.8032,104
IS3093,Financial Management Concepts (FMC),Lecture,Computing,34,Thursday,09:00-11:00,0,0,Sunny,0.7621,26
IT3133,Programming Distributed Components (PDC),Lecture,Computing,83,Monday,10:30-12:30,0,0,Sunny,0.7536,63
IT3123,Cloud Computing & Virtualization (CC&V),Lecture,Computing,84,Monday,11:30-14:30,0,0,Sunny,0.7825,66
IT3182,Essentials of Artificial Intelligence (EAI),Lecture,Computing,122,Thursday,11:30-14:30,1,0,Sunny,0.9223,113
IS3073,Management Information Systems (MIS),Lecture,Computing,33,Wednesday,10:30-12:30,0,1,Rainy,0.9782,32
IT3153,Software Quality Assurance (SQA),Lecture,Computing,126,Wednesday,10:30-12:30,0,0,Rainy,0.798,101
DS22012,Categorical Data Analysis (CDA),Lecture,Computing,84,Tuesday,14:30-16:30,0,0,Rainy,0.7581,64
CS22993,Group Project in Software Development,Lecture,Computing,87,Wednesday,12:00-13:30,0,1,Sunny,0.9655,84
IT3153,Software Quality Assurance (SQA),Lecture,Computing,127,Friday,11:30-14:30,0,0,Cloudy,0.8427,107
IT3123,Cloud Computing & Virtualization (CC&V),Lecture,Computing,92,Wednesday,12:00-13:30,1,0,Sunny,0.8806,81
DS22012,Categorical Data Analysis (CDA),Lecture,Computing,82,Friday,09:00-11:00,0,0,Cloudy,0.7004,57
CS3253,Big Data Analytics (BA),Lecture,Computing,43,Tuesday,10:30-12:30,0,0,Cloudy,0.8624,37
CS22993,Group Project in Software Development,Lecture,Computing,85,Monday,12:00-13:30,0,0,Sunny,0.7589,65
IT3123,Cloud Computing & Virtualization (CC&V),Lecture,Computing,86,Wednesday,08:30-10:30,0,0,Sunny,0.7651,66
IT3153,Software Quality Assurance (SQA),Lecture,Computing,125,Thursday,14:30-16:30,0,1,Rainy,0.9588,120
IS3102,Organizational Behaviour (OB),Lecture,Computing,35,Wednesday,09:00-11:00,0,0,Cloudy,0.7483,26
IT3153,Software Quality Assurance (SQA),Lecture,Computing,123,Thursday,09:00-11:00,0,1,Sunny,0.9649,119
IT3133,Programming Distributed Components (PDC),Lecture,Computing,92,Tuesday,08:30-10:30,0,0,Cloudy,0.7718,71
IT3113,Cyber Security (CS),Lecture,Computing,88,Monday,10:30-12:30,0,0,Cloudy,0.8012,71
IT3182,Essentials of Artificial Intelligence (EAI),Lecture,Computing,127,Thursday,09:00-11:00,0,0,Sunny,0.7478,95
IS3112,Marketing Management (MM),Lecture,Computing,32,Monday,12:00-13:30,0,0,Cloudy,0.7747,25
CS22012,Advanced Data Structures & Algorithms,Lecture,Computing,78,Wednesday,12:00-13:30,0,0,Cloudy,0.8109,63
IS3112,Marketing Management (MM),Lecture,Computing,38,Monday,09:00-11:00,0,0,Cloudy,0.7189,27
SE22013,Software Project Management,Lecture,Computing,59,Wednesday,09:00-11:00,0,1,Sunny,0.9414,56
DS22012,Categorical Data Analysis (CDA),Lecture,Computing,79,Thursday,08:30-10:30,0,0,Sunny,0.7467,59
IT3113,Cyber Security (CS),Lecture,Computing,83,Thursday,08:30-10:30,0,0,Rainy,0.7213,60
IT3123,Cloud Computing & Virtualization (CC&V),Lecture,Computing,91,Thursday,10:30-12:30,0,0,Cloudy,0.9001,82
IS3083,E-Commerce (EC),Lecture,Computing,33,Tuesday,10:30-12:30,0,0,Sunny,0.8435,28
CS22012,Advanced Data Structures & Algorithms,Lecture,Computing,80,Tuesday,09:00-11:00,0,0,Rainy,0.7354,59
IS3093,Financial Management Concepts (FMC),Lecture,Computing,37,Wednesday,12:00-13:30,0,0,Sunny,0.8318,31
IS3112,Marketing Management (MM),Lecture,Computing,38,Wednesday,08:30-10:30,0,1,Rainy,0.9838,37
IS3093,Financial Management Concepts (FMC),Lecture,Computing,38,Thursday,12:00-13:30,0,0,Sunny,0.8015,30
CS22993,Group Project in Software Development,Lecture,Computing,82,Thursday,08:30-10:30,0,0,Sunny,0.7878,65
CS3253,Big Data Analytics (BA),Lecture,Computing,43,Monday,10:30-12:30,0,0,Cloudy,0.776,33
IT3103,Service Oriented Web Programming (SOWP),Lecture,Computing,94,Wednesday,09:00-11:00,1,0,Rainy,0.8142,77
DS22012,Categorical Data Analysis (CDA),Lecture,Computing,84,Thursday,08:30-10:30,0,0,Rainy,0.7261,61
IT3103,Service Oriented Web Programming (SOWP),Lecture,Computing,86,Tuesday,10:30-12:30,1,0,Sunny,0.9885,85
IS3093,Financial Management Concepts (FMC),Lecture,Computing,35,Tuesday,09:00-11:00,0,0,Sunny,0.7893,28
IT3103,Service Oriented Web Programming (SOWP),Lecture,Computing,89,Wednesday,11:30-14:30,0,0,Sunny,0.854,76
CS22012,Advanced Data Structures & Algorithms,Lecture,Computing,86,Tuesday,09:00-11:00,0,1,Cloudy,0.9591,82
IT3133,Programming Distributed Components (PDC),Lecture,Computing,89,Thursday,08:30-10:30,0,0,Sunny,0.7702,69
CS22023,Artificial Intelligence,Lecture,Computing,73,Monday,09:00-11:00,1,0,Sunny,0.7789,57
IT3103,Service Oriented Web Programming (SOWP),Lecture,Computing,90,Friday,10:30-12:30,0,0,Sunny,0.7949,72
CS22023,Artificial Intelligence,Lecture,Computing,80,Tuesday,08:30-10:30,0,0,Sunny,0.7626,61
CS3253,Big Data Analytics (BA),Lecture,Computing,43,Tuesday,08:30-10:30,0,0,Sunny,0.7391,32
IT3103,Service Oriented Web Programming (SOWP),Lecture,Computing,88,Thursday,10:30-12:30,0,0,Sunny,0.9084,80
IS3102,Organizational Behaviour (OB),Lecture,Computing,33,Wednesday,08:30-10:30,0,0,Rainy,0.6836,23
CS3253,Big Data Analytics (BA),Lecture,Computing,40,Monday,09:00-11:00,0,0,Sunny,0.6537,26
IT3153,Software Quality Assurance (SQA),Lecture,Computing,125,Friday,11:30-14:30,0,0,Sunny,0.8018,100
IS3112,Marketing Management (MM),Lecture,Computing,37,Tuesday,08:30-10:30,0,0,Cloudy,0.7633,28
IT3133,Programming Distributed Components (PDC),Lecture,Computing,90,Tuesday,12:00-13:30,1,1,Cloudy,0.974,88
IT3143,Independent Study (IS),Lecture,Computing,120,Tuesday,10:30-12:30,0,1,Cloudy,0.9819,118
IS3112,Marketing Management (MM),Lecture,Computing,35,Thursday,10:30-12:30,1,0,Sunny,0.9702,34
IT3113,Cyber Security (CS),Lecture,Computing,92,Tuesday,09:00-11:00,0,0,Sunny,0.7317,67
IT3153,Software Quality Assurance (SQA),Lecture,Computing,129,Wednesday,14:30-16:30,0,1,Sunny,0.9256,119
IS3112,Marketing Management (MM),Lecture,Computing,35,Tuesday,08:30-10:30,0,0,Cloudy,0.7561,26
IS3093,Financial Management Concepts (FMC),Lecture,Computing,39,Tuesday,09:00-11:00,0,1,Cloudy,0.9492,37
IT3133,Programming Distributed Components (PDC),Lecture,Computing,93,Wednesday,10:30-12:30,0,1,Cloudy,0.9238,86
IT3143,Independent Study (IS),Lecture,Computing,123,Monday,12:00-13:30,1,0,Sunny,0.8517,105
IS3083,E-Commerce (EC),Lecture,Computing,35,Tuesday,08:30-10:30,0,0,Sunny,0.7515,26
IT3123,Cloud Computing & Virtualization (CC&V),Lecture,Computing,90,Monday,10:30-12:30,0,0,Sunny,0.7872,71
IT3113,Cyber Security (CS),Lecture,Computing,87,Tuesday,08:30-10:30,0,0,Sunny,0.7719,67
IT3143,Independent Study (IS),Lecture,Computing,124,Thursday,08:30-10:30,0,0,Cloudy,0.7415,92
IS3073,Management Information Systems (MIS),Lecture,Computing,36,Tuesday,10:30-12:30,1,0,Sunny,0.9798,35
DS22012,Categorical Data Analysis (CDA),Lecture,Computing,85,Friday,09:00-11:00,0,1,Rainy,0.9846,84
IT3123,Cloud Computing & Virtualization (CC&V),Lecture,Computing,88,Monday,08:30-10:30,0,0,Rainy,0.6264,55
IT3103,Service Oriented Web Programming (SOWP),Lecture,Computing,84,Monday,12:00-13:30,0,1,Sunny,0.9695,81
CS3253,Big Data Analytics (BA),Lecture,Computing,36,Wednesday,11:30-14:30,0,0,Cloudy,0.8183,29
IT3123,Cloud Computing & Virtualization (CC&V),Lecture,Computing,90,Tuesday,10:30-12:30,0,0,Sunny,0.8132,73
IS3093,Financial Management Concepts (FMC),Lecture,Computing,30,Monday,10:30-12:30,0,0,Sunny,0.8149,24
IS3112,Marketing Management (MM),Lecture,Computing,37,Wednesday,10:30-12:30,0,0,Cloudy,0.8684,32
IT3162,GIS and Remote Sensing (GIS&RS),Lecture,Computing,122,Thursday,10:30-12:30,0,1,Sunny,0.99,121
IS3112,Marketing Management (MM),Lecture,Computing,33,Monday,10:30-12:30,0,0,Cloudy,0.752,25
IT3162,GIS and Remote Sensing (GIS&RS),Lecture,Computing,125,Wednesday,14:30-16:30,1,1,Rainy,0.9727,122
IS3073,Management Information Systems (MIS),Lecture,Computing,29,Thursday,09:00-11:00,0,0,Sunny,0.754,22
IT3143,Independent Study (IS),Lecture,Computing,124,Tuesday,12:00-13:30,0,0,Rainy,0.782,97
IT3123,Cloud Computing & Virtualization (CC&V),Lecture,Computing,84,Friday,11:30-14:30,0,1,Cloudy,0.9605,81
IS3102,Organizational Behaviour (OB),Lecture,Computing,36,Monday,10:30-12:30,0,0,Sunny,0.776,28
IS3093,Financial Management Concepts (FMC),Lecture,Computing,31,Wednesday,12:00-13:30,1,0,Sunny,0.8982,28
CS22993,Group Project in Software Development,Lecture,Computing,83,Thursday,11:30-14:30,0,0,Cloudy,0.8248,68
IS3093,Financial Management Concepts (FMC),Lecture,Computing,36,Friday,11:30-14:30,1,0,Sunny,0.9222,33
IT3113,Cyber Security (CS),Lecture,Computing,93,Tuesday,10:30-12:30,0,0,Sunny,0.8753,81
IS3083,E-Commerce (EC),Lecture,Computing,34,Friday,09:00-11:00,1,0,Sunny,0.7761,26
CS22993,Group Project in Software Development,Lecture,Computing,84,Wednesday,09:00-11:00,0,1,Cloudy,0.99,83
SE22013,Software Project Management,Lecture,Computing,60,Wednesday,11:30-14:30,1,0,Rainy,0.9127,55
IT3103,Service Oriented Web Programming (SOWP),Lecture,Computing,96,Monday,10:30-12:30,1,0,Sunny,0.9108,87
IT3133,Programming Distributed Components (PDC),Lecture,Computing,91,Monday,11:30-14:30,0,0,Sunny,0.7529,69
CS22993,Group Project in Software Development,Lecture,Computing,75,Friday,08:30-10:30,0,0,Sunny,0.6974,52
DS22012,Categorical Data Analysis (CDA),Lecture,Computing,89,Tuesday,12:00-13:30,0,0,Cloudy,0.8144,72
DS22012,Categorical Data Analysis (CDA),Lecture,Computing,84,Monday,09:00-11:00,1,0,Cloudy,0.7734,65
IS3093,Financial Management Concepts (FMC),Lecture,Computing,35,Tuesday,08:30-10:30,0,0,Rainy,0.7109,25
IT3103,Service Oriented Web Programming (SOWP),Lecture,Computing,88,Tuesday,12:00-13:30,0,0,Cloudy,0.8174,72
IT3162,GIS and Remote Sensing (GIS&RS),Lecture,Computing,123,Thursday,12:00-13:30,0,1,Sunny,0.9536,117
CS22012,Advanced Data Structures & Algorithms,Lecture,Computing,85,Tuesday,12:00-13:30,1,0,Sunny,0.9432,80
IT3133,Programming Distributed Components (PDC),Lecture,Computing,89,Tuesday,12:00-13:30,0,0,Sunny,0.8096,72
IT3103,Service Oriented Web Programming (SOWP),Lecture,Computing,92,Wednesday,11:30-14:30,0,1,Sunny,0.9772,90
CS22993,Group Project in Software Development,Lecture,Computing,82,Tuesday,09:00-11:00,1,1,Rainy,0.9658,79
IT3162,GIS and Remote Sensing (GIS&RS),Lecture,Computing,123,Wednesday,14:30-16:30,0,0,Sunny,0.809,100
CS22023,Artificial Intelligence,Lecture,Computing,80,Tuesday,09:00-11:00,1,0,Sunny,0.883,71
IS3093,Financial Management Concepts (FMC),Lecture,Computing,29,Friday,09:00-11:00,0,0,Rainy,0.6079,18
DS22012,Categorical Data Analysis (CDA),Lecture,Computing,71,Tuesday,08:30-10:30,0,0,Cloudy,0.7824,56
CS3253,Big Data Analytics (BA),Lecture,Computing,40,Thursday,11:30-14:30,0,0,Sunny,0.8519,34
IS3093,Financial Management Concepts (FMC),Lecture,Computing,35,Wednesday,14:30-16:30,0,0,Sunny,0.7906,28
IT3113,Cyber Security (CS),Lecture,Computing,86,Thursday,08:30-10:30,0,0,Cloudy,0.7756,67
IS3083,E-Commerce (EC),Lecture,Computing,41,Wednesday,11:30-14:30,0,0,Sunny,0.8612,35
CS22012,Advanced Data Structures & Algorithms,Lecture,Computing,82,Wednesday,10:30-12:30,1,0,Sunny,0.926,76
IS3073,Management Information Systems (MIS),Lecture,Computing,36,Friday,10:30-12:30,0,0,Sunny,0.7936,29
IT3113,Cyber Security (CS),Lecture,Computing,92,Thursday,11:30-14:30,1,1,Rainy,0.948,87
IT3143,Independent Study (IS),Lecture,Computing,126,Thursday,10:30-12:30,0,1,Rainy,0.9417,119
IT3162,GIS and Remote Sensing (GIS&RS),Lecture,Computing,126,Friday,08:30-10:30,0,0,Sunny,0.6695,84
IS3093,Financial Management Concepts (FMC),Lecture,Computing,36,Wednesday,12:00-13:30,0,0,Sunny,0.8399,30
CS3253,Big Data Analytics (BA),Lecture,Computing,37,Wednesday,11:30-14:30,0,0,Sunny,0.8888,33
IS3102,Organizational Behaviour (OB),Lecture,Computing,32,Thursday,08:30-10:30,0,0,Sunny,0.725,23
IT3153,Software Quality Assurance (SQA),Lecture,Computing,122,Tuesday,14:30-16:30,0,0,Sunny,0.7826,95
SE22013,Software Project Management,Lecture,Computing,57,Wednesday,08:30-10:30,1,0,Sunny,0.8348,48
SE22013,Software Project Management,Lecture,Computing,55,Wednesday,11:30-14:30,0,0,Sunny,0.8605,47
DS22012,Categorical Data Analysis (CDA),Lecture,Computing,83,Tuesday,11:30-14:30,0,0,Sunny,0.8738,73
IT3103,Service Oriented Web Programming (SOWP),Lecture,Computing,88,Tuesday,10:30-12:30,0,0,Cloudy,0.8444,74
DS22012,Categorical Data Analysis (CDA),Lecture,Computing,82,Tuesday,10:30-12:30,0,0,Sunny,0.8363,69
DS22012,Categorical Data Analysis (CDA),Lecture,Computing,85,Friday,09:00-11:00,0,0,Sunny,0.6677,57
IT3143,Independent Study (IS),Lecture,Computing,121,Thursday,08:30-10:30,0,0,Sunny,0.7805,94
IS3093,Financial Management Concepts (FMC),Lecture,Computing,33,Friday,12:00-13:30,0,0,Sunny,0.7894,26
CS22993,Group Project in Software Development,Lecture,Computing,82,Friday,12:00-13:30,0,1,Sunny,0.99,81
IT3153,Software Quality Assurance (SQA),Lecture,Computing,130,Tuesday,09:00-11:00,0,0,Sunny,0.7708,100
CS22993,Group Project in Software Development,Lecture,Computing,83,Tuesday,09:00-11:00,0,0,Cloudy,0.7181,60
IT3143,Independent Study (IS),Lecture,Computing,124,Thursday,10:30-12:30,0,0,Sunny,0.8895,110
IS3073,Management Information Systems (MIS),Lecture,Computing,32,Thursday,10:30-12:30,0,0,Sunny,0.8865,28
IT3143,Independent Study (IS),Lecture,Computing,123,Thursday,10:30-12:30,0,0,Sunny,0.8594,106
IS3073,Management Information Systems (MIS),Lecture,Computing,38,Wednesday,11:30-14:30,1,0,Sunny,0.9681,37
IS3112,Marketing Management (MM),Lecture,Computing,26,Thursday,10:30-12:30,0,0,Cloudy,0.8724,23
DS22012,Categorical Data Analysis (CDA),Lecture,Computing,83,Thursday,11:30-14:30,0,0,Sunny,0.8788,73
CS22993,Group Project in Software Development,Lecture,Computing,82,Thursday,10:30-12:30,0,1,Sunny,0.9568,78
IT3123,Cloud Computing & Virtualization (CC&V),Lecture,Computing,89,Thursday,12:00-13:30,0,0,Cloudy,0.8259,74
IS3093,Financial Management Concepts (FMC),Lecture,Computing,34,Wednesday,14:30-16:30,0,0,Sunny,0.8138,28
IS3112,Marketing Management (MM),Lecture,Computing,39,Friday,12:00-13:30,0,0,Sunny,0.7468,29
IT3103,Service Oriented Web Programming (SOWP),Lecture,Computing,86,Monday,09:00-11:00,0,1,Sunny,0.9603,83
IS3083,E-Commerce (EC),Lecture,Computing,32,Monday,08:30-10:30,0,0,Sunny,0.7099,23
CS22993,Group Project in Software Development,Lecture,Computing,82,Monday,14:30-16:30,0,0,Sunny,0.7222,59
IT3113,Cyber Security (CS),Lecture,Computing,87,Friday,09:00-11:00,0,0,Rainy,0.6348,55
IS3112,Marketing Management (MM),Lecture,Computing,38,Wednesday,08:30-10:30,0,0,Sunny,0.7729,29
IT3182,Essentials of Artificial Intelligence (EAI),Lecture,Computing,121,Monday,12:00-13:30,0,0,Sunny,0.7539,91
IT3113,Cyber Security (CS),Lecture,Computing,88,Monday,11:30-14:30,0,0,Sunny,0.787,69
CS22023,Artificial Intelligence,Lecture,Computing,82,Monday,10:30-12:30,0,0,Rainy,0.7406,61
IT3123,Cloud Computing & Virtualization (CC&V),Lecture,Computing,87,Monday,09:00-11:00,0,0,Sunny,0.6642,58
CS22023,Artificial Intelligence,Lecture,Computing,80,Thursday,14:30-16:30,1,0,Sunny,0.946,76
CS22993,Group Project in Software Development,Lecture,Computing,81,Tuesday,10:30-12:30,1,0,Sunny,0.9594,78
CS22012,Advanced Data Structures & Algorithms,Lecture,Computing,86,Tuesday,10:30-12:30,0,0,Sunny,0.8683,75
IS3073,Management Information Systems (MIS),Lecture,Computing,39,Thursday,11:30-14:30,0,0,Rainy,0.8175,32
IT3162,GIS and Remote Sensing (GIS&RS),Lecture,Computing,123,Wednesday,08:30-10:30,0,1,Sunny,0.9771,120
IT3103,Service Oriented Web Programming (SOWP),Lecture,Computing,90,Friday,10:30-12:30,0,0,Cloudy,0.7688,69
IT3123,Cloud Computing & Virtualization (CC&V),Lecture,Computing,89,Tuesday,10:30-12:30,0,0,Sunny,0.8688,77
DS22012,Categorical Data Analysis (CDA),Lecture,Computing,76,Thursday,14:30-16:30,0,0,Rainy,0.7673,58
DS22012,Categorical Data Analysis (CDA),Lecture,Computing,84,Friday,10:30-12:30,0,0,Sunny,0.7965,67
IT3182,Essentials of Artificial Intelligence (EAI),Lecture,Computing,116,Thursday,09:00-11:00,0,0,Rainy,0.6994,81
IS3083,E-Commerce (EC),Lecture,Computing,34,Tuesday,14:30-16:30,0,0,Cloudy,0.8362,28
IT3153,Software Quality Assurance (SQA),Lecture,Computing,129,Tuesday,12:00-13:30,0,0,Cloudy,0.7924,102
IT3103,Service Oriented Web Programming (SOWP),Lecture,Computing,87,Friday,09:00-11:00,0,0,Sunny,0.6645,58
SE22013,Software Project Management,Lecture,Computing,55,Monday,08:30-10:30,0,0,Rainy,0.6299,35
IT3113,Cyber Security (CS),Lecture,Computing,93,Thursday,14:30-16:30,1,0,Sunny,0.8973,83
IT3182,Essentials of Artificial Intelligence (EAI),Lecture,Computing,126,Tuesday,10:30-12:30,1,0,Sunny,0.9574,121
IT3182,Essentials of Artificial Intelligence (EAI),Lecture,Computing,126,Friday,12:00-13:30,0,0,Cloudy,0.7451,94
IT3123,Cloud Computing & Virtualization (CC&V),Lecture,Computing,85,Friday,12:00-13:30,0,1,Sunny,0.9605,82
IT3143,Independent Study (IS),Lecture,Computing,122,Thursday,09:00-11:00,0,0,Sunny,0.7517,92
IT3123,Cloud Computing & Virtualization (CC&V),Lecture,Computing,90,Wednesday,08:30-10:30,0,0,Sunny,0.7451,67
IS3083,E-Commerce (EC),Lecture,Computing,35,Wednesday,09:00-11:00,0,0,Rainy,0.7503,26
SE22013,Software Project Management,Lecture,Computing,62,Wednesday,08:30-10:30,0,0,Rainy,0.7099,44
SE22013,Software Project Management,Lecture,Computing,61,Wednesday,12:00-13:30,1,0,Sunny,0.9709,59
SE22013,Software Project Management,Lecture,Computing,57,Monday,08:30-10:30,1,0,Cloudy,0.7692,44
IT3153,Software Quality Assurance (SQA),Lecture,Computing,121,Wednesday,09:00-11:00,0,0,Sunny,0.7454,90
IT3133,Programming Distributed Components (PDC),Lecture,Computing,94,Tuesday,11:30-14:30,0,0,Sunny,0.8809,83
IT3182,Essentials of Artificial Intelligence (EAI),Lecture,Computing,117,Tuesday,14:30-16:30,0,0,Sunny,0.8454,99
IT3153,Software Quality Assurance (SQA),Lecture,Computing,123,Tuesday,10:30-12:30,0,0,Sunny,0.823,101
IS3083,E-Commerce (EC),Lecture,Computing,36,Friday,08:30-10:30,0,1,Rainy,0.9542,34
IT3182,Essentials of Artificial Intelligence (EAI),Lecture,Computing,123,Tuesday,08:30-10:30,0,0,Rainy,0.7024,86
IT3133,Programming Distributed Components (PDC),Lecture,Computing,86,Friday,09:00-11:00,0,0,Cloudy,0.7072,61
CS22012,Advanced Data Structures & Algorithms,Lecture,Computing,79,Monday,10:30-12:30,0,0,Sunny,0.8058,64
CS22023,Artificial Intelligence,Lecture,Computing,81,Tuesday,08:30-10:30,0,0,Rainy,0.7221,58
IT3123,Cloud Computing & Virtualization (CC&V),Lecture,Computing,91,Tuesday,08:30-10:30,0,0,Rainy,0.7193,65
DS22012,Categorical Data Analysis (CDA),Lecture,Computing,82,Thursday,11:30-14:30,1,1,Sunny,0.9815,80
IT3143,Independent Study (IS),Lecture,Computing,124,Monday,10:30-12:30,0,0,Sunny,0.7898,98
CS22023,Artificial Intelligence,Lecture,Computing,83,Wednesday,10:30-12:30,1,1,Sunny,0.9669,80
IT3153,Software Quality Assurance (SQA),Lecture,Computing,123,Thursday,11:30-14:30,0,1,Cloudy,0.9357,115
IS3083,E-Commerce (EC),Lecture,Computing,35,Monday,10:30-12:30,0,0,Sunny,0.7788,27
IS3102,Organizational Behaviour (OB),Lecture,Computing,33,Friday,10:30-12:30,0,0,Sunny,0.8072,27
IS3112,Marketing Management (MM),Lecture,Computing,32,Thursday,09:00-11:00,0,1,Sunny,0.9823,31
IT3153,Software Quality Assurance (SQA),Lecture,Computing,124,Tuesday,12:00-13:30,0,0,Sunny,0.812,101
IT3113,Cyber Security (CS),Lecture,Computing,87,Friday,10:30-12:30,0,0,Rainy,0.7538,66
IS3112,Marketing Management (MM),Lecture,Computing,33,Monday,09:00-11:00,0,1,Sunny,0.93,31
IT3153,Software Quality Assurance (SQA),Lecture,Computing,122,Tuesday,11:30-14:30,1,0,Sunny,0.917,112
IT3153,Software Quality Assurance (SQA),Lecture,Computing,125,Monday,11:30-14:30,0,0,Cloudy,0.767,96
DS22012,Categorical Data Analysis (CDA),Lecture,Computing,91,Tuesday,08:30-10:30,0,0,Cloudy,0.7506,68
CS22023,Artificial Intelligence,Lecture,Computing,77,Thursday,11:30-14:30,0,0,Sunny,0.8735,67
IT3123,Cloud Computing & Virtualization (CC&V),Lecture,Computing,91,Thursday,11:30-14:30,0,0,Cloudy,0.8875,81
IT3162,GIS and Remote Sensing (GIS&RS),Lecture,Computing,123,Monday,11:30-14:30,0,0,Sunny,0.8083,99
CS3253,Big Data Analytics (BA),Lecture,Computing,44,Thursday,12:00-13:30,1,0,Sunny,0.9339,41
IT3162,GIS and Remote Sensing (GIS&RS),Lecture,Computing,121,Thursday,12:00-13:30,0,0,Sunny,0.8125,98
IT3153,Software Quality Assurance (SQA),Lecture,Computing,129,Tuesday,10:30-12:30,0,0,Sunny,0.8613,111
IS3093,Financial Management Concepts (FMC),Lecture,Computing,31,Tuesday,14:30-16:30,0,0,Rainy,0.8034,25
IS3112,Marketing Management (MM),Lecture,Computing,33,Tuesday,12:00-13:30,0,1,Sunny,0.9412,31
IT3123,Cloud Computing & Virtualization (CC&V),Lecture,Computing,92,Monday,10:30-12:30,0,0,Sunny,0.8044,74
IT3103,Service Oriented Web Programming (SOWP),Lecture,Computing,88,Monday,10:30-12:30,1,0,Sunny,0.8501,75
CS22993,Group Project in Software Development,Lecture,Computing,82,Friday,14:30-16:30,0,0,Rainy,0.7142,59
IS3073,Management Information Systems (MIS),Lecture,Computing,31,Tuesday,09:00-11:00,0,0,Rainy,0.7229,22
IT3113,Cyber Security (CS),Lecture,Computing,87,Monday,08:30-10:30,0,1,Rainy,0.9665,84
IT3133,Programming Distributed Components (PDC),Lecture,Computing,90,Monday,09:00-11:00,0,1,Sunny,0.965,87
CS22012,Advanced Data Structures & Algorithms,Lecture,Computing,85,Monday,10:30-12:30,0,0,Rainy,0.7673,65
SE22013,Software Project Management,Lecture,Computing,56,Thursday,12:00-13:30,0,0,Sunny,0.7777,44
IT3123,Cloud Computing & Virtualization (CC&V),Lecture,Computing,91,Thursday,10:30-12:30,0,1,Cloudy,0.9482,86
IS3093,Financial Management Concepts (FMC),Lecture,Computing,27,Wednesday,12:00-13:30,1,0,Cloudy,0.8969,24
IS3093,Financial Management Concepts (FMC),Lecture,Computing,34,Tuesday,10:30-12:30,0,0,Sunny,0.8679,30
IT3182,Essentials of Artificial Intelligence (EAI),Lecture,Computing,129,Thursday,09:00-11:00,0,1,Cloudy,0.9421,122
SE22013,Software Project Management,Lecture,Computing,52,Monday,08:30-10:30,1,0,Sunny,0.7591,39
IS3112,Marketing Management (MM),Lecture,Computing,33,Monday,08:30-10:30,0,1,Cloudy,0.9466,31
IS3083,E-Commerce (EC),Lecture,Computing,34,Thursday,11:30-14:30,0,0,Rainy,0.784,27
SE22013,Software Project Management,Lecture,Computing,59,Monday,09:00-11:00,0,0,Sunny,0.6844,40
IT3133,Programming Distributed Components (PDC),Lecture,Computing,88,Thursday,08:30-10:30,0,0,Sunny,0.7687,68
IT3153,Software Quality Assurance (SQA),Lecture,Computing,127,Tuesday,08:30-10:30,0,0,Sunny,0.774,98
IS3073,Management Information Systems (MIS),Lecture,Computing,35,Tuesday,09:00-11:00,0,0,Cloudy,0.7822,27
CS22023,Artificial Intelligence,Lecture,Computing,79,Wednesday,09:00-11:00,0,0,Cloudy,0.7441,59
IT3143,Independent Study (IS),Lecture,Computing,121,Monday,08:30-10:30,0,0,Sunny,0.7002,85
SE22013,Software Project Management,Lecture,Computing,58,Wednesday,11:30-14:30,0,0,Sunny,0.846,49
IT3123,Cloud Computing & Virtualization (CC&V),Lecture,Computing,86,Monday,11:30-14:30,0,0,Rainy,0.7749,67
IT3143,Independent Study (IS),Lecture,Computing,124,Monday,08:30-10:30,0,0,Sunny,0.7157,89
SE22013,Software Project Management,Lecture,Computing,57,Wednesday,11:30-14:30,0,1,Cloudy,0.973,55
CS22993,Group Project in Software Development,Lecture,Computing,87,Monday,09:00-11:00,0,0,Sunny,0.6634,58
IT3133,Programming Distributed Components (PDC),Lecture,Computing,87,Thursday,11:30-14:30,0,0,Sunny,0.8769,76
IS3073,Management Information Systems (MIS),Lecture,Computing,35,Wednesday,11:30-14:30,0,0,Sunny,0.8854,31
IS3102,Organizational Behaviour (OB),Lecture,Computing,31,Thursday,08:30-10:30,1,0,Sunny,0.8754,27
CS22012,Advanced Data Structures & Algorithms,Lecture,Computing,84,Friday,09:00-11:00,0,0,Sunny,0.6819,57
IS3083,E-Commerce (EC),Lecture,Computing,36,Tuesday,08:30-10:30,0,1,Sunny,0.964,35
IT3123,Cloud Computing & Virtualization (CC&V),Lecture,Computing,88,Friday,12:00-13:30,0,1,Sunny,0.99,87
DS22012,Categorical Data Analysis (CDA),Lecture,Computing,84,Tuesday,11:30-14:30,0,0,Sunny,0.866,73
CS22023,Artificial Intelligence,Lecture,Computing,85,Tuesday,12:00-13:30,0,1,Cloudy,0.99,84
SE22013,Software Project Management,Lecture,Computing,56,Thursday,10:30-12:30,1,0,Cloudy,0.9813,55
CS22023,Artificial Intelligence,Lecture,Computing,85,Wednesday,11:30-14:30,1,0,Sunny,0.99,84
CS3253,Big Data Analytics (BA),Lecture,Computing,40,Friday,08:30-10:30,1,0,Sunny,0.7717,31
IS3093,Financial Management Concepts (FMC),Lecture,Computing,38,Monday,11:30-14:30,0,0,Sunny,0.7804,30
IS3093,Financial Management Concepts (FMC),Lecture,Computing,31,Thursday,11:30-14:30,0,0,Sunny,0.8845,27
IT3182,Essentials of Artificial Intelligence (EAI),Lecture,Computing,122,Thursday,14:30-16:30,0,0,Sunny,0.8005,98
IS3083,E-Commerce (EC),Lecture,Computing,33,Monday,08:30-10:30,0,0,Sunny,0.672,22
CS3253,Big Data Analytics (BA),Lecture,Computing,40,Friday,08:30-10:30,0,0,Rainy,0.6354,25
SE22013,Software Project Management,Lecture,Computing,54,Thursday,12:00-13:30,0,0,Sunny,0.8236,44
IT3143,Independent Study (IS),Lecture,Computing,122,Wednesday,08:30-10:30,0,0,Rainy,0.7146,87
IS3093,Financial Management Concepts (FMC),Lecture,Computing,34,Tuesday,12:00-13:30,0,0,Cloudy,0.7997,27
IS3073,Management Information Systems (MIS),Lecture,Computing,30,Monday,12:00-13:30,0,1,Cloudy,0.9621,29
IS3093,Financial Management Concepts (FMC),Lecture,Computing,37,Thursday,08:30-10:30,0,0,Sunny,0.7354,27
SE22013,Software Project Management,Lecture,Computing,57,Monday,11:30-14:30,0,0,Sunny,0.7909,45
IT3153,Software Quality Assurance (SQA),Lecture,Computing,119,Wednesday,09:00-11:00,0,0,Sunny,0.7512,89
IT3143,Independent Study (IS),Lecture,Computing,124,Thursday,09:00-11:00,0,0,Sunny,0.7574,94
CS3253,Big Data Analytics (BA),Lecture,Computing,35,Friday,08:30-10:30,0,0,Cloudy,0.6993,24
IS3102,Organizational Behaviour (OB),Lecture,Computing,30,Friday,12:00-13:30,0,1,Cloudy,0.9813,29
CS3253,Big Data Analytics (BA),Lecture,Computing,41,Tuesday,09:00-11:00,0,0,Cloudy,0.7349,30
IS3102,Organizational Behaviour (OB),Lecture,Computing,38,Thursday,11:30-14:30,0,0,Rainy,0.8368,32
SE22013,Software Project Management,Lecture,Computing,52,Wednesday,08:30-10:30,0,0,Sunny,0.7874,41
IS3102,Organizational Behaviour (OB),Lecture,Computing,36,Thursday,09:00-11:00,0,0,Sunny,0.7667,28
IT3162,GIS and Remote Sensing (GIS&RS),Lecture,Computing,123,Wednesday,09:00-11:00,0,0,Rainy,0.7144,88
IS3073,Management Information Systems (MIS),Lecture,Computing,33,Monday,10:30-12:30,0,0,Sunny,0.8159,27
CS22012,Advanced Data Structures & Algorithms,Lecture,Computing,80,Thursday,08:30-10:30,0,0,Sunny,0.776,62
IS3083,E-Commerce (EC),Lecture,Computing,33,Friday,10:30-12:30,0,0,Rainy,0.7354,24
IS3093,Financial Management Concepts (FMC),Lecture,Computing,37,Wednesday,09:00-11:00,0,0,Sunny,0.7863,29
IS3073,Management Information Systems (MIS),Lecture,Computing,38,Tuesday,09:00-11:00,0,0,Cloudy,0.7682,29
IS3112,Marketing Management (MM),Lecture,Computing,35,Monday,12:00-13:30,0,0,Sunny,0.7582,27
IT3182,Essentials of Artificial Intelligence (EAI),Lecture,Computing,123,Friday,08:30-10:30,0,0,Cloudy,0.6988,86
IT3143,Independent Study (IS),Lecture,Computing,119,Monday,11:30-14:30,0,1,Cloudy,0.975,116
CS22012,Advanced Data Structures & Algorithms,Lecture,Computing,75,Tuesday,10:30-12:30,0,1,Cloudy,0.99,74
IT3162,GIS and Remote Sensing (GIS&RS),Lecture,Computing,124,Thursday,09:00-11:00,0,0,Rainy,0.7184,89
IT3153,Software Quality Assurance (SQA),Lecture,Computing,123,Wednesday,10:30-12:30,0,0,Cloudy,0.8578,106
IT3143,Independent Study (IS),Lecture,Computing,118,Tuesday,14:30-16:30,0,0,Sunny,0.8546,101
IS3083,E-Commerce (EC),Lecture,Computing,32,Tuesday,10:30-12:30,0,0,Sunny,0.9162,29
IS3083,E-Commerce (EC),Lecture,Computing,33,Wednesday,10:30-12:30,1,0,Cloudy,0.9509,31
CS3253,Big Data Analytics (BA),Lecture,Computing,44,Wednesday,12:00-13:30,0,0,Rainy,0.7863,35
IT3123,Cloud Computing & Virtualization (CC&V),Lecture,Computing,92,Monday,08:30-10:30,0,0,Sunny,0.6865,63
IS3083,E-Commerce (EC),Lecture,Computing,41,Friday,09:00-11:00,1,0,Cloudy,0.8109,33
IS3093,Financial Management Concepts (FMC),Lecture,Computing,31,Wednesday,08:30-10:30,0,1,Sunny,0.9748,30
IT3103,Service Oriented Web Programming (SOWP),Lecture,Computing,86,Monday,08:30-10:30,0,0,Rainy,0.6389,55
IT3143,Independent Study (IS),Lecture,Computing,121,Tuesday,08:30-10:30,0,1,Sunny,0.9675,117
SE22013,Software Project Management,Lecture,Computing,54,Thursday,08:30-10:30,1,0,Sunny,0.8759,47
CS22993,Group Project in Software Development,Lecture,Computing,84,Thursday,12:00-13:30,0,0,Cloudy,0.7811,66
CS22023,Artificial Intelligence,Lecture,Computing,85,Monday,08:30-10:30,0,0,Sunny,0.7389,63
CS3253,Big Data Analytics (BA),Lecture,Computing,39,Tuesday,09:00-11:00,0,0,Sunny,0.7465,29
CS3253,Big Data Analytics (BA),Lecture,Computing,41,Thursday,09:00-11:00,0,0,Rainy,0.6699,27
CS22993,Group Project in Software Development,Lecture,Computing,86,Thursday,10:30-12:30,1,0,Sunny,0.9634,83
IT3162,GIS and Remote Sensing (GIS&RS),Lecture,Computing,125,Monday,08:30-10:30,0,0,Rainy,0.614,77
IS3102,Organizational Behaviour (OB),Lecture,Computing,32,Tuesday,09:00-11:00,0,0,Sunny,0.7491,24
IT3182,Essentials of Artificial Intelligence (EAI),Lecture,Computing,117,Monday,09:00-11:00,0,0,Sunny,0.6832,80
SE22013,Software Project Management,Lecture,Computing,59,Friday,09:00-11:00,0,0,Sunny,0.683,40
CS22012,Advanced Data Structures & Algorithms,Lecture,Computing,81,Wednesday,12:00-13:30,0,0,Sunny,0.8281,67
IT3182,Essentials of Artificial Intelligence (EAI),Lecture,Computing,126,Thursday,12:00-13:30,0,0,Sunny,0.8153,103
IS3102,Organizational Behaviour (OB),Lecture,Computing,33,Tuesday,10:30-12:30,0,1,Cloudy,0.9806,32
IS3093,Financial Management Concepts (FMC),Lecture,Computing,35,Friday,10:30-12:30,0,0,Sunny,0.8115,28
IT3162,GIS and Remote Sensing (GIS&RS),Lecture,Computing,125,Tuesday,12:00-13:30,0,0,Sunny,0.8004,100
CS22012,Advanced Data Structures & Algorithms,Lecture,Computing,83,Tuesday,09:00-11:00,0,0,Rainy,0.7068,59
IT3143,Independent Study (IS),Lecture,Computing,125,Thursday,09:00-11:00,0,0,Rainy,0.7288,91
IT3133,Programming Distributed Components (PDC),Lecture,Computing,88,Thursday,14:30-16:30,0,1,Sunny,0.99,87
IT3133,Programming Distributed Components (PDC),Lecture,Computing,91,Tuesday,08:30-10:30,0,0,Sunny,0.7936,72
IS3112,Marketing Management (MM),Lecture,Computing,34,Thursday,08:30-10:30,0,0,Sunny,0.7474,25
DS22012,Categorical Data Analysis (CDA),Lecture,Computing,83,Tuesday,11:30-14:30,0,0,Sunny,0.8594,71
IT3133,Programming Distributed Components (PDC),Lecture,Computing,86,Monday,12:00-13:30,0,0,Cloudy,0.7354,63
CS22993,Group Project in Software Development,Lecture,Computing,78,Monday,08:30-10:30,0,0,Cloudy,0.6921,54
IS3073,Management Information Systems (MIS),Lecture,Computing,38,Tuesday,12:00-13:30,0,0,Sunny,0.8207,31
IS3073,Management Information Systems (MIS),Lecture,Computing,32,Thursday,11:30-14:30,0,0,Sunny,0.8409,27
IT3123,Cloud Computing & Virtualization (CC&V),Lecture,Computing,83,Thursday,08:30-10:30,0,0,Rainy,0.7172,60
IT3162,GIS and Remote Sensing (GIS&RS),Lecture,Computing,122,Thursday,10:30-12:30,0,0,Sunny,0.837,102
IT3182,Essentials of Artificial Intelligence (EAI),Lecture,Computing,123,Monday,08:30-10:30,0,0,Sunny,0.6763,83
IT3153,Software Quality Assurance (SQA),Lecture,Computing,122,Tuesday,09:00-11:00,0,0,Cloudy,0.76,93
IS3112,Marketing Management (MM),Lecture,Computing,35,Tuesday,10:30-12:30,0,0,Sunny,0.8354,29
IS3083,E-Commerce (EC),Lecture,Computing,34,Thursday,08:30-10:30,0,0,Cloudy,0.7756,26
IS3102,Organizational Behaviour (OB),Lecture,Computing,32,Thursday,12:00-13:30,0,0,Sunny,0.8345,27
IS3073,Management Information Systems (MIS),Lecture,Computing,34,Thursday,10:30-12:30,0,0,Sunny,0.8219,28
IS3112,Marketing Management (MM),Lecture,Computing,42,Thursday,10:30-12:30,0,0,Rainy,0.8253,35
CS22023,Artificial Intelligence,Lecture,Computing,79,Wednesday,09:00-11:00,1,0,Sunny,0.8619,68
CS22023,Artificial Intelligence,Lecture,Computing,82,Thursday,09:00-11:00,0,0,Sunny,0.7655,63
IT3182,Essentials of Artificial Intelligence (EAI),Lecture,Computing,123,Tuesday,09:00-11:00,0,0,Sunny,0.7417,91
CS22993,Group Project in Software Development,Lecture,Computing,83,Friday,08:30-10:30,0,0,Rainy,0.6558,54
IT3133,Programming Distributed Components (PDC),Lecture,Computing,87,Tuesday,09:00-11:00,0,0,Sunny,0.7618,66
CS3253,Big Data Analytics (BA),Lecture,Computing,41,Friday,10:30-12:30,0,0,Sunny,0.7591,31
DS22012,Categorical Data Analysis (CDA),Lecture,Computing,74,Tuesday,10:30-12:30,0,1,Rainy,0.9769,72
SE22013,Software Project Management,Lecture,Computing,61,Thursday,11:30-14:30,0,0,Cloudy,0.8933,54
IT3143,Independent Study (IS),Lecture,Computing,125,Monday,12:00-13:30,0,1,Sunny,0.9495,119
IS3073,Management Information Systems (MIS),Lecture,Computing,34,Monday,11:30-14:30,1,0,Cloudy,0.8788,30
IT3162,GIS and Remote Sensing (GIS&RS),Lecture,Computing,124,Friday,08:30-10:30,1,1,Rainy,0.9819,122
IT3103,Service Oriented Web Programming (SOWP),Lecture,Computing,88,Tuesday,11:30-14:30,0,1,Sunny,0.99,87
IT3162,GIS and Remote Sensing (GIS&RS),Lecture,Computing,117,Monday,10:30-12:30,0,0,Sunny,0.7622,89
CS22993,Group Project in Software Development,Lecture,Computing,82,Wednesday,09:00-11:00,1,0,Sunny,0.8681,71
IS3093,Financial Management Concepts (FMC),Lecture,Computing,40,Thursday,11:30-14:30,0,0,Cloudy,0.8814,35
IT3162,GIS and Remote Sensing (GIS&RS),Lecture,Computing,126,Tuesday,10:30-12:30,0,1,Sunny,0.9753,123
IT3182,Essentials of Artificial Intelligence (EAI),Lecture,Computing,127,Thursday,08:30-10:30,0,0,Sunny,0.7377,94
IT3123,Cloud Computing & Virtualization (CC&V),Lecture,Computing,84,Monday,10:30-12:30,0,1,Sunny,0.9828,83
IT3133,Programming Distributed Components (PDC),Lecture,Computing,86,Friday,14:30-16:30,0,0,Sunny,0.7727,66
IT3182,Essentials of Artificial Intelligence (EAI),Lecture,Computing,127,Tuesday,10:30-12:30,0,0,Cloudy,0.8707,111
CS22012,Advanced Data Structures & Algorithms,Lecture,Computing,86,Monday,10:30-12:30,0,0,Sunny,0.7688,66
SE22013,Software Project Management,Lecture,Computing,55,Monday,12:00-13:30,0,0,Sunny,0.7588,42
IT3162,GIS and Remote Sensing (GIS&RS),Lecture,Computing,127,Thursday,09:00-11:00,0,0,Rainy,0.7168,91
IS3083,E-Commerce (EC),Lecture,Computing,33,Monday,12:00-13:30,1,0,Sunny,0.8529,28
IS3083,E-Commerce (EC),Lecture,Computing,36,Tuesday,08:30-10:30,0,0,Sunny,0.7922,29
IT3153,Software Quality Assurance (SQA),Lecture,Computing,126,Tuesday,11:30-14:30,0,0,Sunny,0.8794,111
CS3253,Big Data Analytics (BA),Lecture,Computing,43,Friday,11:30-14:30,0,0,Rainy,0.7383,32
IS3112,Marketing Management (MM),Lecture,Computing,33,Friday,10:30-12:30,0,0,Sunny,0.7746,26
IS3102,Organizational Behaviour (OB),Lecture,Computing,34,Thursday,10:30-12:30,1,0,Cloudy,0.9498,32
IT3162,GIS and Remote Sensing (GIS&RS),Lecture,Computing,120,Thursday,10:30-12:30,0,0,Sunny,0.8395,101
CS22012,Advanced Data Structures & Algorithms,Lecture,Computing,84,Tuesday,12:00-13:30,0,0,Sunny,0.8259,69
IT3103,Service Oriented Web Programming (SOWP),Lecture,Computing,89,Wednesday,12:00-13:30,0,0,Sunny,0.8376,75
SE22013,Software Project Management,Lecture,Computing,61,Thursday,11:30-14:30,1,0,Cloudy,0.9563,58
IS3112,Marketing Management (MM),Lecture,Computing,30,Friday,10:30-12:30,0,0,Cloudy,0.7975,24
IS3073,Management Information Systems (MIS),Lecture,Computing,34,Wednesday,14:30-16:30,0,1,Rainy,0.984,33
CS22023,Artificial Intelligence,Lecture,Computing,79,Wednesday,14:30-16:30,0,0,Sunny,0.8228,65
IT3103,Service Oriented Web Programming (SOWP),Lecture,Computing,87,Wednesday,14:30-16:30,0,0,Cloudy,0.845,74
CS3253,Big Data Analytics (BA),Lecture,Computing,38,Tuesday,09:00-11:00,0,0,Rainy,0.7185,27
IT3162,GIS and Remote Sensing (GIS&RS),Lecture,Computing,128,Thursday,10:30-12:30,0,0,Cloudy,0.885,113
CS22993,Group Project in Software Development,Lecture,Computing,78,Wednesday,09:00-11:00,0,0,Cloudy,0.7423,58
IT3103,Service Oriented Web Programming (SOWP),Lecture,Computing,94,Tuesday,10:30-12:30,0,0,Rainy,0.8446,79
CS22012,Advanced Data Structures & Algorithms,Lecture,Computing,83,Tuesday,11:30-14:30,1,1,Sunny,0.9796,81
IT3123,Cloud Computing & Virtualization (CC&V),Lecture,Computing,91,Monday,14:30-16:30,0,1,Sunny,0.94,86
IT3133,Programming Distributed Components (PDC),Lecture,Computing,96,Monday,09:00-11:00,1,0,Rainy,0.7201,69
IT3113,Cyber Security (CS),Lecture,Computing,88,Thursday,10:30-12:30,0,0,Rainy,0.8057,71
CS22023,Artificial Intelligence,Lecture,Computing,83,Friday,10:30-12:30,0,0,Cloudy,0.8144,68
IT3162,GIS and Remote Sensing (GIS&RS),Lecture,Computing,120,Wednesday,12:00-13:30,0,0,Sunny,0.8085,97
IT3113,Cyber Security (CS),Lecture,Computing,93,Monday,12:00-13:30,1,0,Cloudy,0.8858,82
IS3083,E-Commerce (EC),Lecture,Computing,32,Thursday,09:00-11:00,0,0,Sunny,0.7679,25
CS22012,Advanced Data Structures & Algorithms,Lecture,Computing,82,Tuesday,11:30-14:30,0,1,Sunny,0.9865,81
CS3253,Big Data Analytics (BA),Lecture,Computing,41,Monday,12:00-13:30,0,1,Rainy,0.9566,39
IS3073,Management Information Systems (MIS),Lecture,Computing,32,Monday,09:00-11:00,1,0,Sunny,0.802,26
CS22023,Artificial Intelligence,Lecture,Computing,82,Thursday,08:30-10:30,0,0,Rainy,0.7156,59
IT3162,GIS and Remote Sensing (GIS&RS),Lecture,Computing,122,Wednesday,10:30-12:30,1,0,Sunny,0.99,121
IT3133,Programming Distributed Components (PDC),Lecture,Computing,95,Thursday,11:30-14:30,0,1,Rainy,0.9685,92
IT3113,Cyber Security (CS),Lecture,Computing,88,Tuesday,10:30-12:30,0,1,Sunny,0.9653,85
CS3253,Big Data Analytics (BA),Lecture,Computing,38,Friday,09:00-11:00,0,0,Rainy,0.6674,25
IT3133,Programming Distributed Components (PDC),Lecture,Computing,90,Tuesday,08:30-10:30,0,0,Sunny,0.7618,69
CS22012,Advanced Data Structures & Algorithms,Lecture,Computing,78,Thursday,10:30-12:30,0,0,Sunny,0.8705,68
IS3083,E-Commerce (EC),Lecture,Computing,36,Friday,08:30-10:30,0,0,Sunny,0.6638,24
CS22993,Group Project in Software Development,Lecture,Computing,83,Wednesday,14:30-16:30,0,0,Sunny,0.8346,69
IT3162,GIS and Remote Sensing (GIS&RS),Lecture,Computing,125,Thursday,10:30-12:30,1,1,Rainy,0.9345,117
IT3162,GIS and Remote Sensing (GIS&RS),Lecture,Computing,126,Friday,08:30-10:30,1,0,Sunny,0.7812,98
CS3253,Big Data Analytics (BA),Lecture,Computing,38,Monday,09:00-11:00,1,0,Sunny,0.7742,29
CS3253,Big Data Analytics (BA),Lecture,Computing,41,Thursday,09:00-11:00,0,0,Sunny,0.7533,31
SE22013,Software Project Management,Lecture,Computing,60,Tuesday,09:00-11:00,1,0,Sunny,0.8387,50
CS22993,Group Project in Software Development,Lecture,Computing,81,Tuesday,10:30-12:30,0,0,Rainy,0.8073,65
IS3102,Organizational Behaviour (OB),Lecture,Computing,34,Monday,11:30-14:30,0,1,Sunny,0.9852,33
IT3162,GIS and Remote Sensing (GIS&RS),Lecture,Computing,126,Tuesday,10:30-12:30,0,0,Sunny,0.8568,108
IS3112,Marketing Management (MM),Lecture,Computing,30,Monday,11:30-14:30,0,0,Cloudy,0.8035,24
IT3103,Service Oriented Web Programming (SOWP),Lecture,Computing,85,Tuesday,14:30-16:30,1,1,Sunny,0.9362,80
IS3102,Organizational Behaviour (OB),Lecture,Computing,37,Wednesday,08:30-10:30,1,0,Rainy,0.8202,30
IT3133,Programming Distributed Components (PDC),Lecture,Computing,92,Thursday,11:30-14:30,0,0,Sunny,0.8254,76
IS3112,Marketing Management (MM),Lecture,Computing,40,Thursday,09:00-11:00,1,0,Sunny,0.8794,35
IT3123,Cloud Computing & Virtualization (CC&V),Lecture,Computing,90,Wednesday,10:30-12:30,1,0,Rainy,0.888,80
CS22993,Group Project in Software Development,Lecture,Computing,85,Monday,10:30-12:30,0,0,Sunny,0.7762,66
IT3133,Programming Distributed Components (PDC),Lecture,Computing,93,Monday,08:30-10:30,0,0,Cloudy,0.7005,65
IT3133,Programming Distributed Components (PDC),Lecture,Computing,93,Monday,12:00-13:30,0,0,Sunny,0.7452,69
IT3133,Programming Distributed Components (PDC),Lecture,Computing,86,Tuesday,09:00-11:00,0,0,Cloudy,0.7592,65
IT3162,GIS and Remote Sensing (GIS&RS),Lecture,Computing,121,Wednesday,10:30-12:30,1,1,Cloudy,0.9815,119
CS22023,Artificial Intelligence,Lecture,Computing,81,Friday,08:30-10:30,0,0,Cloudy,0.6867,56
CS22023,Artificial Intelligence,Lecture,Computing,79,Thursday,09:00-11:00,0,0,Sunny,0.7544,60
IT3162,GIS and Remote Sensing (GIS&RS),Lecture,Computing,125,Tuesday,10:30-12:30,1,0,Cloudy,0.9815,123
CS22023,Artificial Intelligence,Lecture,Computing,83,Wednesday,09:00-11:00,0,0,Sunny,0.7584,63
IS3073,Management Information Systems (MIS),Lecture,Computing,35,Thursday,08:30-10:30,0,0,Sunny,0.7427,26
DS22012,Categorical Data Analysis (CDA),Lecture,Computing,87,Thursday,08:30-10:30,0,0,Sunny,0.776,68
IT3113,Cyber Security (CS),Lecture,Computing,89,Tuesday,14:30-16:30,0,0,Cloudy,0.8055,72
IS3093,Financial Management Concepts (FMC),Lecture,Computing,28,Thursday,08:30-10:30,0,0,Sunny,0.7655,21
IT3123,Cloud Computing & Virtualization (CC&V),Lecture,Computing,89,Friday,09:00-11:00,1,0,Sunny,0.7956,71
IT3153,Software Quality Assurance (SQA),Lecture,Computing,121,Wednesday,09:00-11:00,0,0,Sunny,0.7586,92
IS3073,Management Information Systems (MIS),Lecture,Computing,37,Tuesday,14:30-16:30,0,1,Sunny,0.9732,36
IS3093,Financial Management Concepts (FMC),Lecture,Computing,38,Wednesday,08:30-10:30,0,0,Cloudy,0.7669,29
IT3182,Essentials of Artificial Intelligence (EAI),Lecture,Computing,120,Thursday,10:30-12:30,0,0,Sunny,0.8375,100
IT3113,Cyber Security (CS),Lecture,Computing,88,Tuesday,10:30-12:30,0,0,Sunny,0.8849,78
IS3083,E-Commerce (EC),Lecture,Computing,34,Friday,14:30-16:30,1,1,Sunny,0.99,34
IT3143,Independent Study (IS),Lecture,Computing,124,Monday,12:00-13:30,0,0,Sunny,0.7584,94
CS22993,Group Project in Software Development,Lecture,Computing,80,Monday,08:30-10:30,0,0,Sunny,0.6406,51
CS3253,Big Data Analytics (BA),Lecture,Computing,38,Tuesday,08:30-10:30,0,0,Sunny,0.752,29
SE22013,Software Project Management,Lecture,Computing,55,Thursday,10:30-12:30,0,0,Cloudy,0.8584,47
SE22013,Software Project Management,Lecture,Computing,57,Friday,09:00-11:00,1,1,Rainy,0.9775,56
IT3143,Independent Study (IS),Lecture,Computing,117,Monday,12:00-13:30,1,0,Cloudy,0.823,96
IT3182,Essentials of Artificial Intelligence (EAI),Lecture,Computing,120,Thursday,08:30-10:30,0,0,Sunny,0.7425,89
IS3112,Marketing Management (MM),Lecture,Computing,30,Thursday,14:30-16:30,0,0,Sunny,0.8168,25
IS3083,E-Commerce (EC),Lecture,Computing,35,Tuesday,12:00-13:30,1,0,Sunny,0.9266,32
SE22013,Software Project Management,Lecture,Computing,54,Thursday,10:30-12:30,1,0,Sunny,0.9392,51
IS3102,Organizational Behaviour (OB),Lecture,Computing,31,Monday,10:30-12:30,0,0,Sunny,0.7798,24
CS22012,Advanced Data Structures & Algorithms,Lecture,Computing,78,Wednesday,12:00-13:30,0,0,Sunny,0.8098,63
IS3073,Management Information Systems (MIS),Lecture,Computing,32,Thursday,10:30-12:30,1,0,Sunny,0.9863,32
IT3162,GIS and Remote Sensing (GIS&RS),Lecture,Computing,124,Friday,08:30-10:30,0,1,Sunny,0.9638,120
DS22012,Categorical Data Analysis (CDA),Lecture,Computing,78,Thursday,09:00-11:00,1,0,Sunny,0.8505,66
IT3153,Software Quality Assurance (SQA),Lecture,Computing,128,Monday,10:30-12:30,0,1,Cloudy,0.9782,125
IS3102,Organizational Behaviour (OB),Lecture,Computing,30,Monday,09:00-11:00,0,0,Sunny,0.6893,21
DS22012,Categorical Data Analysis (CDA),Lecture,Computing,90,Wednesday,14:30-16:30,1,0,Cloudy,0.8746,79
IT3113,Cyber Security (CS),Lecture,Computing,88,Monday,11:30-14:30,0,1,Cloudy,0.99,87
IT3162,GIS and Remote Sensing (GIS&RS),Lecture,Computing,119,Friday,08:30-10:30,0,0,Sunny,0.6425,76
IT3153,Software Quality Assurance (SQA),Lecture,Computing,121,Tuesday,12:00-13:30,0,0,Sunny,0.8045,97
CS3253,Big Data Analytics (BA),Lecture,Computing,40,Monday,10:30-12:30,0,0,Sunny,0.7848,31
IS3093,Financial Management Concepts (FMC),Lecture,Computing,30,Wednesday,12:00-13:30,0,0,Cloudy,0.838,25
SE22013,Software Project Management,Lecture,Computing,55,Thursday,08:30-10:30,0,1,Sunny,0.9418,52
IS3093,Financial Management Concepts (FMC),Lecture,Computing,34,Wednesday,12:00-13:30,0,0,Sunny,0.8449,29
IT3182,Essentials of Artificial Intelligence (EAI),Lecture,Computing,119,Friday,09:00-11:00,0,0,Cloudy,0.6638,79
IT3153,Software Quality Assurance (SQA),Lecture,Computing,121,Thursday,09:00-11:00,0,1,Sunny,0.9614,116
SE22013,Software Project Management,Lecture,Computing,58,Thursday,08:30-10:30,0,1,Cloudy,0.973,56
CS22012,Advanced Data Structures & Algorithms,Lecture,Computing,80,Friday,14:30-16:30,0,0,Cloudy,0.7702,62
IT3143,Independent Study (IS),Lecture,Computing,124,Wednesday,10:30-12:30,0,1,Sunny,0.961,119
CS3253,Big Data Analytics (BA),Lecture,Computing,36,Wednesday,10:30-12:30,0,0,Cloudy,0.8301,30
CS22023,Artificial Intelligence,Lecture,Computing,84,Wednesday,14:30-16:30,0,0,Cloudy,0.8418,71
IT3113,Cyber Security (CS),Lecture,Computing,86,Monday,08:30-10:30,0,0,Sunny,0.7013,60
IS3112,Marketing Management (MM),Lecture,Computing,36,Friday,10:30-12:30,1,0,Sunny,0.9011,32
IS3073,Management Information Systems (MIS),Lecture,Computing,36,Tuesday,08:30-10:30,0,0,Rainy,0.6972,25
CS3253,Big Data Analytics (BA),Lecture,Computing,39,Monday,12:00-13:30,1,1,Cloudy,0.9599,37
DS22012,Categorical Data Analysis (CDA),Lecture,Computing,83,Thursday,11:30-14:30,1,1,Sunny,0.9886,82
IS3112,Marketing Management (MM),Lecture,Computing,36,Wednesday,08:30-10:30,0,0,Sunny,0.769,28
CS22023,Artificial Intelligence,Lecture,Computing,86,Tuesday,09:00-11:00,0,1,Sunny,0.99,85
IT3103,Service Oriented Web Programming (SOWP),Lecture,Computing,90,Wednesday,11:30-14:30,0,0,Sunny,0.8618,78
IS3083,E-Commerce (EC),Lecture,Computing,35,Friday,12:00-13:30,0,0,Sunny,0.7748,27
CS22993,Group Project in Software Development,Lecture,Computing,84,Tuesday,08:30-10:30,0,0,Rainy,0.7042,59
CS3253,Big Data Analytics (BA),Lecture,Computing,36,Friday,11:30-14:30,0,0,Sunny,0.7768,28
CS22993,Group Project in Software Development,Lecture,Computing,80,Friday,10:30-12:30,0,0,Sunny,0.8074,65
IT3153,Software Quality Assurance (SQA),Lecture,Computing,125,Friday,09:00-11:00,0,0,Cloudy,0.7167,90
DS22012,Categorical Data Analysis (CDA),Lecture,Computing,82,Tuesday,14:30-16:30,0,0,Sunny,0.816,67
IT3113,Cyber Security (CS),Lecture,Computing,89,Thursday,08:30-10:30,0,0,Rainy,0.697,62
CS22993,Group Project in Software Development,Lecture,Computing,81,Wednesday,11:30-14:30,0,0,Sunny,0.8857,72
IT3113,Cyber Security (CS),Lecture,Computing,88,Thursday,11:30-14:30,1,1,Cloudy,0.9395,83
IS3102,Organizational Behaviour (OB),Lecture,Computing,37,Wednesday,09:00-11:00,0,0,Sunny,0.7303,27
IT3103,Service Oriented Web Programming (SOWP),Lecture,Computing,94,Wednesday,09:00-11:00,0,0,Sunny,0.7764,73
IT3113,Cyber Security (CS),Lecture,Computing,90,Wednesday,09:00-11:00,0,0,Cloudy,0.7936,71
IT3133,Programming Distributed Components (PDC),Lecture,Computing,84,Wednesday,14:30-16:30,0,0,Sunny,0.8305,70
SE22013,Software Project Management,Lecture,Computing,58,Thursday,10:30-12:30,0,0,Cloudy,0.868,50
IT3143,Independent Study (IS),Lecture,Computing,125,Monday,14:30-16:30,0,1,Sunny,0.9659,121
IT3113,Cyber Security (CS),Lecture,Computing,93,Monday,10:30-12:30,0,0,Sunny,0.7827,73
IS3093,Financial Management Concepts (FMC),Lecture,Computing,34,Thursday,09:00-11:00,0,1,Sunny,0.9513,32
IS3093,Financial Management Concepts (FMC),Lecture,Computing,37,Thursday,11:30-14:30,0,0,Cloudy,0.8759,32
IS3102,Organizational Behaviour (OB),Lecture,Computing,32,Friday,12:00-13:30,1,1,Sunny,0.99,32
IS3102,Organizational Behaviour (OB),Lecture,Computing,38,Wednesday,11:30-14:30,1,0,Sunny,0.9526,36
CS22012,Advanced Data Structures & Algorithms,Lecture,Computing,85,Monday,11:30-14:30,1,0,Sunny,0.8898,76
IT3113,Cyber Security (CS),Lecture,Computing,88,Friday,14:30-16:30,0,1,Cloudy,0.9583,84
IT3133,Programming Distributed Components (PDC),Lecture,Computing,88,Tuesday,12:00-13:30,1,0,Cloudy,0.929,82
IT3153,Software Quality Assurance (SQA),Lecture,Computing,122,Thursday,14:30-16:30,0,0,Sunny,0.8447,103
DS22012,Categorical Data Analysis (CDA),Lecture,Computing,85,Wednesday,11:30-14:30,0,0,Cloudy,0.8526,72
IS3112,Marketing Management (MM),Lecture,Computing,37,Thursday,10:30-12:30,0,0,Sunny,0.8428,31
DS22012,Categorical Data Analysis (CDA),Lecture,Computing,79,Tuesday,10:30-12:30,0,0,Sunny,0.8724,69
IT3153,Software Quality Assurance (SQA),Lecture,Computing,119,Tuesday,09:00-11:00,0,0,Cloudy,0.7444,89
IT3113,Cyber Security (CS),Lecture,Computing,90,Monday,08:30-10:30,0,0,Sunny,0.6952,63
IT3182,Essentials of Artificial Intelligence (EAI),Lecture,Computing,123,Tuesday,11:30-14:30,1,0,Sunny,0.9535,117
IT3153,Software Quality Assurance (SQA),Lecture,Computing,123,Tuesday,14:30-16:30,1,0,Sunny,0.9303,114
IT3123,Cloud Computing & Virtualization (CC&V),Lecture,Computing,89,Tuesday,12:00-13:30,0,1,Rainy,0.9752,87
CS3253,Big Data Analytics (BA),Lecture,Computing,40,Friday,14:30-16:30,0,0,Rainy,0.6886,28
IT3143,Independent Study (IS),Lecture,Computing,127,Monday,12:00-13:30,0,1,Sunny,0.9552,121
IS3093,Financial Management Concepts (FMC),Lecture,Computing,35,Thursday,09:00-11:00,0,1,Cloudy,0.9412,33
CS3253,Big Data Analytics (BA),Lecture,Computing,39,Wednesday,10:30-12:30,0,0,Sunny,0.8607,34
IS3112,Marketing Management (MM),Lecture,Computing,34,Tuesday,10:30-12:30,1,1,Sunny,0.9462,32
IT3123,Cloud Computing & Virtualization (CC&V),Lecture,Computing,86,Tuesday,11:30-14:30,0,0,Sunny,0.8819,76
DS22012,Categorical Data Analysis (CDA),Lecture,Computing,85,Tuesday,08:30-10:30,0,0,Sunny,0.738,63
IT3182,Essentials of Artificial Intelligence (EAI),Lecture,Computing,124,Friday,12:00-13:30,1,0,Sunny,0.9058,112
CS22012,Advanced Data Structures & Algorithms,Lecture,Computing,83,Monday,08:30-10:30,0,0,Rainy,0.6199,51
IT3123,Cloud Computing & Virtualization (CC&V),Lecture,Computing,85,Thursday,09:00-11:00,0,0,Sunny,0.7593,65
CS3253,Big Data Analytics (BA),Lecture,Computing,41,Tuesday,08:30-10:30,0,0,Sunny,0.7671,31
CS22023,Artificial Intelligence,Lecture,Computing,81,Thursday,12:00-13:30,1,0,Cloudy,0.9018,73
IS3073,Management Information Systems (MIS),Lecture,Computing,29,Thursday,08:30-10:30,0,0,Rainy,0.7236,21
CS22023,Artificial Intelligence,Lecture,Computing,81,Friday,09:00-11:00,0,0,Cloudy,0.6636,54
IS3073,Management Information Systems (MIS),Lecture,Computing,36,Monday,09:00-11:00,1,0,Cloudy,0.7955,29
IS3073,Management Information Systems (MIS),Lecture,Computing,37,Monday,08:30-10:30,0,0,Sunny,0.6819,25
CS22993,Group Project in Software Development,Lecture,Computing,77,Friday,10:30-12:30,0,1,Cloudy,0.9526,73
IT3143,Independent Study (IS),Lecture,Computing,121,Thursday,09:00-11:00,0,0,Sunny,0.7767,94
CS22012,Advanced Data Structures & Algorithms,Lecture,Computing,80,Thursday,08:30-10:30,1,0,Sunny,0.8657,69
CS22023,Artificial Intelligence,Lecture,Computing,84,Monday,11:30-14:30,0,0,Sunny,0.7934,67
IT3153,Software Quality Assurance (SQA),Lecture,Computing,130,Monday,11:30-14:30,0,0,Sunny,0.7401,96
IT3143,Independent Study (IS),Lecture,Computing,123,Thursday,08:30-10:30,0,1,Sunny,0.9536,117
IT3133,Programming Distributed Components (PDC),Lecture,Computing,83,Thursday,11:30-14:30,0,0,Sunny,0.8777,73
IS3073,Management Information Systems (MIS),Lecture,Computing,33,Monday,10:30-12:30,0,1,Sunny,0.9469,31
IT3113,Cyber Security (CS),Lecture,Computing,92,Friday,11:30-14:30,0,0,Cloudy,0.7927,73
CS22993,Group Project in Software Development,Lecture,Computing,87,Friday,12:00-13:30,0,0,Rainy,0.6948,60
IT3143,Independent Study (IS),Lecture,Computing,121,Tuesday,10:30-12:30,0,0,Sunny,0.8612,104
CS22012,Advanced Data Structures & Algorithms,Lecture,Computing,83,Wednesday,12:00-13:30,0,0,Cloudy,0.8016,67
SE22013,Software Project Management,Lecture,Computing,54,Thursday,08:30-10:30,0,0,Sunny,0.7506,41
CS22023,Artificial Intelligence,Lecture,Computing,81,Thursday,12:00-13:30,0,0,Rainy,0.7714,62
CS22993,Group Project in Software Development,Lecture,Computing,81,Monday,08:30-10:30,0,0,Sunny,0.6925,56
IT3153,Software Quality Assurance (SQA),Lecture,Computing,123,Monday,09:00-11:00,0,0,Sunny,0.6911,85
IT3133,Programming Distributed Components (PDC),Lecture,Computing,92,Thursday,14:30-16:30,0,0,Cloudy,0.8133,75
IS3083,E-Commerce (EC),Lecture,Computing,38,Monday,08:30-10:30,0,0,Sunny,0.7126,27
SE22013,Software Project Management,Lecture,Computing,60,Wednesday,08:30-10:30,1,0,Cloudy,0.87,52
IS3093,Financial Management Concepts (FMC),Lecture,Computing,38,Tuesday,11:30-14:30,0,1,Sunny,0.9582,36
IS3083,E-Commerce (EC),Lecture,Computing,37,Friday,10:30-12:30,0,0,Sunny,0.8057,30
IT3133,Programming Distributed Components (PDC),Lecture,Computing,90,Monday,12:00-13:30,0,0,Sunny,0.7213,65
IS3093,Financial Management Concepts (FMC),Lecture,Computing,38,Monday,11:30-14:30,0,1,Sunny,0.976,37
IS3073,Management Information Systems (MIS),Lecture,Computing,35,Monday,11:30-14:30,0,0,Sunny,0.7483,26
SE22013,Software Project Management,Lecture,Computing,62,Wednesday,14:30-16:30,0,0,Sunny,0.8585,53
CS3253,Big Data Analytics (BA),Lecture,Computing,40,Tuesday,14:30-16:30,0,0,Sunny,0.8232,33
IS3112,Marketing Management (MM),Lecture,Computing,37,Tuesday,09:00-11:00,0,0,Rainy,0.731,27
DS22012,Categorical Data Analysis (CDA),Lecture,Computing,79,Thursday,08:30-10:30,0,0,Sunny,0.7715,61
IT3103,Service Oriented Web Programming (SOWP),Lecture,Computing,86,Tuesday,11:30-14:30,1,0,Sunny,0.9562,82
SE22013,Software Project Management,Lecture,Computing,59,Tuesday,10:30-12:30,1,1,Sunny,0.9678,57
IT3133,Programming Distributed Components (PDC),Lecture,Computing,93,Wednesday,08:30-10:30,0,0,Cloudy,0.7411,69
CS22012,Advanced Data Structures & Algorithms,Lecture,Computing,80,Thursday,10:30-12:30,0,0,Cloudy,0.8922,71
IT3153,Software Quality Assurance (SQA),Lecture,Computing,120,Thursday,14:30-16:30,0,0,Sunny,0.8239,99
IS3073,Management Information Systems (MIS),Lecture,Computing,36,Tuesday,10:30-12:30,0,0,Sunny,0.9196,33
IT3143,Independent Study (IS),Lecture,Computing,123,Thursday,09:00-11:00,0,0,Cloudy,0.7511,92
IS3102,Organizational Behaviour (OB),Lecture,Computing,34,Wednesday,12:00-13:30,0,1,Sunny,0.977,33
IS3073,Management Information Systems (MIS),Lecture,Computing,35,Tuesday,12:00-13:30,0,0,Rainy,0.7675,27
IS3083,E-Commerce (EC),Lecture,Computing,33,Thursday,08:30-10:30,0,0,Sunny,0.7831,26
CS22993,Group Project in Software Development,Lecture,Computing,83,Monday,14:30-16:30,0,0,Sunny,0.7483,62
IS3112,Marketing Management (MM),Lecture,Computing,40,Monday,11:30-14:30,1,0,Cloudy,0.8997,36
CS22023,Artificial Intelligence,Lecture,Computing,82,Monday,12:00-13:30,1,1,Cloudy,0.9456,78
IT3162,GIS and Remote Sensing (GIS&RS),Lecture,Computing,122,Monday,08:30-10:30,0,0,Sunny,0.6896,84
IS3102,Organizational Behaviour (OB),Lecture,Computing,37,Thursday,08:30-10:30,0,0,Cloudy,0.7495,28
IS3083,E-Commerce (EC),Lecture,Computing,38,Tuesday,11:30-14:30,0,0,Sunny,0.8797,33
IT3182,Essentials of Artificial Intelligence (EAI),Lecture,Computing,123,Tuesday,11:30-14:30,1,0,Rainy,0.8786,108
DS22012,Categorical Data Analysis (CDA),Lecture,Computing,81,Monday,10:30-12:30,0,0,Cloudy,0.7648,62
IT3113,Cyber Security (CS),Lecture,Computing,90,Thursday,09:00-11:00,1,1,Sunny,0.9623,87
IT3162,GIS and Remote Sensing (GIS&RS),Lecture,Computing,122,Wednesday,11:30-14:30,0,0,Cloudy,0.8691,106
CS22023,Artificial Intelligence,Lecture,Computing,81,Tuesday,09:00-11:00,0,0,Sunny,0.7479,61
IS3093,Financial Management Concepts (FMC),Lecture,Computing,35,Monday,08:30-10:30,1,1,Sunny,0.99,35
CS22012,Advanced Data Structures & Algorithms,Lecture,Computing,80,Tuesday,09:00-11:00,0,0,Cloudy,0.7481,60
CS22012,Advanced Data Structures & Algorithms,Lecture,Computing,79,Wednesday,09:00-11:00,0,0,Rainy,0.7046,56
IS3073,Management Information Systems (MIS),Lecture,Computing,41,Thursday,10:30-12:30,1,0,Sunny,0.9679,40
IS3083,E-Commerce (EC),Lecture,Computing,33,Monday,11:30-14:30,0,0,Sunny,0.786,26
IT3113,Cyber Security (CS),Lecture,Computing,85,Wednesday,10:30-12:30,0,0,Sunny,0.8702,74
IS3083,E-Commerce (EC),Lecture,Computing,39,Monday,11:30-14:30,0,0,Cloudy,0.7756,30
IS3083,E-Commerce (EC),Lecture,Computing,32,Wednesday,11:30-14:30,0,0,Cloudy,0.8749,28
DS22012,Categorical Data Analysis (CDA),Lecture,Computing,81,Monday,09:00-11:00,0,1,Sunny,0.9745,79
IS3102,Organizational Behaviour (OB),Lecture,Computing,34,Tuesday,08:30-10:30,1,0,Cloudy,0.8435,29
IT3113,Cyber Security (CS),Lecture,Computing,91,Tuesday,10:30-12:30,1,0,Cloudy,0.9451,86
IT3162,GIS and Remote Sensing (GIS&RS),Lecture,Computing,127,Monday,08:30-10:30,0,0,Sunny,0.705,90
SE22013,Software Project Management,Lecture,Computing,57,Wednesday,08:30-10:30,1,1,Sunny,0.9315,53
CS22012,Advanced Data Structures & Algorithms,Lecture,Computing,82,Monday,12:00-13:30,0,0,Sunny,0.7777,64
IT3162,GIS and Remote Sensing (GIS&RS),Lecture,Computing,126,Friday,08:30-10:30,1,0,Rainy,0.7124,90
IS3112,Marketing Management (MM),Lecture,Computing,33,Tuesday,11:30-14:30,0,1,Cloudy,0.9529,31
IS3093,Financial Management Concepts (FMC),Lecture,Computing,36,Thursday,09:00-11:00,0,0,Rainy,0.6961,25
DS22012,Categorical Data Analysis (CDA),Lecture,Computing,77,Thursday,09:00-11:00,1,1,Cloudy,0.9765,75
IT3113,Cyber Security (CS),Lecture,Computing,89,Friday,08:30-10:30,0,0,Sunny,0.6555,58
CS22993,Group Project in Software Development,Lecture,Computing,84,Thursday,12:00-13:30,0,0,Rainy,0.7807,66
IS3093,Financial Management Concepts (FMC),Lecture,Computing,37,Tuesday,11:30-14:30,0,0,Rainy,0.821,30
IS3112,Marketing Management (MM),Lecture,Computing,34,Monday,14:30-16:30,0,1,Sunny,0.9775,33
IT3113,Cyber Security (CS),Lecture,Computing,93,Friday,09:00-11:00,0,0,Sunny,0.6827,63
IT3113,Cyber Security (CS),Lecture,Computing,89,Wednesday,12:00-13:30,0,0,Sunny,0.839,75
IS3093,Financial Management Concepts (FMC),Lecture,Computing,38,Wednesday,09:00-11:00,0,0,Rainy,0.7114,27
IT3143,Independent Study (IS),Lecture,Computing,120,Wednesday,09:00-11:00,0,1,Sunny,0.9417,113
IT3103,Service Oriented Web Programming (SOWP),Lecture,Computing,89,Thursday,11:30-14:30,0,0,Sunny,0.8389,75
IS3112,Marketing Management (MM),Lecture,Computing,37,Monday,14:30-16:30,0,0,Sunny,0.767,28
IT3103,Service Oriented Web Programming (SOWP),Lecture,Computing,93,Wednesday,09:00-11:00,0,0,Sunny,0.753,70
CS22012,Advanced Data Structures & Algorithms,Lecture,Computing,81,Tuesday,11:30-14:30,0,0,Cloudy,0.8779,71
IT3133,Programming Distributed Components (PDC),Lecture,Computing,86,Tuesday,14:30-16:30,0,0,Sunny,0.8272,71
IT3103,Service Oriented Web Programming (SOWP),Lecture,Computing,90,Monday,10:30-12:30,0,1,Sunny,0.99,89
IS3083,E-Commerce (EC),Lecture,Computing,38,Wednesday,14:30-16:30,1,0,Sunny,0.9278,35
IT3143,Independent Study (IS),Lecture,Computing,124,Thursday,10:30-12:30,0,0,Rainy,0.8122,101
IT3153,Software Quality Assurance (SQA),Lecture,Computing,127,Tuesday,10:30-12:30,0,0,Cloudy,0.8547,109
IS3102,Organizational Behaviour (OB),Lecture,Computing,32,Monday,08:30-10:30,0,0,Cloudy,0.6516,21
CS3253,Big Data Analytics (BA),Lecture,Computing,41,Thursday,12:00-13:30,0,0,Sunny,0.8025,33
DS22012,Categorical Data Analysis (CDA),Lecture,Computing,89,Wednesday,14:30-16:30,0,0,Sunny,0.8391,75
IT3182,Essentials of Artificial Intelligence (EAI),Lecture,Computing,116,Monday,11:30-14:30,1,0,Sunny,0.9026,105
IS3093,Financial Management Concepts (FMC),Lecture,Computing,37,Monday,14:30-16:30,0,1,Sunny,0.9693,36
IS3083,E-Commerce (EC),Lecture,Computing,41,Monday,09:00-11:00,0,0,Sunny,0.6985,29
IT3182,Essentials of Artificial Intelligence (EAI),Lecture,Computing,122,Thursday,14:30-16:30,0,1,Sunny,0.9573,117
IT3182,Essentials of Artificial Intelligence (EAI),Lecture,Computing,125,Wednesday,10:30-12:30,0,0,Cloudy,0.8584,107
CS22023,Artificial Intelligence,Lecture,Computing,77,Wednesday,09:00-11:00,0,0,Rainy,0.6971,54
IT3143,Independent Study (IS),Lecture,Computing,124,Wednesday,10:30-12:30,0,0,Cloudy,0.8333,103
IS3112,Marketing Management (MM),Lecture,Computing,33,Tuesday,12:00-13:30,1,1,Sunny,0.9645,32
IT3162,GIS and Remote Sensing (GIS&RS),Lecture,Computing,124,Monday,08:30-10:30,0,1,Sunny,0.958,119
IS3102,Organizational Behaviour (OB),Lecture,Computing,34,Monday,10:30-12:30,0,0,Rainy,0.7304,25
IT3133,Programming Distributed Components (PDC),Lecture,Computing,88,Monday,09:00-11:00,0,0,Sunny,0.704,62
IT3103,Service Oriented Web Programming (SOWP),Lecture,Computing,87,Thursday,09:00-11:00,1,0,Sunny,0.8661,75
IS3102,Organizational Behaviour (OB),Lecture,Computing,29,Monday,08:30-10:30,0,0,Rainy,0.6357,18
IS3093,Financial Management Concepts (FMC),Lecture,Computing,35,Monday,08:30-10:30,0,1,Cloudy,0.982,34
IT3153,Software Quality Assurance (SQA),Lecture,Computing,125,Tuesday,12:00-13:30,0,0,Sunny,0.8249,103
SE22013,Software Project Management,Lecture,Computing,57,Friday,08:30-10:30,0,0,Sunny,0.6979,40
IT3162,GIS and Remote Sensing (GIS&RS),Lecture,Computing,125,Tuesday,08:30-10:30,0,0,Sunny,0.7465,93
IS3102,Organizational Behaviour (OB),Lecture,Computing,36,Tuesday,11:30-14:30,0,0,Sunny,0.8522,31
IT3123,Cloud Computing & Virtualization (CC&V),Lecture,Computing,88,Wednesday,14:30-16:30,0,0,Sunny,0.818,72
IT3143,Independent Study (IS),Lecture,Computing,127,Thursday,12:00-13:30,1,0,Cloudy,0.908,115
IS3102,Organizational Behaviour (OB),Lecture,Computing,37,Monday,11:30-14:30,0,1,Sunny,0.9589,35
IS3073,Management Information Systems (MIS),Lecture,Computing,36,Thursday,09:00-11:00,0,0,Sunny,0.7703,28
CS3253,Big Data Analytics (BA),Lecture,Computing,37,Thursday,09:00-11:00,0,0,Rainy,0.7081,26
IT3153,Software Quality Assurance (SQA),Lecture,Computing,126,Monday,08:30-10:30,0,0,Cloudy,0.7074,89
IT3103,Service Oriented Web Programming (SOWP),Lecture,Computing,93,Wednesday,10:30-12:30,1,0,Sunny,0.962,89
SE22013,Software Project Management,Lecture,Computing,59,Tuesday,09:00-11:00,0,0,Cloudy,0.8135,48
IT3113,Cyber Security (CS),Lecture,Computing,92,Thursday,08:30-10:30,0,0,Rainy,0.7282,67
IT3103,Service Oriented Web Programming (SOWP),Lecture,Computing,93,Friday,14:30-16:30,1,1,Cloudy,0.9766,91
CS22012,Advanced Data Structures & Algorithms,Lecture,Computing,82,Friday,11:30-14:30,0,1,Sunny,0.9441,77
IT3113,Cyber Security (CS),Lecture,Computing,91,Thursday,10:30-12:30,0,1,Sunny,0.9704,88
IS3112,Marketing Management (MM),Lecture,Computing,32,Tuesday,10:30-12:30,0,0,Sunny,0.825,26
IS3112,Marketing Management (MM),Lecture,Computing,30,Tuesday,10:30-12:30,0,0,Rainy,0.8304,25
IT3113,Cyber Security (CS),Lecture,Computing,87,Wednesday,14:30-16:30,0,0,Sunny,0.8301,72
IS3093,Financial Management Concepts (FMC),Lecture,Computing,35,Thursday,09:00-11:00,0,1,Sunny,0.9623,34
IS3083,E-Commerce (EC),Lecture,Computing,32,Tuesday,11:30-14:30,0,0,Cloudy,0.8702,28
CS22023,Artificial Intelligence,Lecture,Computing,80,Wednesday,10:30-12:30,0,1,Sunny,0.9758,78
IT3143,Independent Study (IS),Lecture,Computing,123,Monday,10:30-12:30,0,1,Sunny,0.9723,120
IT3133,Programming Distributed Components (PDC),Lecture,Computing,89,Monday,10:30-12:30,1,0,Rainy,0.8423,75
CS22012,Advanced Data Structures & Algorithms,Lecture,Computing,78,Tuesday,10:30-12:30,0,0,Rainy,0.778,61
CS22023,Artificial Intelligence,Lecture,Computing,85,Monday,10:30-12:30,0,1,Sunny,0.9551,81
IT3103,Service Oriented Web Programming (SOWP),Lecture,Computing,89,Monday,14:30-16:30,1,0,Sunny,0.8406,75
IT3143,Independent Study (IS),Lecture,Computing,121,Monday,08:30-10:30,0,0,Sunny,0.6753,82
IS3093,Financial Management Concepts (FMC),Lecture,Computing,32,Tuesday,14:30-16:30,0,0,Sunny,0.8274,26
IS3112,Marketing Management (MM),Lecture,Computing,37,Wednesday,09:00-11:00,0,0,Cloudy,0.7334,27
CS22993,Group Project in Software Development,Lecture,Computing,80,Wednesday,08:30-10:30,0,0,Sunny,0.7583,61
IS3112,Marketing Management (MM),Lecture,Computing,34,Wednesday,11:30-14:30,1,0,Sunny,0.9598,33
CS22023,Artificial Intelligence,Lecture,Computing,82,Monday,10:30-12:30,1,0,Cloudy,0.8817,72
DS22012,Categorical Data Analysis (CDA),Lecture,Computing,87,Tuesday,14:30-16:30,0,0,Sunny,0.8337,73
IT3162,GIS and Remote Sensing (GIS&RS),Lecture,Computing,122,Wednesday,10:30-12:30,1,1,Sunny,0.9788,119
IS3112,Marketing Management (MM),Lecture,Computing,33,Thursday,09:00-11:00,0,0,Rainy,0.7117,23
IT3133,Programming Distributed Components (PDC),Lecture,Computing,92,Monday,08:30-10:30,0,0,Sunny,0.6872,63
SE22013,Software Project Management,Lecture,Computing,58,Friday,12:00-13:30,0,0,Sunny,0.7511,44
IT3123,Cloud Computing & Virtualization (CC&V),Lecture,Computing,90,Friday,12:00-13:30,0,0,Cloudy,0.7704,69
CS22993,Group Project in Software Development,Lecture,Computing,81,Friday,10:30-12:30,0,0,Cloudy,0.7629,62
IS3083,E-Commerce (EC),Lecture,Computing,38,Thursday,14:30-16:30,1,0,Sunny,0.8794,33
IS3093,Financial Management Concepts (FMC),Lecture,Computing,32,Monday,10:30-12:30,0,1,Rainy,0.9817,31
IT3162,GIS and Remote Sensing (GIS&RS),Lecture,Computing,125,Wednesday,10:30-12:30,0,0,Sunny,0.8585,107
CS3253,Big Data Analytics (BA),Lecture,Computing,41,Tuesday,12:00-13:30,0,0,Rainy,0.7914,32
IS3112,Marketing Management (MM),Lecture,Computing,36,Monday,11:30-14:30,0,0,Cloudy,0.7988,29
CS3253,Big Data Analytics (BA),Lecture,Computing,44,Friday,10:30-12:30,0,1,Sunny,0.98,43
IS3083,E-Commerce (EC),Lecture,Computing,39,Monday,09:00-11:00,0,0,Sunny,0.6916,27
IT3113,Cyber Security (CS),Lecture,Computing,81,Friday,08:30-10:30,0,1,Rainy,0.9637,78
IS3112,Marketing Management (MM),Lecture,Computing,31,Tuesday,11:30-14:30,0,0,Sunny,0.8245,26
IS3102,Organizational Behaviour (OB),Lecture,Computing,37,Wednesday,08:30-10:30,0,0,Sunny,0.788,29
CS22023,Artificial Intelligence,Lecture,Computing,81,Tuesday,10:30-12:30,0,0,Rainy,0.7944,64
IS3083,E-Commerce (EC),Lecture,Computing,38,Monday,09:00-11:00,0,0,Sunny,0.688,26
IT3113,Cyber Security (CS),Lecture,Computing,88,Wednesday,09:00-11:00,0,0,Sunny,0.7286,64
IS3083,E-Commerce (EC),Lecture,Computing,38,Monday,08:30-10:30,0,0,Sunny,0.688,26
IT3182,Essentials of Artificial Intelligence (EAI),Lecture,Computing,119,Thursday,11:30-14:30,0,0,Cloudy,0.9096,108
IS3102,Organizational Behaviour (OB),Lecture,Computing,33,Friday,08:30-10:30,0,0,Sunny,0.7031,23
IS3083,E-Commerce (EC),Lecture,Computing,33,Monday,08:30-10:30,0,1,Sunny,0.9487,31
SE22013,Software Project Management,Lecture,Computing,55,Monday,09:00-11:00,0,0,Sunny,0.7071,39
IT3143,Independent Study (IS),Lecture,Computing,127,Monday,09:00-11:00,0,0,Cloudy,0.6793,86
IT3113,Cyber Security (CS),Lecture,Computing,95,Tuesday,08:30-10:30,0,0,Sunny,0.7858,75
SE22013,Software Project Management,Lecture,Computing,59,Tuesday,10:30-12:30,1,0,Cloudy,0.9408,56
IT3133,Programming Distributed Components (PDC),Lecture,Computing,86,Tuesday,09:00-11:00,1,0,Cloudy,0.8756,75
CS3253,Big Data Analytics (BA),Lecture,Computing,38,Friday,14:30-16:30,0,0,Sunny,0.7369,28
IS3083,E-Commerce (EC),Lecture,Computing,34,Tuesday,09:00-11:00,0,0,Rainy,0.6899,23
IT3182,Essentials of Artificial Intelligence (EAI),Lecture,Computing,125,Thursday,08:30-10:30,0,0,Sunny,0.751,94
IT3162,GIS and Remote Sensing (GIS&RS),Lecture,Computing,127,Tuesday,10:30-12:30,0,0,Cloudy,0.8329,106
IS3102,Organizational Behaviour (OB),Lecture,Computing,34,Wednesday,11:30-14:30,0,0,Sunny,0.8552,29
SE22013,Software Project Management,Lecture,Computing,58,Thursday,09:00-11:00,0,0,Cloudy,0.7473,43
IT3123,Cloud Computing & Virtualization (CC&V),Lecture,Computing,85,Wednesday,11:30-14:30,0,0,Cloudy,0.8863,75
SE22013,Software Project Management,Lecture,Computing,56,Monday,12:00-13:30,0,0,Sunny,0.7587,42
IT3162,GIS and Remote Sensing (GIS&RS),Lecture,Computing,124,Tuesday,11:30-14:30,0,0,Sunny,0.8463,105
IT3153,Software Quality Assurance (SQA),Lecture,Computing,123,Monday,09:00-11:00,1,0,Sunny,0.7733,95
IT3123,Cloud Computing & Virtualization (CC&V),Lecture,Computing,91,Tuesday,10:30-12:30,0,0,Cloudy,0.8772,80
IS3102,Organizational Behaviour (OB),Lecture,Computing,42,Wednesday,08:30-10:30,0,0,Sunny,0.7873,33
IS3102,Organizational Behaviour (OB),Lecture,Computing,38,Wednesday,11:30-14:30,1,0,Cloudy,0.9823,37
IT3123,Cloud Computing & Virtualization (CC&V),Lecture,Computing,89,Monday,11:30-14:30,1,0,Sunny,0.8722,78
IT3162,GIS and Remote Sensing (GIS&RS),Lecture,Computing,126,Tuesday,12:00-13:30,0,0,Cloudy,0.801,101
IT3113,Cyber Security (CS),Lecture,Computing,87,Wednesday,09:00-11:00,0,0,Rainy,0.7004,61
IT3143,Independent Study (IS),Lecture,Computing,126,Monday,09:00-11:00,0,0,Sunny,0.7086,89
IT3162,GIS and Remote Sensing (GIS&RS),Lecture,Computing,127,Wednesday,08:30-10:30,0,0,Sunny,0.738,94
CS3253,Big Data Analytics (BA),Lecture,Computing,31,Friday,11:30-14:30,0,0,Sunny,0.8089,25
IT3182,Essentials of Artificial Intelligence (EAI),Lecture,Computing,123,Monday,09:00-11:00,0,0,Sunny,0.7034,87
SE22013,Software Project Management,Lecture,Computing,58,Wednesday,14:30-16:30,0,0,Sunny,0.8366,49
CS22012,Advanced Data Structures & Algorithms,Lecture,Computing,79,Wednesday,10:30-12:30,0,0,Sunny,0.844,67
CS3253,Big Data Analytics (BA),Lecture,Computing,45,Wednesday,14:30-16:30,0,1,Sunny,0.9614,43
IT3103,Service Oriented Web Programming (SOWP),Lecture,Computing,89,Monday,12:00-13:30,0,0,Cloudy,0.7527,67
IT3133,Programming Distributed Components (PDC),Lecture,Computing,85,Thursday,11:30-14:30,1,0,Sunny,0.9763,83
CS3253,Big Data Analytics (BA),Lecture,Computing,44,Wednesday,12:00-13:30,1,0,Sunny,0.9371,41
IT3143,Independent Study (IS),Lecture,Computing,128,Wednesday,10:30-12:30,0,0,Sunny,0.8673,111
IS3083,E-Commerce (EC),Lecture,Computing,32,Thursday,10:30-12:30,0,0,Cloudy,0.868,28
IT3182,Essentials of Artificial Intelligence (EAI),Lecture,Computing,130,Monday,14:30-16:30,0,0,Cloudy,0.7528,98
IT3153,Software Quality Assurance (SQA),Lecture,Computing,127,Friday,09:00-11:00,0,0,Sunny,0.6831,87
IT3162,GIS and Remote Sensing (GIS&RS),Lecture,Computing,122,Monday,12:00-13:30,0,0,Sunny,0.7107,87
SE22013,Software Project Management,Lecture,Computing,58,Monday,08:30-10:30,0,0,Cloudy,0.6895,40
IT3162,GIS and Remote Sensing (GIS&RS),Lecture,Computing,123,Thursday,10:30-12:30,0,0,Rainy,0.8004,98
IT3153,Software Quality Assurance (SQA),Lecture,Computing,118,Tuesday,11:30-14:30,0,0,Rainy,0.8031,95
IT3143,Independent Study (IS),Lecture,Computing,126,Monday,11:30-14:30,0,1,Sunny,0.9738,123
IT3113,Cyber Security (CS),Lecture,Computing,87,Monday,12:00-13:30,0,1,Sunny,0.9344,81
IT3133,Programming Distributed Components (PDC),Lecture,Computing,87,Wednesday,10:30-12:30,0,0,Sunny,0.852,74
IT3153,Software Quality Assurance (SQA),Lecture,Computing,122,Friday,10:30-12:30,0,0,Sunny,0.7839,96
CS3253,Big Data Analytics (BA),Lecture,Computing,37,Friday,10:30-12:30,0,0,Cloudy,0.7711,29
DS22012,Categorical Data Analysis (CDA),Lecture,Computing,82,Tuesday,12:00-13:30,0,1,Rainy,0.9682,79
IS3093,Financial Management Concepts (FMC),Lecture,Computing,40,Monday,14:30-16:30,1,0,Sunny,0.8981,36
IS3073,Management Information Systems (MIS),Lecture,Computing,32,Thursday,14:30-16:30,0,0,Sunny,0.8176,26
IT3103,Service Oriented Web Programming (SOWP),Lecture,Computing,87,Tuesday,08:30-10:30,1,0,Sunny,0.8813,77
CS22023,Artificial Intelligence,Lecture,Computing,86,Tuesday,08:30-10:30,1,0,Sunny,0.8429,72
CS22012,Advanced Data Structures & Algorithms,Lecture,Computing,79,Monday,14:30-16:30,0,1,Cloudy,0.9529,75
IT3123,Cloud Computing & Virtualization (CC&V),Lecture,Computing,79,Wednesday,12:00-13:30,0,1,Cloudy,0.99,78
IT3133,Programming Distributed Components (PDC),Lecture,Computing,90,Tuesday,09:00-11:00,0,1,Rainy,0.9606,86
IS3073,Management Information Systems (MIS),Lecture,Computing,34,Wednesday,12:00-13:30,1,1,Sunny,0.9652,33
IT3103,Service Oriented Web Programming (SOWP),Lecture,Computing,90,Monday,09:00-11:00,1,0,Sunny,0.8079,73
CS22993,Group Project in Software Development,Lecture,Computing,83,Monday,10:30-12:30,0,0,Rainy,0.7251,60
IS3093,Financial Management Concepts (FMC),Lecture,Computing,36,Thursday,08:30-10:30,0,1,Sunny,0.9786,35
IS3073,Management Information Systems (MIS),Lecture,Computing,29,Friday,14:30-16:30,0,0,Cloudy,0.7683,22
IT3113,Cyber Security (CS),Lecture,Computing,91,Monday,08:30-10:30,0,0,Cloudy,0.6539,60
IS3083,E-Commerce (EC),Lecture,Computing,34,Monday,11:30-14:30,0,0,Cloudy,0.8088,28
IT3182,Essentials of Artificial Intelligence (EAI),Lecture,Computing,125,Tuesday,10:30-12:30,0,0,Sunny,0.8417,105
DS22012,Categorical Data Analysis (CDA),Lecture,Computing,86,Friday,08:30-10:30,0,0,Sunny,0.6551,56
IT3103,Service Oriented Web Programming (SOWP),Lecture,Computing,94,Thursday,12:00-13:30,0,0,Sunny,0.8385,79
IT3113,Cyber Security (CS),Lecture,Computing,87,Thursday,08:30-10:30,0,1,Sunny,0.9436,82
IT3133,Programming Distributed Components (PDC),Lecture,Computing,86,Wednesday,10:30-12:30,0,1,Sunny,0.9581,82
IS3073,Management Information Systems (MIS),Lecture,Computing,38,Tuesday,14:30-16:30,1,0,Cloudy,0.9128,35
IS3093,Financial Management Concepts (FMC),Lecture,Computing,33,Thursday,11:30-14:30,0,0,Sunny,0.8526,28
IS3102,Organizational Behaviour (OB),Lecture,Computing,31,Wednesday,14:30-16:30,0,0,Sunny,0.8137,25
IT3123,Cloud Computing & Virtualization (CC&V),Lecture,Computing,89,Wednesday,12:00-13:30,0,1,Sunny,0.9561,85
IT3103,Service Oriented Web Programming (SOWP),Lecture,Computing,91,Monday,11:30-14:30,0,0,Cloudy,0.7845,71
IT3162,GIS and Remote Sensing (GIS&RS),Lecture,Computing,125,Friday,09:00-11:00,0,0,Cloudy,0.6783,85
DS22012,Categorical Data Analysis (CDA),Lecture,Computing,81,Tuesday,12:00-13:30,0,0,Sunny,0.8403,68
IT3153,Software Quality Assurance (SQA),Lecture,Computing,119,Thursday,09:00-11:00,1,0,Cloudy,0.8513,101
IT3143,Independent Study (IS),Lecture,Computing,124,Friday,08:30-10:30,1,0,Rainy,0.7445,92
IT3143,Independent Study (IS),Lecture,Computing,120,Thursday,11:30-14:30,0,1,Cloudy,0.9175,110
CS22023,Artificial Intelligence,Lecture,Computing,84,Thursday,08:30-10:30,1,1,Cloudy,0.99,83
IT3153,Software Quality Assurance (SQA),Lecture,Computing,116,Thursday,09:00-11:00,0,0,Rainy,0.7189,83
IT3153,Software Quality Assurance (SQA),Lecture,Computing,124,Friday,10:30-12:30,0,0,Sunny,0.8017,99
IT3103,Service Oriented Web Programming (SOWP),Lecture,Computing,85,Wednesday,09:00-11:00,0,0,Sunny,0.7661,65
CS22023,Artificial Intelligence,Lecture,Computing,80,Monday,10:30-12:30,0,1,Cloudy,0.9487,76
IS3093,Financial Management Concepts (FMC),Lecture,Computing,33,Friday,08:30-10:30,1,0,Sunny,0.7645,25
CS22012,Advanced Data Structures & Algorithms,Lecture,Computing,77,Wednesday,11:30-14:30,0,0,Cloudy,0.8549,66
IT3113,Cyber Security (CS),Lecture,Computing,82,Thursday,08:30-10:30,0,0,Sunny,0.7723,63
IS3112,Marketing Management (MM),Lecture,Computing,35,Monday,10:30-12:30,1,1,Sunny,0.9263,32
CS22023,Artificial Intelligence,Lecture,Computing,83,Thursday,14:30-16:30,1,0,Sunny,0.9167,76
CS22012,Advanced Data Structures & Algorithms,Lecture,Computing,80,Tuesday,14:30-16:30,0,0,Sunny,0.8131,65
CS22993,Group Project in Software Development,Lecture,Computing,81,Monday,11:30-14:30,0,1,Sunny,0.9644,78
IT3113,Cyber Security (CS),Lecture,Computing,87,Monday,08:30-10:30,0,0,Cloudy,0.6753,59
IS3073,Management Information Systems (MIS),Lecture,Computing,32,Friday,12:00-13:30,0,1,Sunny,0.9728,31
IS3102,Organizational Behaviour (OB),Lecture,Computing,33,Wednesday,09:00-11:00,1,1,Sunny,0.978,32
CS22993,Group Project in Software Development,Lecture,Computing,81,Friday,10:30-12:30,0,0,Sunny,0.7837,63
CS22993,Group Project in Software Development,Lecture,Computing,82,Thursday,10:30-12:30,0,0,Sunny,0.9017,74
DS22012,Categorical Data Analysis (CDA),Lecture,Computing,76,Monday,12:00-13:30,0,0,Sunny,0.7596,58
IT3133,Programming Distributed Components (PDC),Lecture,Computing,88,Wednesday,14:30-16:30,0,0,Cloudy,0.823,72
DS22012,Categorical Data Analysis (CDA),Lecture,Computing,83,Tuesday,12:00-13:30,1,0,Sunny,0.923,77
IT3113,Cyber Security (CS),Lecture,Computing,92,Thursday,08:30-10:30,0,0,Cloudy,0.7703,71
IS3073,Management Information Systems (MIS),Lecture,Computing,34,Thursday,14:30-16:30,0,0,Cloudy,0.8089,28
IT3143,Independent Study (IS),Lecture,Computing,123,Thursday,12:00-13:30,0,0,Sunny,0.8209,101
CS3253,Big Data Analytics (BA),Lecture,Computing,41,Friday,14:30-16:30,0,0,Sunny,0.7791,32
IS3112,Marketing Management (MM),Lecture,Computing,33,Tuesday,09:00-11:00,0,0,Cloudy,0.783,26
CS22012,Advanced Data Structures & Algorithms,Lecture,Computing,80,Friday,09:00-11:00,0,0,Sunny,0.6881,55
IT3123,Cloud Computing & Virtualization (CC&V),Lecture,Computing,87,Wednesday,12:00-13:30,0,0,Sunny,0.8033,70
CS22023,Artificial Intelligence,Lecture,Computing,80,Tuesday,09:00-11:00,0,0,Sunny,0.7606,61
IS3073,Management Information Systems (MIS),Lecture,Computing,33,Friday,09:00-11:00,0,0,Sunny,0.6611,22
IT3123,Cloud Computing & Virtualization (CC&V),Lecture,Computing,88,Wednesday,11:30-14:30,0,0,Sunny,0.8767,77
IT3123,Cloud Computing & Virtualization (CC&V),Lecture,Computing,90,Wednesday,11:30-14:30,0,0,Sunny,0.8627,78
IT3143,Independent Study (IS),Lecture,Computing,125,Monday,09:00-11:00,0,1,Sunny,0.9701,121
IS3083,E-Commerce (EC),Lecture,Computing,32,Tuesday,09:00-11:00,0,1,Sunny,0.99,32
IT3133,Programming Distributed Components (PDC),Lecture,Computing,90,Monday,08:30-10:30,1,0,Sunny,0.7728,70
IT3123,Cloud Computing & Virtualization (CC&V),Lecture,Computing,88,Thursday,11:30-14:30,0,0,Sunny,0.82,72
CS3253,Big Data Analytics (BA),Lecture,Computing,39,Wednesday,14:30-16:30,1,0,Rainy,0.8463,33
CS3253,Big Data Analytics (BA),Lecture,Computing,35,Tuesday,09:00-11:00,0,0,Sunny,0.7753,27
CS22012,Advanced Data Structures & Algorithms,Lecture,Computing,75,Monday,08:30-10:30,0,0,Rainy,0.612,46
IS3102,Organizational Behaviour (OB),Lecture,Computing,36,Wednesday,12:00-13:30,0,1,Sunny,0.9822,35
IS3093,Financial Management Concepts (FMC),Lecture,Computing,34,Monday,14:30-16:30,0,0,Sunny,0.7467,25
DS22012,Categorical Data Analysis (CDA),Lecture,Computing,82,Friday,11:30-14:30,1,0,Sunny,0.8914,73
IT3113,Cyber Security (CS),Lecture,Computing,89,Monday,10:30-12:30,1,0,Sunny,0.9079,81
IT3143,Independent Study (IS),Lecture,Computing,122,Monday,14:30-16:30,0,0,Sunny,0.7331,89
IT3153,Software Quality Assurance (SQA),Lecture,Computing,124,Thursday,10:30-12:30,1,0,Sunny,0.9424,117
CS22012,Advanced Data Structures & Algorithms,Lecture,Computing,83,Monday,08:30-10:30,1,0,Sunny,0.8027,67
IT3182,Essentials of Artificial Intelligence (EAI),Lecture,Computing,121,Thursday,10:30-12:30,0,0,Sunny,0.8802,107
CS22012,Advanced Data Structures & Algorithms,Lecture,Computing,84,Tuesday,12:00-13:30,0,1,Sunny,0.9607,81
IT3113,Cyber Security (CS),Lecture,Computing,91,Tuesday,14:30-16:30,0,0,Sunny,0.7828,71
IT3133,Programming Distributed Components (PDC),Lecture,Computing,87,Monday,14:30-16:30,0,0,Sunny,0.7415,65
IT3162,GIS and Remote Sensing (GIS&RS),Lecture,Computing,122,Thursday,08:30-10:30,0,0,Sunny,0.772,94
IT3123,Cloud Computing & Virtualization (CC&V),Lecture,Computing,89,Monday,10:30-12:30,0,0,Cloudy,0.7661,68
IT3153,Software Quality Assurance (SQA),Lecture,Computing,126,Wednesday,11:30-14:30,0,0,Sunny,0.8752,110
DS22012,Categorical Data Analysis (CDA),Lecture,Computing,83,Monday,10:30-12:30,1,0,Sunny,0.8984,75
IS3102,Organizational Behaviour (OB),Lecture,Computing,37,Friday,09:00-11:00,0,0,Sunny,0.6845,25
IS3073,Management Information Systems (MIS),Lecture,Computing,33,Tuesday,11:30-14:30,0,0,Sunny,0.8575,28
IT3153,Software Quality Assurance (SQA),Lecture,Computing,129,Tuesday,11:30-14:30,0,0,Sunny,0.8613,111
CS22023,Artificial Intelligence,Lecture,Computing,81,Tuesday,10:30-12:30,0,0,Sunny,0.886,72
IT3182,Essentials of Artificial Intelligence (EAI),Lecture,Computing,127,Monday,09:00-11:00,0,0,Sunny,0.6973,89
IS3073,Management Information Systems (MIS),Lecture,Computing,32,Monday,09:00-11:00,0,0,Cloudy,0.6832,22
CS3253,Big Data Analytics (BA),Lecture,Computing,42,Friday,09:00-11:00,0,0,Sunny,0.682,29
CS3253,Big Data Analytics (BA),Lecture,Computing,42,Monday,11:30-14:30,1,0,Sunny,0.8868,37
IS3102,Organizational Behaviour (OB),Lecture,Computing,33,Thursday,08:30-10:30,0,0,Cloudy,0.7533,25
IS3093,Financial Management Concepts (FMC),Lecture,Computing,35,Friday,10:30-12:30,0,0,Cloudy,0.7709,27
CS22993,Group Project in Software Development,Lecture,Computing,82,Friday,10:30-12:30,1,0,Sunny,0.9022,74
IT3133,Programming Distributed Components (PDC),Lecture,Computing,90,Friday,10:30-12:30,0,0,Cloudy,0.8156,73
IS3073,Management Information Systems (MIS),Lecture,Computing,36,Wednesday,12:00-13:30,0,1,Sunny,0.9742,35
IT3113,Cyber Security (CS),Lecture,Computing,88,Monday,08:30-10:30,0,0,Cloudy,0.6876,61
IT3182,Essentials of Artificial Intelligence (EAI),Lecture,Computing,129,Monday,08:30-10:30,0,1,Rainy,0.99,128
IS3102,Organizational Behaviour (OB),Lecture,Computing,41,Thursday,11:30-14:30,0,0,Rainy,0.8457,35
IT3153,Software Quality Assurance (SQA),Lecture,Computing,126,Wednesday,08:30-10:30,0,0,Sunny,0.7591,96
IT3153,Software Quality Assurance (SQA),Lecture,Computing,123,Thursday,10:30-12:30,0,0,Rainy,0.7713,95
IT3133,Programming Distributed Components (PDC),Lecture,Computing,87,Thursday,12:00-13:30,0,0,Sunny,0.8241,72
IS3093,Financial Management Concepts (FMC),Lecture,Computing,36,Monday,14:30-16:30,1,1,Rainy,0.9778,35
DS22012,Categorical Data Analysis (CDA),Lecture,Computing,84,Monday,11:30-14:30,0,0,Sunny,0.8243,69
CS3253,Big Data Analytics (BA),Lecture,Computing,38,Tuesday,08:30-10:30,0,1,Sunny,0.9868,37
IS3112,Marketing Management (MM),Lecture,Computing,33,Tuesday,10:30-12:30,0,0,Rainy,0.8328,27
DS22012,Categorical Data Analysis (CDA),Lecture,Computing,80,Tuesday,12:00-13:30,1,0,Sunny,0.9306,74
IT3113,Cyber Security (CS),Lecture,Computing,89,Wednesday,10:30-12:30,0,0,Cloudy,0.8623,77
DS22012,Categorical Data Analysis (CDA),Lecture,Computing,84,Tuesday,08:30-10:30,0,0,Sunny,0.7762,65
IT3162,GIS and Remote Sensing (GIS&RS),Lecture,Computing,120,Tuesday,09:00-11:00,1,0,Cloudy,0.8627,104
IS3073,Management Information Systems (MIS),Lecture,Computing,35,Wednesday,10:30-12:30,0,0,Rainy,0.8221,29
IS3102,Organizational Behaviour (OB),Lecture,Computing,40,Friday,09:00-11:00,1,0,Sunny,0.8034,32
IT3153,Software Quality Assurance (SQA),Lecture,Computing,124,Monday,08:30-10:30,0,0,Cloudy,0.6793,84
IT3143,Independent Study (IS),Lecture,Computing,124,Monday,08:30-10:30,0,0,Sunny,0.681,84
DS22012,Categorical Data Analysis (CDA),Lecture,Computing,84,Friday,10:30-12:30,0,0,Sunny,0.7593,64
IS3093,Financial Management Concepts (FMC),Lecture,Computing,33,Friday,08:30-10:30,0,0,Sunny,0.691,23
IS3093,Financial Management Concepts (FMC),Lecture,Computing,33,Tuesday,09:00-11:00,1,0,Sunny,0.8711,29
CS22023,Artificial Intelligence,Lecture,Computing,83,Monday,08:30-10:30,0,1,Sunny,0.9894,82
CS22023,Artificial Intelligence,Lecture,Computing,80,Monday,10:30-12:30,1,0,Sunny,0.8755,70
CS3253,Big Data Analytics (BA),Lecture,Computing,45,Thursday,10:30-12:30,0,1,Cloudy,0.9759,44
IT3133,Programming Distributed Components (PDC),Lecture,Computing,90,Thursday,14:30-16:30,0,0,Rainy,0.7603,68
CS22012,Advanced Data Structures & Algorithms,Lecture,Computing,81,Thursday,10:30-12:30,0,0,Cloudy,0.8421,68
IS3102,Organizational Behaviour (OB),Lecture,Computing,35,Thursday,09:00-11:00,0,0,Sunny,0.7783,27
IT3123,Cloud Computing & Virtualization (CC&V),Lecture,Computing,90,Thursday,11:30-14:30,0,0,Cloudy,0.8678,78
DS22012,Categorical Data Analysis (CDA),Lecture,Computing,78,Thursday,08:30-10:30,0,0,Sunny,0.7661,60
SE22013,Software Project Management,Lecture,Computing,51,Friday,09:00-11:00,0,1,Cloudy,0.972,50
IS3073,Management Information Systems (MIS),Lecture,Computing,34,Thursday,08:30-10:30,1,0,Cloudy,0.9162,31
IT3103,Service Oriented Web Programming (SOWP),Lecture,Computing,88,Monday,14:30-16:30,0,0,Sunny,0.7578,67
CS22012,Advanced Data Structures & Algorithms,Lecture,Computing,86,Monday,10:30-12:30,0,0,Rainy,0.7483,64
IS3093,Financial Management Concepts (FMC),Lecture,Computing,33,Friday,14:30-16:30,0,0,Cloudy,0.7521,25
IT3153,Software Quality Assurance (SQA),Lecture,Computing,123,Monday,09:00-11:00,0,0,Cloudy,0.6996,86
CS22993,Group Project in Software Development,Lecture,Computing,85,Tuesday,10:30-12:30,0,0,Sunny,0.8671,74
CS22993,Group Project in Software Development,Lecture,Computing,82,Wednesday,09:00-11:00,0,1,Sunny,0.99,81
SE22013,Software Project Management,Lecture,Computing,60,Monday,08:30-10:30,1,0,Sunny,0.7853,47
IS3073,Management Information Systems (MIS),Lecture,Computing,32,Tuesday,10:30-12:30,1,0,Cloudy,0.9307,30
IT3153,Software Quality Assurance (SQA),Lecture,Computing,122,Tuesday,08:30-10:30,0,0,Sunny,0.7685,94
IT3153,Software Quality Assurance (SQA),Lecture,Computing,128,Wednesday,12:00-13:30,0,0,Sunny,0.8284,106
IT3182,Essentials of Artificial Intelligence (EAI),Lecture,Computing,122,Monday,08:30-10:30,0,0,Sunny,0.6982,85
IS3073,Management Information Systems (MIS),Lecture,Computing,36,Tuesday,09:00-11:00,0,0,Cloudy,0.7645,28
CS22012,Advanced Data Structures & Algorithms,Lecture,Computing,81,Thursday,09:00-11:00,0,0,Sunny,0.7395,60
IT3153,Software Quality Assurance (SQA),Lecture,Computing,124,Monday,08:30-10:30,0,0,Cloudy,0.6719,83
IS3083,E-Commerce (EC),Lecture,Computing,37,Wednesday,09:00-11:00,0,0,Sunny,0.7868,29
IT3182,Essentials of Artificial Intelligence (EAI),Lecture,Computing,124,Wednesday,09:00-11:00,0,0,Sunny,0.7656,95
IT3123,Cloud Computing & Virtualization (CC&V),Lecture,Computing,89,Monday,12:00-13:30,1,1,Rainy,0.9526,85
IS3112,Marketing Management (MM),Lecture,Computing,33,Wednesday,10:30-12:30,0,0,Sunny,0.8416,28
CS3253,Big Data Analytics (BA),Lecture,Computing,43,Tuesday,09:00-11:00,0,1,Cloudy,0.99,43
SE22013,Software Project Management,Lecture,Computing,61,Monday,08:30-10:30,0,0,Rainy,0.6168,38
SE22013,Software Project Management,Lecture,Computing,59,Wednesday,11:30-14:30,0,0,Cloudy,0.8341,49
CS22012,Advanced Data Structures & Algorithms,Lecture,Computing,83,Friday,09:00-11:00,0,0,Sunny,0.6713,56
DS22012,Categorical Data Analysis (CDA),Lecture,Computing,81,Friday,09:00-11:00,0,1,Sunny,0.9691,78
IS3093,Financial Management Concepts (FMC),Lecture,Computing,30,Thursday,09:00-11:00,0,0,Cloudy,0.7323,22
IS3102,Organizational Behaviour (OB),Lecture,Computing,33,Tuesday,11:30-14:30,0,0,Sunny,0.8639,29
IT3153,Software Quality Assurance (SQA),Lecture,Computing,121,Monday,11:30-14:30,0,0,Cloudy,0.7793,94
CS22012,Advanced Data Structures & Algorithms,Lecture,Computing,81,Thursday,08:30-10:30,0,1,Sunny,0.954,77
CS22012,Advanced Data Structures & Algorithms,Lecture,Computing,78,Wednesday,08:30-10:30,0,0,Cloudy,0.7531,59
CS3253,Big Data Analytics (BA),Lecture,Computing,35,Tuesday,08:30-10:30,0,0,Cloudy,0.7563,26
IS3093,Financial Management Concepts (FMC),Lecture,Computing,41,Thursday,08:30-10:30,0,1,Sunny,0.9759,40
CS22012,Advanced Data Structures & Algorithms,Lecture,Computing,78,Wednesday,09:00-11:00,1,0,Rainy,0.8107,63
IS3112,Marketing Management (MM),Lecture,Computing,38,Thursday,11:30-14:30,0,0,Cloudy,0.8868,34
CS22023,Artificial Intelligence,Lecture,Computing,80,Monday,10:30-12:30,0,0,Sunny,0.7968,64
IS3073,Management Information Systems (MIS),Lecture,Computing,38,Thursday,10:30-12:30,0,0,Cloudy,0.8801,33
CS22993,Group Project in Software Development,Lecture,Computing,80,Tuesday,08:30-10:30,0,0,Sunny,0.7427,59
IS3083,E-Commerce (EC),Lecture,Computing,34,Monday,11:30-14:30,0,0,Sunny,0.7904,27
IT3113,Cyber Security (CS),Lecture,Computing,85,Wednesday,09:00-11:00,0,0,Sunny,0.7846,67
SE22013,Software Project Management,Lecture,Computing,59,Thursday,09:00-11:00,0,0,Cloudy,0.7562,45
IT3113,Cyber Security (CS),Lecture,Computing,91,Friday,08:30-10:30,0,0,Sunny,0.6682,61
IT3133,Programming Distributed Components (PDC),Lecture,Computing,94,Monday,09:00-11:00,0,0,Sunny,0.7083,67
CS22012,Advanced Data Structures & Algorithms,Lecture,Computing,87,Tuesday,11:30-14:30,0,0,Rainy,0.8305,72
CS3253,Big Data Analytics (BA),Lecture,Computing,40,Thursday,12:00-13:30,0,0,Cloudy,0.8227,33
IS3093,Financial Management Concepts (FMC),Lecture,Computing,36,Thursday,11:30-14:30,0,0,Sunny,0.8224,30
CS22993,Group Project in Software Development,Lecture,Computing,84,Tuesday,12:00-13:30,0,0,Cloudy,0.8096,68
IT3123,Cloud Computing & Virtualization (CC&V),Lecture,Computing,93,Thursday,09:00-11:00,1,0,Cloudy,0.8407,78
IT3153,Software Quality Assurance (SQA),Lecture,Computing,119,Tuesday,14:30-16:30,0,1,Sunny,0.9507,113
IT3113,Cyber Security (CS),Lecture,Computing,90,Tuesday,08:30-10:30,0,1,Sunny,0.9604,86
CS3253,Big Data Analytics (BA),Lecture,Computing,43,Tuesday,11:30-14:30,1,0,Sunny,0.93,40
CS22023,Artificial Intelligence,Lecture,Computing,78,Tuesday,12:00-13:30,0,0,Sunny,0.8237,64
IT3103,Service Oriented Web Programming (SOWP),Lecture,Computing,88,Wednesday,10:30-12:30,0,0,Sunny,0.85,75
CS22023,Artificial Intelligence,Lecture,Computing,79,Tuesday,11:30-14:30,0,0,Rainy,0.8132,64
IS3093,Financial Management Concepts (FMC),Lecture,Computing,41,Wednesday,14:30-16:30,0,0,Sunny,0.8205,34
IT3153,Software Quality Assurance (SQA),Lecture,Computing,123,Monday,09:00-11:00,0,0,Sunny,0.7081,87
IT3113,Cyber Security (CS),Lecture,Computing,89,Wednesday,12:00-13:30,0,0,Cloudy,0.8496,76
IT3133,Programming Distributed Components (PDC),Lecture,Computing,88,Wednesday,11:30-14:30,0,0,Rainy,0.8059,71
IS3093,Financial Management Concepts (FMC),Lecture,Computing,36,Monday,09:00-11:00,0,0,Sunny,0.6991,25
CS22012,Advanced Data Structures & Algorithms,Lecture,Computing,83,Friday,08:30-10:30,0,0,Sunny,0.7035,58
IS3083,E-Commerce (EC),Lecture,Computing,38,Monday,14:30-16:30,0,0,Cloudy,0.7253,28
IS3102,Organizational Behaviour (OB),Lecture,Computing,34,Friday,14:30-16:30,0,0,Sunny,0.7753,26
IT3103,Service Oriented Web Programming (SOWP),Lecture,Computing,89,Monday,12:00-13:30,0,0,Sunny,0.7522,67
IS3112,Marketing Management (MM),Lecture,Computing,36,Thursday,09:00-11:00,0,0,Sunny,0.7511,27
IS3073,Management Information Systems (MIS),Lecture,Computing,37,Monday,10:30-12:30,0,0,Cloudy,0.7871,29
CS22023,Artificial Intelligence,Lecture,Computing,85,Friday,08:30-10:30,0,0,Sunny,0.663,56
SE22013,Software Project Management,Lecture,Computing,59,Tuesday,12:00-13:30,0,0,Cloudy,0.8565,51
IS3083,E-Commerce (EC),Lecture,Computing,35,Monday,11:30-14:30,0,0,Sunny,0.7715,27
CS3253,Big Data Analytics (BA),Lecture,Computing,41,Tuesday,10:30-12:30,0,0,Cloudy,0.871,36
IT3133,Programming Distributed Components (PDC),Lecture,Computing,89,Thursday,09:00-11:00,0,0,Sunny,0.7437,66
IS3073,Management Information Systems (MIS),Lecture,Computing,33,Friday,09:00-11:00,0,1,Sunny,0.99,33
IT3153,Software Quality Assurance (SQA),Lecture,Computing,129,Tuesday,14:30-16:30,0,0,Sunny,0.8431,109
DS22012,Categorical Data Analysis (CDA),Lecture,Computing,80,Friday,10:30-12:30,0,0,Sunny,0.7861,63
CS22012,Advanced Data Structures & Algorithms,Lecture,Computing,81,Monday,10:30-12:30,0,0,Sunny,0.7848,64
DS22012,Categorical Data Analysis (CDA),Lecture,Computing,81,Wednesday,09:00-11:00,0,0,Cloudy,0.7635,62
SE22013,Software Project Management,Lecture,Computing,57,Wednesday,10:30-12:30,0,0,Rainy,0.769,44
IS3102,Organizational Behaviour (OB),Lecture,Computing,32,Monday,09:00-11:00,0,0,Sunny,0.7047,23
SE22013,Software Project Management,Lecture,Computing,64,Monday,12:00-13:30,1,0,Cloudy,0.8362,54
CS3253,Big Data Analytics (BA),Lecture,Computing,38,Wednesday,12:00-13:30,0,0,Rainy,0.7718,29
IS3073,Management Information Systems (MIS),Lecture,Computing,36,Friday,11:30-14:30,0,0,Rainy,0.7374,27
SE22013,Software Project Management,Lecture,Computing,53,Friday,08:30-10:30,1,0,Sunny,0.769,41
IS3112,Marketing Management (MM),Lecture,Computing,33,Friday,09:00-11:00,0,0,Sunny,0.7114,23
IS3112,Marketing Management (MM),Lecture,Computing,33,Friday,14:30-16:30,0,0,Sunny,0.7474,25
CS22023,Artificial Intelligence,Lecture,Computing,82,Thursday,12:00-13:30,0,0,Cloudy,0.8473,69
IS3112,Marketing Management (MM),Lecture,Computing,34,Monday,09:00-11:00,0,1,Rainy,0.9469,32
IT3103,Service Oriented Web Programming (SOWP),Lecture,Computing,84,Monday,08:30-10:30,0,0,Sunny,0.6888,58
IT3153,Software Quality Assurance (SQA),Lecture,Computing,124,Monday,12:00-13:30,1,0,Cloudy,0.8377,104
IT3103,Service Oriented Web Programming (SOWP),Lecture,Computing,87,Friday,12:00-13:30,1,0,Sunny,0.8638,75
IT3162,GIS and Remote Sensing (GIS&RS),Lecture,Computing,123,Wednesday,08:30-10:30,0,0,Sunny,0.7522,93
SE22013,Software Project Management,Lecture,Computing,56,Tuesday,12:00-13:30,0,0,Cloudy,0.8113,45
CS3253,Big Data Analytics (BA),Lecture,Computing,35,Monday,12:00-13:30,0,1,Sunny,0.9811,34
IT3162,GIS and Remote Sensing (GIS&RS),Lecture,Computing,121,Tuesday,11:30-14:30,0,0,Cloudy,0.8884,107
IT3162,GIS and Remote Sensing (GIS&RS),Lecture,Computing,127,Tuesday,08:30-10:30,1,1,Sunny,0.9668,123
CS22012,Advanced Data Structures & Algorithms,Lecture,Computing,86,Wednesday,10:30-12:30,0,0,Sunny,0.859,74
IT3182,Essentials of Artificial Intelligence (EAI),Lecture,Computing,123,Monday,08:30-10:30,0,0,Cloudy,0.731,90
SE22013,Software Project Management,Lecture,Computing,60,Tuesday,09:00-11:00,1,1,Sunny,0.9489,57
SE22013,Software Project Management,Lecture,Computing,60,Monday,10:30-12:30,0,0,Cloudy,0.7852,47
IT3182,Essentials of Artificial Intelligence (EAI),Lecture,Computing,126,Friday,08:30-10:30,0,0,Sunny,0.6866,87
CS22012,Advanced Data Structures & Algorithms,Lecture,Computing,79,Monday,11:30-14:30,0,0,Sunny,0.8049,64
IT3133,Programming Distributed Components (PDC),Lecture,Computing,94,Thursday,12:00-13:30,0,0,Sunny,0.8489,80
IT3123,Cloud Computing & Virtualization (CC&V),Lecture,Computing,85,Wednesday,09:00-11:00,0,0,Sunny,0.7933,67
CS22023,Artificial Intelligence,Lecture,Computing,80,Tuesday,11:30-14:30,0,0,Sunny,0.8319,67
CS22023,Artificial Intelligence,Lecture,Computing,78,Friday,09:00-11:00,0,0,Sunny,0.7022,55
IT3153,Software Quality Assurance (SQA),Lecture,Computing,119,Tuesday,12:00-13:30,0,0,Sunny,0.8467,101
IT3153,Software Quality Assurance (SQA),Lecture,Computing,123,Thursday,09:00-11:00,0,0,Sunny,0.7707,95
IT3133,Programming Distributed Components (PDC),Lecture,Computing,86,Tuesday,10:30-12:30,0,0,Sunny,0.8383,72
IS3083,E-Commerce (EC),Lecture,Computing,31,Friday,09:00-11:00,0,0,Sunny,0.6948,22
IT3103,Service Oriented Web Programming (SOWP),Lecture,Computing,83,Wednesday,12:00-13:30,0,0,Sunny,0.8476,70
IS3093,Financial Management Concepts (FMC),Lecture,Computing,37,Thursday,08:30-10:30,0,1,Rainy,0.9538,35
CS22993,Group Project in Software Development,Lecture,Computing,80,Friday,08:30-10:30,1,0,Rainy,0.7302,58
IS3083,E-Commerce (EC),Lecture,Computing,31,Tuesday,08:30-10:30,0,0,Rainy,0.7172,22
IT3182,Essentials of Artificial Intelligence (EAI),Lecture,Computing,121,Wednesday,08:30-10:30,0,0,Sunny,0.7488,91
IT3153,Software Quality Assurance (SQA),Lecture,Computing,124,Friday,08:30-10:30,0,1,Cloudy,0.952,118
IS3112,Marketing Management (MM),Lecture,Computing,35,Thursday,09:00-11:00,0,1,Cloudy,0.9832,34
SE22013,Software Project Management,Lecture,Computing,57,Friday,11:30-14:30,0,0,Sunny,0.7863,45
IS3112,Marketing Management (MM),Lecture,Computing,35,Friday,10:30-12:30,0,0,Rainy,0.7474,26
IS3073,Management Information Systems (MIS),Lecture,Computing,32,Monday,14:30-16:30,1,0,Cloudy,0.8489,27
CS22012,Advanced Data Structures & Algorithms,Lecture,Computing,80,Tuesday,10:30-12:30,0,1,Cloudy,0.9567,77
IS3073,Management Information Systems (MIS),Lecture,Computing,36,Wednesday,10:30-12:30,0,0,Cloudy,0.8837,32
IS3093,Financial Management Concepts (FMC),Lecture,Computing,30,Friday,08:30-10:30,0,1,Cloudy,0.99,30
IS3112,Marketing Management (MM),Lecture,Computing,35,Friday,12:00-13:30,0,1,Cloudy,0.968,34
CS3253,Big Data Analytics (BA),Lecture,Computing,38,Wednesday,08:30-10:30,1,0,Cloudy,0.8514,32
CS22993,Group Project in Software Development,Lecture,Computing,80,Tuesday,08:30-10:30,0,0,Rainy,0.7354,59
SE22013,Software Project Management,Lecture,Computing,53,Monday,14:30-16:30,0,0,Sunny,0.7515,40
IS3083,E-Commerce (EC),Lecture,Computing,31,Thursday,12:00-13:30,0,0,Cloudy,0.7907,25
SE22013,Software Project Management,Lecture,Computing,56,Tuesday,08:30-10:30,0,1,Cloudy,0.9489,53
IS3093,Financial Management Concepts (FMC),Lecture,Computing,30,Monday,11:30-14:30,0,0,Rainy,0.7197,22
CS3253,Big Data Analytics (BA),Lecture,Computing,40,Thursday,08:30-10:30,0,0,Sunny,0.7461,30
IT3162,GIS and Remote Sensing (GIS&RS),Lecture,Computing,124,Thursday,12:00-13:30,0,0,Sunny,0.8445,105
IT3153,Software Quality Assurance (SQA),Lecture,Computing,126,Thursday,09:00-11:00,0,0,Sunny,0.7545,95
CS22993,Group Project in Software Development,Lecture,Computing,88,Friday,10:30-12:30,0,0,Cloudy,0.7901,70
CS22012,Advanced Data Structures & Algorithms,Lecture,Computing,79,Tuesday,12:00-13:30,1,1,Sunny,0.9337,74
CS3253,Big Data Analytics (BA),Lecture,Computing,45,Friday,10:30-12:30,0,0,Sunny,0.7855,35
CS22012,Advanced Data Structures & Algorithms,Lecture,Computing,81,Tuesday,14:30-16:30,0,1,Rainy,0.9654,78
IT3133,Programming Distributed Components (PDC),Lecture,Computing,90,Friday,09:00-11:00,0,0,Sunny,0.6983,63
IT3103,Service Oriented Web Programming (SOWP),Lecture,Computing,90,Monday,08:30-10:30,0,1,Sunny,0.9536,86
IT3133,Programming Distributed Components (PDC),Lecture,Computing,87,Monday,12:00-13:30,0,0,Sunny,0.7618,66
IT3103,Service Oriented Web Programming (SOWP),Lecture,Computing,92,Wednesday,14:30-16:30,0,0,Sunny,0.8032,74
IS3083,E-Commerce (EC),Lecture,Computing,24,Tuesday,09:00-11:00,0,0,Sunny,0.7941,19
IT3113,Cyber Security (CS),Lecture,Computing,87,Friday,10:30-12:30,1,1,Sunny,0.99,86
CS3253,Big Data Analytics (BA),Lecture,Computing,38,Tuesday,12:00-13:30,1,0,Sunny,0.903,34
IT3182,Essentials of Artificial Intelligence (EAI),Lecture,Computing,129,Friday,10:30-12:30,0,0,Sunny,0.8384,108
IT3113,Cyber Security (CS),Lecture,Computing,90,Thursday,12:00-13:30,0,0,Sunny,0.8059,73
IT3143,Independent Study (IS),Lecture,Computing,120,Tuesday,12:00-13:30,0,0,Sunny,0.8167,98
CS3253,Big Data Analytics (BA),Lecture,Computing,41,Monday,10:30-12:30,0,0,Cloudy,0.8093,33
CS22012,Advanced Data Structures & Algorithms,Lecture,Computing,84,Wednesday,10:30-12:30,0,0,Sunny,0.8601,72
IS3083,E-Commerce (EC),Lecture,Computing,36,Tuesday,10:30-12:30,0,0,Sunny,0.8558,31
IS3083,E-Commerce (EC),Lecture,Computing,34,Wednesday,11:30-14:30,0,0,Sunny,0.8775,30
IT3182,Essentials of Artificial Intelligence (EAI),Lecture,Computing,125,Tuesday,12:00-13:30,0,0,Sunny,0.8266,103
CS22012,Advanced Data Structures & Algorithms,Lecture,Computing,84,Tuesday,08:30-10:30,0,0,Sunny,0.7411,62
CS22993,Group Project in Software Development,Lecture,Computing,79,Tuesday,10:30-12:30,0,0,Sunny,0.881,70
IS3093,Financial Management Concepts (FMC),Lecture,Computing,30,Tuesday,08:30-10:30,0,0,Cloudy,0.7503,23
IT3113,Cyber Security (CS),Lecture,Computing,98,Thursday,08:30-10:30,0,0,Sunny,0.7384,72
IS3112,Marketing Management (MM),Lecture,Computing,40,Wednesday,09:00-11:00,0,1,Sunny,0.9624,38
IS3083,E-Commerce (EC),Lecture,Computing,35,Friday,08:30-10:30,0,0,Sunny,0.6457,23
CS3253,Big Data Analytics (BA),Lecture,Computing,37,Thursday,10:30-12:30,1,0,Sunny,0.9893,37
CS3253,Big Data Analytics (BA),Lecture,Computing,26,Thursday,10:30-12:30,0,0,Rainy,0.7998,21
IT3153,Software Quality Assurance (SQA),Lecture,Computing,124,Friday,10:30-12:30,0,0,Sunny,0.8305,103
IT3153,Software Quality Assurance (SQA),Lecture,Computing,123,Friday,12:00-13:30,0,0,Cloudy,0.7242,89
IT3113,Cyber Security (CS),Lecture,Computing,90,Thursday,09:00-11:00,0,0,Sunny,0.7846,71
CS22993,Group Project in Software Development,Lecture,Computing,79,Tuesday,11:30-14:30,1,0,Cloudy,0.9371,74
IS3083,E-Commerce (EC),Lecture,Computing,30,Wednesday,08:30-10:30,0,0,Sunny,0.734,22
IT3123,Cloud Computing & Virtualization (CC&V),Lecture,Computing,85,Friday,12:00-13:30,1,0,Sunny,0.842,72
IT3182,Essentials of Artificial Intelligence (EAI),Lecture,Computing,122,Friday,10:30-12:30,0,0,Cloudy,0.7763,95
IS3083,E-Commerce (EC),Lecture,Computing,31,Monday,10:30-12:30,0,1,Cloudy,0.9765,30
IS3083,E-Commerce (EC),Lecture,Computing,34,Tuesday,11:30-14:30,0,1,Cloudy,0.9657,33
CS3253,Big Data Analytics (BA),Lecture,Computing,43,Thursday,10:30-12:30,1,1,Rainy,0.9502,41
IT3133,Programming Distributed Components (PDC),Lecture,Computing,87,Wednesday,11:30-14:30,0,0,Cloudy,0.9053,79
CS3253,Big Data Analytics (BA),Lecture,Computing,40,Monday,08:30-10:30,1,0,Sunny,0.7571,30
IS3073,Management Information Systems (MIS),Lecture,Computing,34,Thursday,14:30-16:30,1,0,Cloudy,0.914,31
IS3073,Management Information Systems (MIS),Lecture,Computing,37,Thursday,10:30-12:30,1,0,Cloudy,0.9361,35
CS3253,Big Data Analytics (BA),Lecture,Computing,39,Wednesday,10:30-12:30,1,0,Sunny,0.9542,37
CS22993,Group Project in Software Development,Lecture,Computing,84,Wednesday,08:30-10:30,0,0,Cloudy,0.7773,65
IT3182,Essentials of Artificial Intelligence (EAI),Lecture,Computing,130,Friday,14:30-16:30,1,0,Cloudy,0.8417,109
IT3143,Independent Study (IS),Lecture,Computing,117,Wednesday,11:30-14:30,0,1,Sunny,0.9423,110
IS3083,E-Commerce (EC),Lecture,Computing,36,Wednesday,08:30-10:30,0,0,Rainy,0.7349,26
CS22993,Group Project in Software Development,Lecture,Computing,76,Wednesday,08:30-10:30,0,0,Sunny,0.7834,60
DS22012,Categorical Data Analysis (CDA),Lecture,Computing,82,Thursday,08:30-10:30,0,0,Sunny,0.7789,64
CS3253,Big Data Analytics (BA),Lecture,Computing,37,Thursday,09:00-11:00,1,1,Sunny,0.9742,36
CS22993,Group Project in Software Development,Lecture,Computing,80,Friday,09:00-11:00,0,0,Sunny,0.6902,55
IT3162,GIS and Remote Sensing (GIS&RS),Lecture,Computing,129,Wednesday,11:30-14:30,0,0,Sunny,0.8738,113
IT3182,Essentials of Artificial Intelligence (EAI),Lecture,Computing,125,Monday,12:00-13:30,0,0,Cloudy,0.7321,92
CS3253,Big Data Analytics (BA),Lecture,Computing,43,Monday,08:30-10:30,0,0,Cloudy,0.6818,29
CS22023,Artificial Intelligence,Lecture,Computing,79,Thursday,12:00-13:30,0,0,Sunny,0.8621,68
CS22012,Advanced Data Structures & Algorithms,Lecture,Computing,81,Friday,14:30-16:30,0,0,Sunny,0.7335,59
IT3162,GIS and Remote Sensing (GIS&RS),Lecture,Computing,126,Tuesday,12:00-13:30,0,0,Sunny,0.8554,108
IT3143,Independent Study (IS),Lecture,Computing,120,Wednesday,10:30-12:30,0,0,Sunny,0.8757,105
IT3162,GIS and Remote Sensing (GIS&RS),Lecture,Computing,119,Wednesday,08:30-10:30,1,0,Sunny,0.8537,102
IS3112,Marketing Management (MM),Lecture,Computing,36,Thursday,08:30-10:30,0,1,Sunny,0.9515,34
IT3153,Software Quality Assurance (SQA),Lecture,Computing,116,Tuesday,10:30-12:30,0,0,Sunny,0.826,96
IT3153,Software Quality Assurance (SQA),Lecture,Computing,123,Friday,08:30-10:30,0,0,Rainy,0.6367,78
IT3133,Programming Distributed Components (PDC),Lecture,Computing,87,Wednesday,11:30-14:30,0,0,Cloudy,0.852,74
IS3112,Marketing Management (MM),Lecture,Computing,32,Tuesday,09:00-11:00,1,0,Cloudy,0.8619,28
DS22012,Categorical Data Analysis (CDA),Lecture,Computing,84,Wednesday,11:30-14:30,0,1,Cloudy,0.9876,83
IS3093,Financial Management Concepts (FMC),Lecture,Computing,35,Tuesday,08:30-10:30,0,0,Rainy,0.7106,25
IT3113,Cyber Security (CS),Lecture,Computing,89,Wednesday,12:00-13:30,0,0,Rainy,0.7882,70
IT3153,Software Quality Assurance (SQA),Lecture,Computing,126,Tuesday,12:00-13:30,0,0,Sunny,0.8474,107
IS3112,Marketing Management (MM),Lecture,Computing,38,Tuesday,11:30-14:30,0,0,Sunny,0.8716,33
IT3123,Cloud Computing & Virtualization (CC&V),Lecture,Computing,82,Tuesday,10:30-12:30,1,1,Sunny,0.9417,77
IT3123,Cloud Computing & Virtualization (CC&V),Lecture,Computing,85,Friday,11:30-14:30,0,0,Cloudy,0.8037,68
IS3073,Management Information Systems (MIS),Lecture,Computing,38,Tuesday,10:30-12:30,0,0,Sunny,0.832,32
CS22993,Group Project in Software Development,Lecture,Computing,80,Tuesday,08:30-10:30,0,0,Sunny,0.7537,60
IS3102,Organizational Behaviour (OB),Lecture,Computing,36,Monday,08:30-10:30,0,0,Cloudy,0.6614,24
IT3113,Cyber Security (CS),Lecture,Computing,85,Monday,09:00-11:00,1,0,Cloudy,0.7744,66
IS3093,Financial Management Concepts (FMC),Lecture,Computing,39,Wednesday,12:00-13:30,0,1,Cloudy,0.9702,38
CS22012,Advanced Data Structures & Algorithms,Lecture,Computing,85,Friday,11:30-14:30,0,0,Sunny,0.7914,67
IT3153,Software Quality Assurance (SQA),Lecture,Computing,124,Friday,09:00-11:00,1,0,Cloudy,0.7978,99
IS3073,Management Information Systems (MIS),Lecture,Computing,29,Tuesday,14:30-16:30,0,0,Sunny,0.8453,25
CS3253,Big Data Analytics (BA),Lecture,Computing,36,Thursday,08:30-10:30,0,0,Sunny,0.7261,26
CS3253,Big Data Analytics (BA),Lecture,Computing,44,Monday,09:00-11:00,0,0,Sunny,0.7052,31
IT3103,Service Oriented Web Programming (SOWP),Lecture,Computing,90,Wednesday,10:30-12:30,0,0,Sunny,0.8873,80
CS22023,Artificial Intelligence,Lecture,Computing,82,Friday,14:30-16:30,0,0,Sunny,0.7346,60
IT3182,Essentials of Artificial Intelligence (EAI),Lecture,Computing,126,Monday,10:30-12:30,0,0,Sunny,0.7953,100
SE22013,Software Project Management,Lecture,Computing,56,Friday,10:30-12:30,1,1,Sunny,0.9744,55
IS3102,Organizational Behaviour (OB),Lecture,Computing,39,Thursday,10:30-12:30,0,0,Sunny,0.8712,34
IT3182,Essentials of Artificial Intelligence (EAI),Lecture,Computing,124,Monday,08:30-10:30,0,0,Cloudy,0.676,84
DS22012,Categorical Data Analysis (CDA),Lecture,Computing,80,Wednesday,12:00-13:30,0,0,Cloudy,0.8062,64
IS3102,Organizational Behaviour (OB),Lecture,Computing,36,Monday,12:00-13:30,0,1,Sunny,0.9776,35
SE22013,Software Project Management,Lecture,Computing,56,Thursday,10:30-12:30,0,0,Cloudy,0.869,49
SE22013,Software Project Management,Lecture,Computing,59,Wednesday,14:30-16:30,0,0,Cloudy,0.8348,49
SE22013,Software Project Management,Lecture,Computing,54,Thursday,12:00-13:30,1,0,Sunny,0.9288,50
IS3073,Management Information Systems (MIS),Lecture,Computing,37,Thursday,09:00-11:00,0,0,Cloudy,0.757,28
IT3182,Essentials of Artificial Intelligence (EAI),Lecture,Computing,124,Thursday,11:30-14:30,0,0,Rainy,0.8255,102
CS22012,Advanced Data Structures & Algorithms,Lecture,Computing,79,Wednesday,08:30-10:30,0,0,Sunny,0.7721,61
CS22012,Advanced Data Structures & Algorithms,Lecture,Computing,85,Friday,14:30-16:30,1,0,Cloudy,0.8613,73
IT3143,Independent Study (IS),Lecture,Computing,127,Friday,08:30-10:30,0,0,Sunny,0.7317,93
IT3103,Service Oriented Web Programming (SOWP),Lecture,Computing,88,Tuesday,10:30-12:30,1,0,Sunny,0.9337,82
IS3112,Marketing Management (MM),Lecture,Computing,40,Wednesday,10:30-12:30,0,0,Sunny,0.8635,35
SE22013,Software Project Management,Lecture,Computing,59,Wednesday,10:30-12:30,0,0,Rainy,0.8391,50
IT3162,GIS and Remote Sensing (GIS&RS),Lecture,Computing,125,Monday,10:30-12:30,1,1,Cloudy,0.9683,121
IS3102,Organizational Behaviour (OB),Lecture,Computing,33,Thursday,08:30-10:30,1,0,Sunny,0.8803,29
SE22013,Software Project Management,Lecture,Computing,54,Thursday,10:30-12:30,0,0,Sunny,0.8731,47
SE22013,Software Project Management,Lecture,Computing,61,Friday,12:00-13:30,0,0,Sunny,0.7484,46
IT3133,Programming Distributed Components (PDC),Lecture,Computing,84,Thursday,12:00-13:30,1,0,Sunny,0.9396,79
IT3133,Programming Distributed Components (PDC),Lecture,Computing,85,Monday,11:30-14:30,0,0,Sunny,0.7911,67
IS3102,Organizational Behaviour (OB),Lecture,Computing,33,Wednesday,10:30-12:30,1,0,Sunny,0.9641,32
IS3102,Organizational Behaviour (OB),Lecture,Computing,38,Monday,10:30-12:30,0,0,Sunny,0.781,30
IT3113,Cyber Security (CS),Lecture,Computing,90,Thursday,08:30-10:30,0,0,Cloudy,0.7986,72
IT3143,Independent Study (IS),Lecture,Computing,119,Friday,08:30-10:30,0,0,Cloudy,0.65,77
IS3073,Management Information Systems (MIS),Lecture,Computing,33,Monday,08:30-10:30,0,0,Cloudy,0.6864,23
IS3093,Financial Management Concepts (FMC),Lecture,Computing,35,Thursday,12:00-13:30,0,0,Sunny,0.819,29
IS3073,Management Information Systems (MIS),Lecture,Computing,34,Friday,09:00-11:00,0,0,Sunny,0.6999,24
IT3133,Programming Distributed Components (PDC),Lecture,Computing,89,Monday,10:30-12:30,0,0,Sunny,0.794,71
IS3083,E-Commerce (EC),Lecture,Computing,34,Friday,11:30-14:30,1,0,Sunny,0.901,31
IT3103,Service Oriented Web Programming (SOWP),Lecture,Computing,88,Tuesday,08:30-10:30,0,0,Cloudy,0.7667,67
IS3083,E-Commerce (EC),Lecture,Computing,35,Monday,10:30-12:30,0,0,Rainy,0.7577,27
IT3153,Software Quality Assurance (SQA),Lecture,Computing,120,Tuesday,09:00-11:00,0,0,Cloudy,0.7531,90
DS22012,Categorical Data Analysis (CDA),Lecture,Computing,79,Thursday,09:00-11:00,0,0,Sunny,0.762,60
IS3073,Management Information Systems (MIS),Lecture,Computing,33,Wednesday,08:30-10:30,0,0,Sunny,0.7734,26
IS3093,Financial Management Concepts (FMC),Lecture,Computing,33,Tuesday,14:30-16:30,0,0,Rainy,0.785,26
IT3123,Cloud Computing & Virtualization (CC&V),Lecture,Computing,92,Thursday,10:30-12:30,0,0,Sunny,0.8505,78
IT3133,Programming Distributed Components (PDC),Lecture,Computing,86,Friday,09:00-11:00,0,0,Sunny,0.7175,62
IS3112,Marketing Management (MM),Lecture,Computing,31,Tuesday,11:30-14:30,0,0,Sunny,0.8778,27
IT3162,GIS and Remote Sensing (GIS&RS),Lecture,Computing,120,Monday,11:30-14:30,0,0,Cloudy,0.7882,95
SE22013,Software Project Management,Lecture,Computing,56,Monday,14:30-16:30,1,0,Sunny,0.8769,49
CS22012,Advanced Data Structures & Algorithms,Lecture,Computing,77,Tuesday,12:00-13:30,1,1,Sunny,0.9825,76
IS3083,E-Commerce (EC),Lecture,Computing,36,Wednesday,09:00-11:00,0,0,Sunny,0.7504,27
CS22012,Advanced Data Structures & Algorithms,Lecture,Computing,82,Tuesday,10:30-12:30,0,0,Sunny,0.8469,69
IT3162,GIS and Remote Sensing (GIS&RS),Lecture,Computing,123,Tuesday,08:30-10:30,0,1,Rainy,0.99,122
IT3133,Programming Distributed Components (PDC),Lecture,Computing,84,Tuesday,14:30-16:30,0,0,Sunny,0.8054,68
IS3112,Marketing Management (MM),Lecture,Computing,32,Wednesday,10:30-12:30,1,0,Sunny,0.9496,30
IT3103,Service Oriented Web Programming (SOWP),Lecture,Computing,87,Monday,12:00-13:30,0,0,Sunny,0.7273,63
IS3102,Organizational Behaviour (OB),Lecture,Computing,33,Wednesday,11:30-14:30,0,0,Sunny,0.8468,28
CS22012,Advanced Data Structures & Algorithms,Lecture,Computing,81,Friday,09:00-11:00,0,0,Sunny,0.6903,56
IS3083,E-Commerce (EC),Lecture,Computing,32,Tuesday,08:30-10:30,0,0,Sunny,0.7487,24
SE22013,Software Project Management,Lecture,Computing,53,Tuesday,09:00-11:00,0,0,Rainy,0.6755,36
IS3102,Organizational Behaviour (OB),Lecture,Computing,33,Monday,11:30-14:30,0,0,Sunny,0.761,25
IT3162,GIS and Remote Sensing (GIS&RS),Lecture,Computing,128,Wednesday,09:00-11:00,0,0,Sunny,0.7646,98
IT3182,Essentials of Artificial Intelligence (EAI),Lecture,Computing,124,Friday,11:30-14:30,0,0,Sunny,0.7751,96
IT3153,Software Quality Assurance (SQA),Lecture,Computing,124,Thursday,14:30-16:30,0,0,Cloudy,0.8094,100
IT3103,Service Oriented Web Programming (SOWP),Lecture,Computing,89,Friday,08:30-10:30,0,0,Sunny,0.673,60
IT3162,GIS and Remote Sensing (GIS&RS),Lecture,Computing,122,Wednesday,12:00-13:30,0,0,Sunny,0.8149,99
IT3133,Programming Distributed Components (PDC),Lecture,Computing,88,Tuesday,09:00-11:00,0,0,Rainy,0.7335,65
IS3102,Organizational Behaviour (OB),Lecture,Computing,35,Wednesday,11:30-14:30,0,0,Cloudy,0.9065,32
IT3123,Cloud Computing & Virtualization (CC&V),Lecture,Computing,86,Wednesday,08:30-10:30,0,0,Sunny,0.7831,67
CS22993,Group Project in Software Development,Lecture,Computing,80,Tuesday,09:00-11:00,0,0,Sunny,0.7581,61
IT3123,Cloud Computing & Virtualization (CC&V),Lecture,Computing,92,Friday,14:30-16:30,1,1,Rainy,0.9528,88
IS3073,Management Information Systems (MIS),Lecture,Computing,36,Wednesday,09:00-11:00,0,0,Cloudy,0.7464,27
IT3143,Independent Study (IS),Lecture,Computing,124,Tuesday,10:30-12:30,0,0,Cloudy,0.8506,105
CS22023,Artificial Intelligence,Lecture,Computing,84,Tuesday,09:00-11:00,0,0,Rainy,0.7133,60
IT3153,Software Quality Assurance (SQA),Lecture,Computing,122,Thursday,10:30-12:30,0,0,Sunny,0.8568,105
IS3102,Organizational Behaviour (OB),Lecture,Computing,37,Wednesday,09:00-11:00,0,0,Rainy,0.6936,26
IT3182,Essentials of Artificial Intelligence (EAI),Lecture,Computing,127,Wednesday,09:00-11:00,0,0,Cloudy,0.7652,97
IT3162,GIS and Remote Sensing (GIS&RS),Lecture,Computing,124,Monday,09:00-11:00,0,0,Sunny,0.6669,83
IT3182,Essentials of Artificial Intelligence (EAI),Lecture,Computing,124,Thursday,09:00-11:00,0,0,Cloudy,0.7555,94
CS22012,Advanced Data Structures & Algorithms,Lecture,Computing,80,Wednesday,10:30-12:30,0,0,Cloudy,0.8819,71
IS3083,E-Commerce (EC),Lecture,Computing,36,Tuesday,10:30-12:30,0,0,Sunny,0.8458,30
IT3153,Software Quality Assurance (SQA),Lecture,Computing,125,Monday,09:00-11:00,0,0,Cloudy,0.6903,86
IS3112,Marketing Management (MM),Lecture,Computing,35,Friday,11:30-14:30,0,0,Sunny,0.77,27
IT3143,Independent Study (IS),Lecture,Computing,126,Friday,08:30-10:30,0,1,Sunny,0.9749,123
IT3143,Independent Study (IS),Lecture,Computing,123,Friday,08:30-10:30,0,0,Sunny,0.6934,85
IT3113,Cyber Security (CS),Lecture,Computing,90,Tuesday,12:00-13:30,0,0,Sunny,0.8518,77
IT3113,Cyber Security (CS),Lecture,Computing,86,Tuesday,09:00-11:00,1,0,Sunny,0.8329,72
IT3182,Essentials of Artificial Intelligence (EAI),Lecture,Computing,125,Friday,14:30-16:30,0,0,Cloudy,0.7223,90
CS22993,Group Project in Software Development,Lecture,Computing,83,Tuesday,10:30-12:30,0,0,Rainy,0.8502,71
IS3083,E-Commerce (EC),Lecture,Computing,35,Tuesday,14:30-16:30,0,1,Sunny,0.9734,34
IT3162,GIS and Remote Sensing (GIS&RS),Lecture,Computing,123,Monday,14:30-16:30,0,0,Rainy,0.7314,90
IT3103,Service Oriented Web Programming (SOWP),Lecture,Computing,92,Tuesday,12:00-13:30,0,0,Sunny,0.8239,76
IT3113,Cyber Security (CS),Lecture,Computing,90,Friday,10:30-12:30,0,0,Sunny,0.7864,71
IS3112,Marketing Management (MM),Lecture,Computing,29,Wednesday,10:30-12:30,1,0,Sunny,0.9547,28
CS3253,Big Data Analytics (BA),Lecture,Computing,42,Tuesday,10:30-12:30,1,0,Cloudy,0.9788,41
IT3113,Cyber Security (CS),Lecture,Computing,89,Friday,09:00-11:00,0,0,Sunny,0.6696,60
IT3103,Service Oriented Web Programming (SOWP),Lecture,Computing,87,Monday,10:30-12:30,0,0,Sunny,0.8057,70
IT3123,Cloud Computing & Virtualization (CC&V),Lecture,Computing,84,Thursday,11:30-14:30,0,0,Sunny,0.8598,72
IT3143,Independent Study (IS),Lecture,Computing,125,Thursday,12:00-13:30,0,0,Sunny,0.8178,102
CS22012,Advanced Data Structures & Algorithms,Lecture,Computing,80,Tuesday,11:30-14:30,0,0,Rainy,0.7729,62
IT3113,Cyber Security (CS),Lecture,Computing,89,Thursday,09:00-11:00,0,0,Sunny,0.7643,68
IT3113,Cyber Security (CS),Lecture,Computing,89,Wednesday,08:30-10:30,0,0,Cloudy,0.7737,69
CS22993,Group Project in Software Development,Lecture,Computing,79,Friday,11:30-14:30,0,1,Sunny,0.9609,76
IT3113,Cyber Security (CS),Lecture,Computing,86,Friday,14:30-16:30,0,0,Sunny,0.738,63
IS3112,Marketing Management (MM),Lecture,Computing,28,Tuesday,10:30-12:30,0,0,Cloudy,0.8656,24
IT3162,GIS and Remote Sensing (GIS&RS),Lecture,Computing,120,Friday,09:00-11:00,0,0,Sunny,0.6858,82
IS3112,Marketing Management (MM),Lecture,Computing,46,Tuesday,10:30-12:30,0,0,Rainy,0.8128,37
IS3073,Management Information Systems (MIS),Lecture,Computing,37,Monday,08:30-10:30,0,0,Cloudy,0.6744,25
IT3123,Cloud Computing & Virtualization (CC&V),Lecture,Computing,87,Tuesday,08:30-10:30,0,0,Sunny,0.7528,65
IS3093,Financial Management Concepts (FMC),Lecture,Computing,39,Wednesday,10:30-12:30,0,0,Cloudy,0.8681,34
CS22993,Group Project in Software Development,Lecture,Computing,79,Friday,12:00-13:30,1,0,Sunny,0.8526,67
IS3093,Financial Management Concepts (FMC),Lecture,Computing,33,Thursday,10:30-12:30,1,0,Rainy,0.8858,29
IT3113,Cyber Security (CS),Lecture,Computing,88,Monday,09:00-11:00,0,0,Rainy,0.6071,53
IS3112,Marketing Management (MM),Lecture,Computing,36,Thursday,10:30-12:30,0,0,Sunny,0.8299,30
IS3073,Management Information Systems (MIS),Lecture,Computing,33,Wednesday,12:00-13:30,0,1,Cloudy,0.972,32
IS3073,Management Information Systems (MIS),Lecture,Computing,32,Tuesday,10:30-12:30,1,0,Sunny,0.9767,31
IS3083,E-Commerce (EC),Lecture,Computing,38,Friday,10:30-12:30,0,0,Sunny,0.7632,29
CS22023,Artificial Intelligence,Lecture,Computing,82,Friday,12:00-13:30,0,0,Rainy,0.6768,55
IS3112,Marketing Management (MM),Lecture,Computing,39,Tuesday,11:30-14:30,0,1,Cloudy,0.9838,38
CS22023,Artificial Intelligence,Lecture,Computing,81,Friday,11:30-14:30,0,1,Sunny,0.9294,75
IS3083,E-Commerce (EC),Lecture,Computing,38,Friday,09:00-11:00,0,0,Rainy,0.6442,24
IT3143,Independent Study (IS),Lecture,Computing,121,Wednesday,12:00-13:30,0,0,Cloudy,0.8096,98
CS22012,Advanced Data Structures & Algorithms,Lecture,Computing,85,Monday,12:00-13:30,0,0,Sunny,0.7396,63
CS3253,Big Data Analytics (BA),Lecture,Computing,46,Wednesday,10:30-12:30,0,0,Cloudy,0.8445,39
CS22023,Artificial Intelligence,Lecture,Computing,81,Tuesday,09:00-11:00,0,0,Cloudy,0.7411,60
IT3123,Cloud Computing & Virtualization (CC&V),Lecture,Computing,86,Thursday,11:30-14:30,0,0,Sunny,0.8839,76
CS22993,Group Project in Software Development,Lecture,Computing,82,Thursday,09:00-11:00,0,1,Cloudy,0.9661,79
IS3073,Management Information Systems (MIS),Lecture,Computing,32,Wednesday,14:30-16:30,0,0,Sunny,0.8615,28
IS3083,E-Commerce (EC),Lecture,Computing,36,Friday,09:00-11:00,0,0,Sunny,0.7216,26
IT3133,Programming Distributed Components (PDC),Lecture,Computing,86,Monday,10:30-12:30,0,0,Cloudy,0.8126,70
IT3113,Cyber Security (CS),Lecture,Computing,87,Monday,09:00-11:00,0,0,Cloudy,0.652,57
IT3103,Service Oriented Web Programming (SOWP),Lecture,Computing,90,Monday,08:30-10:30,0,0,Sunny,0.7008,63
IS3083,E-Commerce (EC),Lecture,Computing,39,Monday,09:00-11:00,0,0,Cloudy,0.702,27
DS22012,Categorical Data Analysis (CDA),Lecture,Computing,82,Monday,09:00-11:00,0,0,Sunny,0.693,57
IS3083,E-Commerce (EC),Lecture,Computing,35,Tuesday,10:30-12:30,0,0,Sunny,0.872,31
IS3093,Financial Management Concepts (FMC),Lecture,Computing,35,Thursday,10:30-12:30,0,0,Sunny,0.8278,29
CS22993,Group Project in Software Development,Lecture,Computing,79,Thursday,10:30-12:30,0,0,Sunny,0.8596,68
CS22993,Group Project in Software Development,Lecture,Computing,77,Monday,14:30-16:30,0,0,Rainy,0.6747,52
SE22013,Software Project Management,Lecture,Computing,59,Friday,09:00-11:00,0,0,Cloudy,0.6791,40
IS3083,E-Commerce (EC),Lecture,Computing,31,Friday,10:30-12:30,0,0,Sunny,0.8261,26
IS3083,E-Commerce (EC),Lecture,Computing,34,Wednesday,08:30-10:30,1,0,Rainy,0.7983,27
CS22023,Artificial Intelligence,Lecture,Computing,88,Thursday,08:30-10:30,0,0,Sunny,0.7522,66
IS3083,E-Commerce (EC),Lecture,Computing,33,Tuesday,12:00-13:30,0,0,Cloudy,0.8145,27
IT3103,Service Oriented Web Programming (SOWP),Lecture,Computing,86,Monday,11:30-14:30,0,0,Sunny,0.7736,67
IS3083,E-Commerce (EC),Lecture,Computing,29,Wednesday,08:30-10:30,1,0,Cloudy,0.8638,25
IS3073,Management Information Systems (MIS),Lecture,Computing,33,Thursday,08:30-10:30,0,0,Cloudy,0.7449,25
IS3093,Financial Management Concepts (FMC),Lecture,Computing,32,Thursday,10:30-12:30,0,0,Sunny,0.8547,27
IS3102,Organizational Behaviour (OB),Lecture,Computing,35,Monday,09:00-11:00,0,0,Cloudy,0.6639,23
IS3083,E-Commerce (EC),Lecture,Computing,30,Tuesday,14:30-16:30,0,1,Sunny,0.9472,28
CS22993,Group Project in Software Development,Lecture,Computing,77,Wednesday,08:30-10:30,0,1,Sunny,0.9602,74
IS3083,E-Commerce (EC),Lecture,Computing,34,Wednesday,12:00-13:30,0,0,Sunny,0.8087,27
IT3133,Programming Distributed Components (PDC),Lecture,Computing,89,Thursday,09:00-11:00,0,0,Sunny,0.7686,68
CS22993,Group Project in Software Development,Lecture,Computing,86,Tuesday,10:30-12:30,0,0,Rainy,0.8197,70
IT3143,Independent Study (IS),Lecture,Computing,120,Thursday,09:00-11:00,0,0,Sunny,0.7567,91
CS22012,Advanced Data Structures & Algorithms,Lecture,Computing,86,Wednesday,09:00-11:00,0,0,Cloudy,0.7789,67
DS22012,Categorical Data Analysis (CDA),Lecture,Computing,86,Monday,12:00-13:30,0,0,Cloudy,0.7517,65
IT3162,GIS and Remote Sensing (GIS&RS),Lecture,Computing,118,Tuesday,09:00-11:00,1,0,Cloudy,0.8493,100
CS22012,Advanced Data Structures & Algorithms,Lecture,Computing,79,Wednesday,10:30-12:30,0,0,Rainy,0.8229,65
IT3103,Service Oriented Web Programming (SOWP),Lecture,Computing,92,Monday,10:30-12:30,1,0,Sunny,0.9032,83
SE22013,Software Project Management,Lecture,Computing,56,Tuesday,10:30-12:30,0,0,Cloudy,0.8441,47
IT3162,GIS and Remote Sensing (GIS&RS),Lecture,Computing,124,Thursday,10:30-12:30,0,0,Sunny,0.8793,109
IT3162,GIS and Remote Sensing (GIS&RS),Lecture,Computing,127,Wednesday,10:30-12:30,0,0,Cloudy,0.8375,106
CS22012,Advanced Data Structures & Algorithms,Lecture,Computing,81,Friday,12:00-13:30,0,1,Cloudy,0.9891,80
CS22993,Group Project in Software Development,Lecture,Computing,82,Monday,10:30-12:30,1,0,Rainy,0.8255,68
IT3182,Essentials of Artificial Intelligence (EAI),Lecture,Computing,124,Tuesday,08:30-10:30,0,0,Sunny,0.755,94
IS3093,Financial Management Concepts (FMC),Lecture,Computing,38,Thursday,12:00-13:30,0,0,Sunny,0.8055,31
IS3093,Financial Management Concepts (FMC),Lecture,Computing,36,Wednesday,11:30-14:30,0,1,Sunny,0.9869,36
IT3143,Independent Study (IS),Lecture,Computing,129,Tuesday,08:30-10:30,0,0,Sunny,0.74,95
IT3113,Cyber Security (CS),Lecture,Computing,83,Wednesday,08:30-10:30,1,0,Sunny,0.8435,70
IT3123,Cloud Computing & Virtualization (CC&V),Lecture,Computing,85,Monday,08:30-10:30,1,0,Sunny,0.8074,69
IT3162,GIS and Remote Sensing (GIS&RS),Lecture,Computing,124,Monday,09:00-11:00,0,0,Sunny,0.667,83
IT3103,Service Oriented Web Programming (SOWP),Lecture,Computing,92,Thursday,10:30-12:30,0,0,Sunny,0.8467,78
IT3182,Essentials of Artificial Intelligence (EAI),Lecture,Computing,125,Wednesday,14:30-16:30,0,1,Cloudy,0.99,124
IS3102,Organizational Behaviour (OB),Lecture,Computing,34,Tuesday,11:30-14:30,0,0,Rainy,0.8066,27
CS22023,Artificial Intelligence,Lecture,Computing,92,Thursday,09:00-11:00,0,0,Rainy,0.6885,63
IT3143,Independent Study (IS),Lecture,Computing,123,Tuesday,14:30-16:30,1,0,Cloudy,0.9491,117
DS22012,Categorical Data Analysis (CDA),Lecture,Computing,78,Friday,09:00-11:00,0,0,Cloudy,0.6691,52
DS22012,Categorical Data Analysis (CDA),Lecture,Computing,76,Monday,08:30-10:30,1,0,Sunny,0.7659,58
DS22012,Categorical Data Analysis (CDA),Lecture,Computing,79,Friday,08:30-10:30,0,0,Cloudy,0.6789,54
DS22012,Categorical Data Analysis (CDA),Lecture,Computing,85,Thursday,09:00-11:00,0,0,Sunny,0.7743,66
IT3182,Essentials of Artificial Intelligence (EAI),Lecture,Computing,124,Tuesday,14:30-16:30,1,0,Rainy,0.8916,111
CS22012,Advanced Data Structures & Algorithms,Lecture,Computing,81,Wednesday,08:30-10:30,0,0,Cloudy,0.7797,63
IS3073,Management Information Systems (MIS),Lecture,Computing,36,Wednesday,08:30-10:30,0,0,Sunny,0.7345,26
IT3153,Software Quality Assurance (SQA),Lecture,Computing,123,Tuesday,10:30-12:30,0,0,Sunny,0.8433,104
CS3253,Big Data Analytics (BA),Lecture,Computing,42,Monday,11:30-14:30,1,0,Sunny,0.9146,38
DS22012,Categorical Data Analysis (CDA),Lecture,Computing,79,Monday,12:00-13:30,1,0,Rainy,0.8139,64
IT3143,Independent Study (IS),Lecture,Computing,124,Friday,08:30-10:30,0,0,Sunny,0.6992,87
IT3123,Cloud Computing & Virtualization (CC&V),Lecture,Computing,91,Friday,09:00-11:00,0,0,Sunny,0.6957,63
IT3143,Independent Study (IS),Lecture,Computing,123,Wednesday,08:30-10:30,0,0,Cloudy,0.7651,94
IT3162,GIS and Remote Sensing (GIS&RS),Lecture,Computing,121,Thursday,09:00-11:00,0,0,Rainy,0.7051,85
IT3113,Cyber Security (CS),Lecture,Computing,91,Monday,08:30-10:30,0,0,Cloudy,0.6708,61
IS3102,Organizational Behaviour (OB),Lecture,Computing,37,Wednesday,10:30-12:30,0,1,Cloudy,0.9718,36
IS3093,Financial Management Concepts (FMC),Lecture,Computing,37,Monday,14:30-16:30,0,0,Sunny,0.7359,27
CS22012,Advanced Data Structures & Algorithms,Lecture,Computing,86,Thursday,10:30-12:30,0,1,Cloudy,0.99,85
SE22013,Software Project Management,Lecture,Computing,53,Wednesday,09:00-11:00,0,0,Rainy,0.7273,39
CS22012,Advanced Data Structures & Algorithms,Lecture,Computing,80,Thursday,09:00-11:00,1,0,Sunny,0.8884,71
SE22013,Software Project Management,Lecture,Computing,62,Tuesday,11:30-14:30,0,0,Rainy,0.8136,50
CS22012,Advanced Data Structures & Algorithms,Lecture,Computing,83,Thursday,10:30-12:30,1,0,Sunny,0.9533,79
CS22023,Artificial Intelligence,Lecture,Computing,82,Monday,09:00-11:00,0,0,Sunny,0.6596,54
IS3083,E-Commerce (EC),Lecture,Computing,36,Wednesday,09:00-11:00,0,0,Cloudy,0.7614,27
IT3162,GIS and Remote Sensing (GIS&RS),Lecture,Computing,120,Tuesday,12:00-13:30,0,0,Sunny,0.8289,99
CS22012,Advanced Data Structures & Algorithms,Lecture,Computing,83,Tuesday,10:30-12:30,0,0,Sunny,0.8088,67
DS22012,Categorical Data Analysis (CDA),Lecture,Computing,83,Friday,10:30-12:30,0,0,Rainy,0.7403,61
IT3153,Software Quality Assurance (SQA),Lecture,Computing,125,Tuesday,14:30-16:30,0,0,Sunny,0.8747,109
IS3073,Management Information Systems (MIS),Lecture,Computing,36,Monday,09:00-11:00,0,0,Cloudy,0.6887,25
IS3093,Financial Management Concepts (FMC),Lecture,Computing,32,Wednesday,11:30-14:30,0,0,Cloudy,0.8426,27
IT3143,Independent Study (IS),Lecture,Computing,123,Wednesday,09:00-11:00,0,0,Cloudy,0.7698,95
IT3162,GIS and Remote Sensing (GIS&RS),Lecture,Computing,125,Friday,10:30-12:30,0,0,Cloudy,0.7637,95
CS3253,Big Data Analytics (BA),Lecture,Computing,44,Tuesday,09:00-11:00,0,1,Sunny,0.9837,43
DS22012,Categorical Data Analysis (CDA),Lecture,Computing,86,Thursday,09:00-11:00,0,0,Sunny,0.8023,69
IS3102,Organizational Behaviour (OB),Lecture,Computing,34,Tuesday,09:00-11:00,0,0,Sunny,0.7662,26
CS22023,Artificial Intelligence,Lecture,Computing,84,Thursday,09:00-11:00,0,1,Sunny,0.9471,80
IS3073,Management Information Systems (MIS),Lecture,Computing,36,Wednesday,11:30-14:30,1,1,Sunny,0.99,36
IS3083,E-Commerce (EC),Lecture,Computing,33,Monday,11:30-14:30,1,0,Sunny,0.8983,30
IS3102,Organizational Behaviour (OB),Lecture,Computing,32,Thursday,12:00-13:30,0,0,Sunny,0.8228,26
CS22993,Group Project in Software Development,Lecture,Computing,80,Monday,12:00-13:30,1,0,Sunny,0.8807,70
IT3153,Software Quality Assurance (SQA),Lecture,Computing,121,Wednesday,11:30-14:30,0,0,Cloudy,0.8193,99
IS3112,Marketing Management (MM),Lecture,Computing,33,Wednesday,10:30-12:30,0,0,Sunny,0.8582,28
IT3182,Essentials of Artificial Intelligence (EAI),Lecture,Computing,125,Monday,09:00-11:00,1,0,Sunny,0.7828,98
IS3112,Marketing Management (MM),Lecture,Computing,36,Wednesday,11:30-14:30,0,0,Sunny,0.8342,30
IS3093,Financial Management Concepts (FMC),Lecture,Computing,30,Friday,11:30-14:30,1,1,Sunny,0.9454,28
IT3133,Programming Distributed Components (PDC),Lecture,Computing,85,Monday,12:00-13:30,0,0,Sunny,0.7583,64
IS3083,E-Commerce (EC),Lecture,Computing,27,Wednesday,09:00-11:00,0,0,Rainy,0.7344,20
DS22012,Categorical Data Analysis (CDA),Lecture,Computing,77,Tuesday,12:00-13:30,0,0,Cloudy,0.8408,65
IS3102,Organizational Behaviour (OB),Lecture,Computing,39,Wednesday,12:00-13:30,0,0,Cloudy,0.7932,31
CS22012,Advanced Data Structures & Algorithms,Lecture,Computing,83,Wednesday,12:00-13:30,1,0,Cloudy,0.9041,75
CS22023,Artificial Intelligence,Lecture,Computing,81,Monday,10:30-12:30,1,0,Sunny,0.9117,74
CS3253,Big Data Analytics (BA),Lecture,Computing,37,Tuesday,11:30-14:30,0,0,Sunny,0.8823,33
IT3103,Service Oriented Web Programming (SOWP),Lecture,Computing,88,Tuesday,10:30-12:30,0,0,Cloudy,0.8515,75
IT3153,Software Quality Assurance (SQA),Lecture,Computing,122,Tuesday,12:00-13:30,0,0,Cloudy,0.8357,102
DS22012,Categorical Data Analysis (CDA),Lecture,Computing,85,Tuesday,11:30-14:30,0,0,Sunny,0.8478,72
IT3103,Service Oriented Web Programming (SOWP),Lecture,Computing,86,Wednesday,12:00-13:30,0,0,Sunny,0.8435,73
IT3153,Software Quality Assurance (SQA),Lecture,Computing,124,Tuesday,10:30-12:30,0,0,Rainy,0.7918,98
SE22013,Software Project Management,Lecture,Computing,59,Monday,10:30-12:30,0,0,Sunny,0.7993,47
IT3113,Cyber Security (CS),Lecture,Computing,85,Thursday,10:30-12:30,1,0,Sunny,0.9393,80
IS3112,Marketing Management (MM),Lecture,Computing,36,Monday,08:30-10:30,0,0,Sunny,0.708,25
IT3182,Essentials of Artificial Intelligence (EAI),Lecture,Computing,120,Monday,12:00-13:30,1,0,Sunny,0.8255,99
IS3083,E-Commerce (EC),Lecture,Computing,35,Monday,08:30-10:30,1,1,Sunny,0.9428,33
IS3093,Financial Management Concepts (FMC),Lecture,Computing,37,Friday,09:00-11:00,0,0,Rainy,0.6501,24
IT3123,Cloud Computing & Virtualization (CC&V),Lecture,Computing,94,Friday,12:00-13:30,0,1,Sunny,0.9563,90
IS3102,Organizational Behaviour (OB),Lecture,Computing,37,Wednesday,11:30-14:30,0,0,Sunny,0.8658,32
IT3103,Service Oriented Web Programming (SOWP),Lecture,Computing,91,Tuesday,10:30-12:30,0,0,Sunny,0.8246,75
IT3133,Programming Distributed Components (PDC),Lecture,Computing,88,Thursday,10:30-12:30,0,0,Sunny,0.8599,76
CS22012,Advanced Data Structures & Algorithms,Lecture,Computing,81,Thursday,12:00-13:30,0,0,Rainy,0.7654,62
IS3093,Financial Management Concepts (FMC),Lecture,Computing,36,Monday,12:00-13:30,0,0,Sunny,0.7465,27
IS3093,Financial Management Concepts (FMC),Lecture,Computing,36,Wednesday,09:00-11:00,0,0,Cloudy,0.7934,29
IS3112,Marketing Management (MM),Lecture,Computing,36,Friday,10:30-12:30,0,1,Rainy,0.9472,34
IT3113,Cyber Security (CS),Lecture,Computing,88,Friday,12:00-13:30,1,0,Sunny,0.8049,71
IS3102,Organizational Behaviour (OB),Lecture,Computing,28,Monday,12:00-13:30,0,0,Sunny,0.758,21
IS3112,Marketing Management (MM),Lecture,Computing,35,Wednesday,11:30-14:30,0,0,Sunny,0.8526,30
IS3102,Organizational Behaviour (OB),Lecture,Computing,33,Tuesday,09:00-11:00,0,0,Sunny,0.7776,26
IS3112,Marketing Management (MM),Lecture,Computing,34,Thursday,09:00-11:00,0,0,Sunny,0.7604,26
DS22012,Categorical Data Analysis (CDA),Lecture,Computing,87,Monday,09:00-11:00,1,0,Sunny,0.797,69
IS3112,Marketing Management (MM),Lecture,Computing,32,Thursday,08:30-10:30,0,0,Sunny,0.7822,25
SE22013,Software Project Management,Lecture,Computing,59,Thursday,09:00-11:00,0,0,Sunny,0.7621,45
IT3153,Software Quality Assurance (SQA),Lecture,Computing,123,Monday,14:30-16:30,0,0,Sunny,0.7525,93
IS3102,Organizational Behaviour (OB),Lecture,Computing,33,Monday,08:30-10:30,0,0,Sunny,0.6757,22
IT3182,Essentials of Artificial Intelligence (EAI),Lecture,Computing,126,Tuesday,08:30-10:30,0,0,Sunny,0.7335,92
DS22012,Categorical Data Analysis (CDA),Lecture,Computing,85,Monday,08:30-10:30,0,0,Sunny,0.7397,63
IS3073,Management Information Systems (MIS),Lecture,Computing,35,Monday,12:00-13:30,0,1,Sunny,0.9619,34
IT3103,Service Oriented Web Programming (SOWP),Lecture,Computing,90,Thursday,10:30-12:30,0,1,Sunny,0.967,87
IT3182,Essentials of Artificial Intelligence (EAI),Lecture,Computing,128,Friday,10:30-12:30,0,0,Sunny,0.7799,100
IS3112,Marketing Management (MM),Lecture,Computing,35,Wednesday,12:00-13:30,0,0,Cloudy,0.8261,29
IT3162,GIS and Remote Sensing (GIS&RS),Lecture,Computing,121,Tuesday,08:30-10:30,0,0,Sunny,0.7514,91
IT3113,Cyber Security (CS),Lecture,Computing,89,Wednesday,08:30-10:30,0,0,Sunny,0.7611,68
IS3102,Organizational Behaviour (OB),Lecture,Computing,29,Wednesday,08:30-10:30,0,0,Sunny,0.7503,22
DS22012,Categorical Data Analysis (CDA),Lecture,Computing,80,Monday,09:00-11:00,0,0,Rainy,0.6643,53
IT3123,Cloud Computing & Virtualization (CC&V),Lecture,Computing,94,Monday,12:00-13:30,0,1,Cloudy,0.9835,92
IS3073,Management Information Systems (MIS),Lecture,Computing,35,Thursday,11:30-14:30,0,0,Sunny,0.8415,29
IT3123,Cloud Computing & Virtualization (CC&V),Lecture,Computing,87,Monday,11:30-14:30,0,0,Cloudy,0.8022,70
IS3102,Organizational Behaviour (OB),Lecture,Computing,38,Thursday,12:00-13:30,1,1,Cloudy,0.9616,37
IS3102,Organizational Behaviour (OB),Lecture,Computing,40,Thursday,12:00-13:30,0,0,Sunny,0.8344,33
IS3083,E-Commerce (EC),Lecture,Computing,40,Monday,09:00-11:00,0,0,Rainy,0.6133,25
IS3112,Marketing Management (MM),Lecture,Computing,35,Tuesday,08:30-10:30,1,0,Rainy,0.7954,28
IS3073,Management Information Systems (MIS),Lecture,Computing,36,Thursday,12:00-13:30,0,0,Sunny,0.8126,29
IT3182,Essentials of Artificial Intelligence (EAI),Lecture,Computing,122,Tuesday,10:30-12:30,0,1,Sunny,0.9746,119
IT3162,GIS and Remote Sensing (GIS&RS),Lecture,Computing,122,Monday,12:00-13:30,0,0,Sunny,0.777,95
DS22012,Categorical Data Analysis (CDA),Lecture,Computing,88,Monday,12:00-13:30,0,1,Sunny,0.9732,86
IT3153,Software Quality Assurance (SQA),Lecture,Computing,124,Tuesday,10:30-12:30,0,0,Sunny,0.8601,107
IS3093,Financial Management Concepts (FMC),Lecture,Computing,34,Thursday,11:30-14:30,0,0,Cloudy,0.842,29
IT3182,Essentials of Artificial Intelligence (EAI),Lecture,Computing,127,Wednesday,12:00-13:30,1,0,Cloudy,0.9207,117
IS3073,Management Information Systems (MIS),Lecture,Computing,35,Tuesday,11:30-14:30,1,0,Sunny,0.9341,33
IS3102,Organizational Behaviour (OB),Lecture,Computing,32,Tuesday,10:30-12:30,0,0,Sunny,0.8207,26
CS3253,Big Data Analytics (BA),Lecture,Computing,35,Tuesday,12:00-13:30,0,0,Sunny,0.8284,29
CS3253,Big Data Analytics (BA),Lecture,Computing,33,Friday,08:30-10:30,0,0,Sunny,0.6966,23
CS22993,Group Project in Software Development,Lecture,Computing,83,Tuesday,12:00-13:30,0,0,Rainy,0.7917,66
IT3113,Cyber Security (CS),Lecture,Computing,88,Thursday,08:30-10:30,0,0,Sunny,0.7371,65
IS3083,E-Commerce (EC),Lecture,Computing,37,Monday,12:00-13:30,0,0,Sunny,0.7685,28
IT3133,Programming Distributed Components (PDC),Lecture,Computing,89,Thursday,12:00-13:30,0,0,Sunny,0.8604,77
IS3073,Management Information Systems (MIS),Lecture,Computing,29,Thursday,10:30-12:30,0,0,Cloudy,0.84,24
SE22013,Software Project Management,Lecture,Computing,58,Thursday,11:30-14:30,0,0,Cloudy,0.8943,52
IT3133,Programming Distributed Components (PDC),Lecture,Computing,88,Friday,11:30-14:30,0,0,Sunny,0.7458,66
IS3102,Organizational Behaviour (OB),Lecture,Computing,29,Monday,14:30-16:30,0,1,Cloudy,0.9347,27
IT3143,Independent Study (IS),Lecture,Computing,128,Tuesday,12:00-13:30,0,0,Rainy,0.7335,94
IT3103,Service Oriented Web Programming (SOWP),Lecture,Computing,85,Friday,10:30-12:30,1,0,Cloudy,0.869,74
IT3123,Cloud Computing & Virtualization (CC&V),Lecture,Computing,89,Friday,10:30-12:30,1,0,Sunny,0.8851,79
IT3182,Essentials of Artificial Intelligence (EAI),Lecture,Computing,117,Wednesday,10:30-12:30,0,0,Cloudy,0.8507,100
CS22012,Advanced Data Structures & Algorithms,Lecture,Computing,83,Wednesday,08:30-10:30,0,1,Sunny,0.9806,81
IS3093,Financial Management Concepts (FMC),Lecture,Computing,33,Tuesday,09:00-11:00,1,0,Sunny,0.8293,27
IS3112,Marketing Management (MM),Lecture,Computing,36,Monday,09:00-11:00,0,0,Sunny,0.7131,26
IT3182,Essentials of Artificial Intelligence (EAI),Lecture,Computing,120,Tuesday,10:30-12:30,0,0,Cloudy,0.845,101
CS22023,Artificial Intelligence,Lecture,Computing,80,Wednesday,09:00-11:00,0,0,Rainy,0.6971,56
IS3093,Financial Management Concepts (FMC),Lecture,Computing,33,Monday,14:30-16:30,0,0,Rainy,0.7323,24
IS3083,E-Commerce (EC),Lecture,Computing,33,Wednesday,08:30-10:30,0,0,Rainy,0.696,23
IS3093,Financial Management Concepts (FMC),Lecture,Computing,39,Tuesday,11:30-14:30,0,0,Sunny,0.8635,34
SE22013,Software Project Management,Lecture,Computing,61,Thursday,09:00-11:00,0,0,Sunny,0.7952,49
IS3102,Organizational Behaviour (OB),Lecture,Computing,36,Monday,14:30-16:30,1,0,Sunny,0.8094,29
CS3253,Big Data Analytics (BA),Lecture,Computing,34,Wednesday,10:30-12:30,1,0,Sunny,0.9674,33
IT3162,GIS and Remote Sensing (GIS&RS),Lecture,Computing,123,Wednesday,11:30-14:30,1,0,Rainy,0.8826,109
IT3133,Programming Distributed Components (PDC),Lecture,Computing,84,Monday,09:00-11:00,1,0,Sunny,0.7801,66
IT3182,Essentials of Artificial Intelligence (EAI),Lecture,Computing,123,Thursday,11:30-14:30,0,0,Sunny,0.8793,108
CS22993,Group Project in Software Development,Lecture,Computing,79,Monday,08:30-10:30,0,0,Sunny,0.693,55
CS22012,Advanced Data Structures & Algorithms,Lecture,Computing,84,Tuesday,08:30-10:30,1,0,Sunny,0.8469,71
IT3133,Programming Distributed Components (PDC),Lecture,Computing,92,Tuesday,08:30-10:30,0,0,Sunny,0.7931,73
CS22012,Advanced Data Structures & Algorithms,Lecture,Computing,81,Monday,09:00-11:00,0,0,Sunny,0.6953,56
IT3153,Software Quality Assurance (SQA),Lecture,Computing,117,Thursday,08:30-10:30,0,0,Sunny,0.779,91
SE22013,Software Project Management,Lecture,Computing,58,Monday,14:30-16:30,1,0,Cloudy,0.8551,50
IS3112,Marketing Management (MM),Lecture,Computing,32,Tuesday,09:00-11:00,0,0,Sunny,0.7812,25
IT3162,GIS and Remote Sensing (GIS&RS),Lecture,Computing,127,Tuesday,11:30-14:30,0,0,Sunny,0.877,111
CS22023,Artificial Intelligence,Lecture,Computing,81,Wednesday,08:30-10:30,0,0,Cloudy,0.7477,61
IS3083,E-Commerce (EC),Lecture,Computing,35,Wednesday,08:30-10:30,0,0,Sunny,0.7548,26
CS22023,Artificial Intelligence,Lecture,Computing,82,Friday,10:30-12:30,0,0,Sunny,0.7602,62
CS22012,Advanced Data Structures & Algorithms,Lecture,Computing,76,Tuesday,11:30-14:30,0,0,Sunny,0.8132,62
IT3133,Programming Distributed Components (PDC),Lecture,Computing,88,Tuesday,10:30-12:30,0,0,Cloudy,0.8411,74
CS22012,Advanced Data Structures & Algorithms,Lecture,Computing,81,Friday,08:30-10:30,0,0,Sunny,0.6556,53
IT3162,GIS and Remote Sensing (GIS&RS),Lecture,Computing,122,Thursday,08:30-10:30,0,0,Sunny,0.7696,94
IT3123,Cloud Computing & Virtualization (CC&V),Lecture,Computing,87,Thursday,12:00-13:30,0,0,Sunny,0.823,72
CS3253,Big Data Analytics (BA),Lecture,Computing,33,Monday,10:30-12:30,0,0,Sunny,0.7755,26
IT3143,Independent Study (IS),Lecture,Computing,123,Wednesday,12:00-13:30,1,1,Sunny,0.9616,118
IT3143,Independent Study (IS),Lecture,Computing,119,Friday,14:30-16:30,0,0,Sunny,0.7403,88
IT3113,Cyber Security (CS),Lecture,Computing,87,Thursday,09:00-11:00,0,0,Sunny,0.781,68
CS22993,Group Project in Software Development,Lecture,Computing,83,Wednesday,08:30-10:30,0,0,Sunny,0.7586,63
IT3153,Software Quality Assurance (SQA),Lecture,Computing,128,Tuesday,08:30-10:30,1,0,Sunny,0.8796,113
IT3162,GIS and Remote Sensing (GIS&RS),Lecture,Computing,125,Thursday,10:30-12:30,0,0,Sunny,0.8348,104
IT3143,Independent Study (IS),Lecture,Computing,124,Friday,10:30-12:30,0,0,Sunny,0.8082,100
IS3073,Management Information Systems (MIS),Lecture,Computing,40,Friday,09:00-11:00,1,0,Sunny,0.7768,31
IT3133,Programming Distributed Components (PDC),Lecture,Computing,87,Monday,09:00-11:00,0,0,Sunny,0.7062,61
CS22023,Artificial Intelligence,Lecture,Computing,82,Tuesday,10:30-12:30,0,0,Sunny,0.8849,73
SE22013,Software Project Management,Lecture,Computing,58,Wednesday,10:30-12:30,0,0,Cloudy,0.8593,50
IT3143,Independent Study (IS),Lecture,Computing,121,Wednesday,10:30-12:30,0,0,Cloudy,0.866,105
IT3153,Software Quality Assurance (SQA),Lecture,Computing,127,Thursday,08:30-10:30,0,0,Cloudy,0.7422,94
IS3102,Organizational Behaviour (OB),Lecture,Computing,31,Wednesday,09:00-11:00,0,1,Sunny,0.9858,31
IS3083,E-Commerce (EC),Lecture,Computing,34,Friday,09:00-11:00,0,1,Rainy,0.9495,32
IT3113,Cyber Security (CS),Lecture,Computing,89,Monday,10:30-12:30,0,0,Cloudy,0.8097,72
IS3112,Marketing Management (MM),Lecture,Computing,35,Wednesday,14:30-16:30,0,1,Sunny,0.9514,33
CS22012,Advanced Data Structures & Algorithms,Lecture,Computing,84,Tuesday,10:30-12:30,0,0,Rainy,0.8147,68
CS22023,Artificial Intelligence,Lecture,Computing,81,Friday,09:00-11:00,0,0,Rainy,0.6169,50
IT3103,Service Oriented Web Programming (SOWP),Lecture,Computing,85,Thursday,11:30-14:30,1,0,Sunny,0.9282,79
DS22012,Categorical Data Analysis (CDA),Lecture,Computing,82,Wednesday,09:00-11:00,1,0,Cloudy,0.8658,71
IT3143,Independent Study (IS),Lecture,Computing,127,Thursday,10:30-12:30,0,0,Cloudy,0.8664,110
IS3102,Organizational Behaviour (OB),Lecture,Computing,39,Thursday,08:30-10:30,1,0,Rainy,0.829,32
SE22013,Software Project Management,Lecture,Computing,52,Friday,08:30-10:30,0,0,Sunny,0.7052,37
IS3083,E-Commerce (EC),Lecture,Computing,32,Monday,08:30-10:30,0,0,Cloudy,0.7184,23
IT3182,Essentials of Artificial Intelligence (EAI),Lecture,Computing,116,Friday,11:30-14:30,0,0,Rainy,0.7386,86
CS3253,Big Data Analytics (BA),Lecture,Computing,42,Thursday,08:30-10:30,0,0,Sunny,0.7575,32
SE22013,Software Project Management,Lecture,Computing,55,Wednesday,10:30-12:30,0,0,Sunny,0.8221,45
IS3102,Organizational Behaviour (OB),Lecture,Computing,38,Thursday,11:30-14:30,0,0,Rainy,0.7954,30
DS22012,Categorical Data Analysis (CDA),Lecture,Computing,78,Monday,12:00-13:30,1,0,Sunny,0.8761,68
IT3133,Programming Distributed Components (PDC),Lecture,Computing,96,Monday,10:30-12:30,1,1,Sunny,0.9636,93
IS3112,Marketing Management (MM),Lecture,Computing,33,Monday,10:30-12:30,0,0,Cloudy,0.8103,27
IS3073,Management Information Systems (MIS),Lecture,Computing,39,Friday,12:00-13:30,0,1,Sunny,0.9781,38
IS3102,Organizational Behaviour (OB),Lecture,Computing,34,Wednesday,08:30-10:30,0,0,Cloudy,0.7463,25
IS3083,E-Commerce (EC),Lecture,Computing,34,Friday,11:30-14:30,0,0,Sunny,0.7934,27
CS22993,Group Project in Software Development,Lecture,Computing,78,Friday,12:00-13:30,0,0,Sunny,0.7708,60
DS22012,Categorical Data Analysis (CDA),Lecture,Computing,85,Monday,10:30-12:30,0,0,Sunny,0.8199,70
IT3182,Essentials of Artificial Intelligence (EAI),Lecture,Computing,124,Tuesday,10:30-12:30,0,1,Sunny,0.99,123
IT3153,Software Quality Assurance (SQA),Lecture,Computing,123,Thursday,09:00-11:00,0,1,Sunny,0.9452,116
CS3253,Big Data Analytics (BA),Lecture,Computing,38,Wednesday,09:00-11:00,0,0,Sunny,0.7637,29
CS22012,Advanced Data Structures & Algorithms,Lecture,Computing,82,Wednesday,11:30-14:30,1,0,Sunny,0.9556,78
CS22023,Artificial Intelligence,Lecture,Computing,80,Tuesday,10:30-12:30,0,0,Sunny,0.8378,67
CS22012,Advanced Data Structures & Algorithms,Lecture,Computing,82,Friday,10:30-12:30,1,0,Cloudy,0.8849,73
IT3133,Programming Distributed Components (PDC),Lecture,Computing,87,Monday,09:00-11:00,0,0,Sunny,0.6547,57
DS22012,Categorical Data Analysis (CDA),Lecture,Computing,80,Friday,11:30-14:30,0,0,Rainy,0.74,59
IT3133,Programming Distributed Components (PDC),Lecture,Computing,91,Tuesday,14:30-16:30,0,0,Rainy,0.7887,72
IS3073,Management Information Systems (MIS),Lecture,Computing,33,Monday,10:30-12:30,0,0,Cloudy,0.8119,27
IT3153,Software Quality Assurance (SQA),Lecture,Computing,122,Tuesday,10:30-12:30,0,0,Sunny,0.8342,102
IS3073,Management Information Systems (MIS),Lecture,Computing,34,Friday,08:30-10:30,0,0,Sunny,0.6915,24
IT3182,Essentials of Artificial Intelligence (EAI),Lecture,Computing,127,Tuesday,10:30-12:30,0,0,Cloudy,0.8535,108
SE22013,Software Project Management,Lecture,Computing,62,Friday,10:30-12:30,0,1,Sunny,0.9899,61
IT3113,Cyber Security (CS),Lecture,Computing,92,Friday,10:30-12:30,0,0,Cloudy,0.7771,71
CS22023,Artificial Intelligence,Lecture,Computing,80,Wednesday,10:30-12:30,0,0,Cloudy,0.8398,67
IT3103,Service Oriented Web Programming (SOWP),Lecture,Computing,84,Monday,08:30-10:30,0,0,Sunny,0.6537,55
IS3073,Management Information Systems (MIS),Lecture,Computing,37,Friday,12:00-13:30,0,0,Cloudy,0.7292,27
IS3073,Management Information Systems (MIS),Lecture,Computing,34,Thursday,10:30-12:30,1,0,Cloudy,0.9624,33
IS3083,E-Commerce (EC),Lecture,Computing,35,Friday,11:30-14:30,0,0,Cloudy,0.8227,29
SE22013,Software Project Management,Lecture,Computing,57,Monday,11:30-14:30,0,1,Cloudy,0.9786,56
CS22012,Advanced Data Structures & Algorithms,Lecture,Computing,77,Wednesday,14:30-16:30,0,0,Cloudy,0.842,65
CS22023,Artificial Intelligence,Lecture,Computing,78,Thursday,08:30-10:30,0,1,Sunny,0.9733,76
CS3253,Big Data Analytics (BA),Lecture,Computing,45,Tuesday,11:30-14:30,0,1,Sunny,0.9554,43
IT3162,GIS and Remote Sensing (GIS&RS),Lecture,Computing,124,Tuesday,09:00-11:00,0,0,Sunny,0.7634,95
IT3182,Essentials of Artificial Intelligence (EAI),Lecture,Computing,125,Wednesday,10:30-12:30,0,0,Rainy,0.8066,101
CS22993,Group Project in Software Development,Lecture,Computing,80,Tuesday,08:30-10:30,1,0,Sunny,0.8568,69
CS22023,Artificial Intelligence,Lecture,Computing,81,Wednesday,14:30-16:30,0,0,Rainy,0.7792,63
IT3103,Service Oriented Web Programming (SOWP),Lecture,Computing,86,Monday,09:00-11:00,0,0,Sunny,0.6779,58
CS3253,Big Data Analytics (BA),Lecture,Computing,42,Tuesday,14:30-16:30,0,0,Sunny,0.833,35
IS3083,E-Commerce (EC),Lecture,Computing,34,Thursday,14:30-16:30,0,1,Sunny,0.9556,32
IT3153,Software Quality Assurance (SQA),Lecture,Computing,127,Wednesday,10:30-12:30,0,0,Sunny,0.8473,108
IS3073,Management Information Systems (MIS),Lecture,Computing,40,Monday,10:30-12:30,0,0,Cloudy,0.7869,31
IT3113,Cyber Security (CS),Lecture,Computing,88,Friday,09:00-11:00,1,0,Sunny,0.7898,70
CS3253,Big Data Analytics (BA),Lecture,Computing,40,Friday,10:30-12:30,0,0,Cloudy,0.8038,32
IS3083,E-Commerce (EC),Lecture,Computing,38,Thursday,12:00-13:30,0,0,Sunny,0.8354,32
CS3253,Big Data Analytics (BA),Lecture,Computing,35,Wednesday,12:00-13:30,0,0,Cloudy,0.8413,29
IT3153,Software Quality Assurance (SQA),Lecture,Computing,125,Thursday,12:00-13:30,0,0,Cloudy,0.8144,102
SE22013,Software Project Management,Lecture,Computing,60,Tuesday,08:30-10:30,0,0,Sunny,0.7627,46
DS22012,Categorical Data Analysis (CDA),Lecture,Computing,80,Thursday,08:30-10:30,0,0,Rainy,0.6949,56
SE22013,Software Project Management,Lecture,Computing,58,Friday,09:00-11:00,0,0,Cloudy,0.6855,40
IT3133,Programming Distributed Components (PDC),Lecture,Computing,87,Thursday,10:30-12:30,0,0,Sunny,0.8924,78
IT3182,Essentials of Artificial Intelligence (EAI),Lecture,Computing,122,Friday,08:30-10:30,0,0,Sunny,0.644,79
CS22012,Advanced Data Structures & Algorithms,Lecture,Computing,79,Monday,14:30-16:30,0,0,Cloudy,0.7296,58
IT3182,Essentials of Artificial Intelligence (EAI),Lecture,Computing,124,Thursday,10:30-12:30,0,0,Rainy,0.8155,101
DS22012,Categorical Data Analysis (CDA),Lecture,Computing,83,Wednesday,08:30-10:30,0,1,Cloudy,0.9622,80
IT3143,Independent Study (IS),Lecture,Computing,123,Monday,09:00-11:00,1,0,Sunny,0.7427,91
IS3073,Management Information Systems (MIS),Lecture,Computing,35,Thursday,10:30-12:30,0,0,Cloudy,0.8919,31
IS3102,Organizational Behaviour (OB),Lecture,Computing,33,Thursday,12:00-13:30,0,0,Sunny,0.8281,27
IT3153,Software Quality Assurance (SQA),Lecture,Computing,127,Friday,10:30-12:30,1,0,Sunny,0.9233,117
CS22993,Group Project in Software Development,Lecture,Computing,82,Friday,12:00-13:30,0,0,Sunny,0.786,64
CS22023,Artificial Intelligence,Lecture,Computing,73,Tuesday,09:00-11:00,1,0,Sunny,0.8068,59
IT3182,Essentials of Artificial Intelligence (EAI),Lecture,Computing,126,Friday,09:00-11:00,0,0,Sunny,0.6871,87
CS22993,Group Project in Software Development,Lecture,Computing,81,Friday,12:00-13:30,0,0,Sunny,0.7797,63
CS22993,Group Project in Software Development,Lecture,Computing,84,Wednesday,10:30-12:30,0,1,Sunny,0.9739,82
CS22993,Group Project in Software Development,Lecture,Computing,76,Friday,11:30-14:30,0,0,Sunny,0.7934,60
CS22023,Artificial Intelligence,Lecture,Computing,85,Monday,10:30-12:30,0,0,Cloudy,0.7811,66
IT3123,Cloud Computing & Virtualization (CC&V),Lecture,Computing,85,Wednesday,09:00-11:00,0,0,Cloudy,0.7851,67
IT3182,Essentials of Artificial Intelligence (EAI),Lecture,Computing,123,Thursday,09:00-11:00,0,0,Sunny,0.7194,88
CS22993,Group Project in Software Development,Lecture,Computing,81,Thursday,08:30-10:30,0,0,Sunny,0.7674,62
IT3153,Software Quality Assurance (SQA),Lecture,Computing,120,Tuesday,14:30-16:30,0,0,Sunny,0.8032,96
DS22012,Categorical Data Analysis (CDA),Lecture,Computing,80,Wednesday,10:30-12:30,0,0,Sunny,0.8488,68
CS22012,Advanced Data Structures & Algorithms,Lecture,Computing,82,Friday,12:00-13:30,0,0,Sunny,0.7418,61
IT3123,Cloud Computing & Virtualization (CC&V),Lecture,Computing,91,Wednesday,08:30-10:30,1,0,Sunny,0.8686,79
IS3112,Marketing Management (MM),Lecture,Computing,38,Monday,14:30-16:30,1,0,Cloudy,0.8865,34
CS22012,Advanced Data Structures & Algorithms,Lecture,Computing,76,Thursday,08:30-10:30,0,0,Sunny,0.7303,56
IS3102,Organizational Behaviour (OB),Lecture,Computing,32,Monday,08:30-10:30,0,0,Cloudy,0.6768,22
IS3102,Organizational Behaviour (OB),Lecture,Computing,35,Thursday,09:00-11:00,0,0,Sunny,0.7272,25
IT3133,Programming Distributed Components (PDC),Lecture,Computing,88,Tuesday,09:00-11:00,0,0,Sunny,0.7935,70
IT3103,Service Oriented Web Programming (SOWP),Lecture,Computing,88,Friday,11:30-14:30,0,1,Sunny,0.983,87
CS3253,Big Data Analytics (BA),Lecture,Computing,39,Friday,08:30-10:30,0,1,Sunny,0.9614,37
IT3153,Software Quality Assurance (SQA),Lecture,Computing,124,Tuesday,09:00-11:00,0,1,Cloudy,0.9032,112
IT3162,GIS and Remote Sensing (GIS&RS),Lecture,Computing,131,Thursday,08:30-10:30,0,0,Sunny,0.7749,102
CS22993,Group Project in Software Development,Lecture,Computing,82,Friday,10:30-12:30,1,0,Sunny,0.894,73
SE22013,Software Project Management,Lecture,Computing,59,Wednesday,14:30-16:30,1,0,Cloudy,0.9491,56
SE22013,Software Project Management,Lecture,Computing,58,Tuesday,12:00-13:30,0,0,Rainy,0.7757,45
IT3143,Independent Study (IS),Lecture,Computing,128,Thursday,12:00-13:30,0,0,Sunny,0.7803,100
IS3073,Management Information Systems (MIS),Lecture,Computing,35,Friday,10:30-12:30,1,0,Sunny,0.8797,31
IT3103,Service Oriented Web Programming (SOWP),Lecture,Computing,91,Monday,08:30-10:30,0,0,Sunny,0.6907,63
IT3113,Cyber Security (CS),Lecture,Computing,88,Tuesday,14:30-16:30,0,0,Cloudy,0.7899,70
IS3093,Financial Management Concepts (FMC),Lecture,Computing,37,Wednesday,14:30-16:30,0,0,Rainy,0.7851,29
IT3153,Software Quality Assurance (SQA),Lecture,Computing,123,Friday,14:30-16:30,0,0,Cloudy,0.767,94
CS3253,Big Data Analytics (BA),Lecture,Computing,36,Thursday,08:30-10:30,0,0,Sunny,0.7623,27
IT3123,Cloud Computing & Virtualization (CC&V),Lecture,Computing,90,Friday,09:00-11:00,0,0,Sunny,0.7,63
IT3133,Programming Distributed Components (PDC),Lecture,Computing,95,Wednesday,09:00-11:00,0,0,Sunny,0.7766,74
CS3253,Big Data Analytics (BA),Lecture,Computing,38,Thursday,09:00-11:00,1,1,Sunny,0.9681,37
IS3112,Marketing Management (MM),Lecture,Computing,36,Thursday,12:00-13:30,0,1,Sunny,0.9741,35
IT3182,Essentials of Artificial Intelligence (EAI),Lecture,Computing,123,Monday,08:30-10:30,1,1,Sunny,0.986,121
CS3253,Big Data Analytics (BA),Lecture,Computing,40,Thursday,12:00-13:30,0,0,Sunny,0.8318,33
IT3133,Programming Distributed Components (PDC),Lecture,Computing,90,Monday,09:00-11:00,0,0,Sunny,0.677,61
CS22993,Group Project in Software Development,Lecture,Computing,84,Thursday,09:00-11:00,0,0,Cloudy,0.7916,66
IT3153,Software Quality Assurance (SQA),Lecture,Computing,125,Tuesday,08:30-10:30,0,0,Cloudy,0.7463,93
IT3143,Independent Study (IS),Lecture,Computing,111,Friday,10:30-12:30,0,0,Rainy,0.7427,82
CS22023,Artificial Intelligence,Lecture,Computing,86,Tuesday,11:30-14:30,0,0,Cloudy,0.8278,71
CS3253,Big Data Analytics (BA),Lecture,Computing,38,Tuesday,09:00-11:00,0,0,Sunny,0.7361,28
IS3112,Marketing Management (MM),Lecture,Computing,36,Wednesday,14:30-16:30,1,0,Sunny,0.9025,32
IT3113,Cyber Security (CS),Lecture,Computing,86,Thursday,08:30-10:30,1,0,Cloudy,0.8394,72
CS3253,Big Data Analytics (BA),Lecture,Computing,41,Friday,09:00-11:00,1,0,Cloudy,0.7861,32
IT3133,Programming Distributed Components (PDC),Lecture,Computing,89,Friday,12:00-13:30,0,0,Cloudy,0.7265,65
IT3162,GIS and Remote Sensing (GIS&RS),Lecture,Computing,128,Wednesday,11:30-14:30,0,0,Sunny,0.8451,108
IS3102,Organizational Behaviour (OB),Lecture,Computing,31,Tuesday,09:00-11:00,0,0,Sunny,0.7736,24
IT3103,Service Oriented Web Programming (SOWP),Lecture,Computing,92,Monday,10:30-12:30,0,0,Sunny,0.8258,76
IS3102,Organizational Behaviour (OB),Lecture,Computing,32,Tuesday,09:00-11:00,0,0,Sunny,0.7668,25
IT3123,Cloud Computing & Virtualization (CC&V),Lecture,Computing,86,Tuesday,11:30-14:30,0,0,Cloudy,0.8906,77
IT3143,Independent Study (IS),Lecture,Computing,130,Tuesday,10:30-12:30,0,0,Cloudy,0.8373,109
IT3143,Independent Study (IS),Lecture,Computing,123,Tuesday,14:30-16:30,1,1,Sunny,0.9612,118
IT3123,Cloud Computing & Virtualization (CC&V),Lecture,Computing,90,Tuesday,08:30-10:30,0,0,Sunny,0.7269,65
IT3123,Cloud Computing & Virtualization (CC&V),Lecture,Computing,92,Thursday,08:30-10:30,0,0,Cloudy,0.7318,67
IS3093,Financial Management Concepts (FMC),Lecture,Computing,32,Wednesday,11:30-14:30,1,0,Sunny,0.99,32
IT3162,GIS and Remote Sensing (GIS&RS),Lecture,Computing,126,Tuesday,08:30-10:30,0,0,Cloudy,0.7388,93
IS3102,Organizational Behaviour (OB),Lecture,Computing,31,Tuesday,10:30-12:30,1,1,Rainy,0.9823,30
IS3083,E-Commerce (EC),Lecture,Computing,31,Monday,09:00-11:00,0,0,Sunny,0.7021,22
CS22993,Group Project in Software Development,Lecture,Computing,81,Friday,10:30-12:30,0,1,Cloudy,0.9797,79
CS22012,Advanced Data Structures & Algorithms,Lecture,Computing,82,Monday,14:30-16:30,1,0,Sunny,0.8606,71
CS22023,Artificial Intelligence,Lecture,Computing,81,Wednesday,14:30-16:30,0,0,Sunny,0.8593,70
IS3073,Management Information Systems (MIS),Lecture,Computing,32,Monday,12:00-13:30,0,0,Cloudy,0.7732,25
IS3102,Organizational Behaviour (OB),Lecture,Computing,36,Wednesday,09:00-11:00,0,0,Sunny,0.7553,27
IT3113,Cyber Security (CS),Lecture,Computing,84,Friday,09:00-11:00,0,0,Sunny,0.6654,56
IS3083,E-Commerce (EC),Lecture,Computing,36,Friday,14:30-16:30,0,0,Sunny,0.7586,27
IT3113,Cyber Security (CS),Lecture,Computing,85,Wednesday,09:00-11:00,0,0,Cloudy,0.7939,67
CS22023,Artificial Intelligence,Lecture,Computing,82,Monday,12:00-13:30,1,0,Sunny,0.8672,71
IT3133,Programming Distributed Components (PDC),Lecture,Computing,84,Monday,11:30-14:30,0,0,Cloudy,0.8078,68
SE22013,Software Project Management,Lecture,Computing,59,Wednesday,08:30-10:30,0,0,Sunny,0.7564,45
IS3083,E-Commerce (EC),Lecture,Computing,32,Monday,09:00-11:00,0,0,Cloudy,0.7084,23
IT3113,Cyber Security (CS),Lecture,Computing,86,Monday,12:00-13:30,0,0,Sunny,0.7434,64
IT3153,Software Quality Assurance (SQA),Lecture,Computing,119,Monday,09:00-11:00,0,1,Sunny,0.99,118
IT3143,Independent Study (IS),Lecture,Computing,124,Wednesday,11:30-14:30,0,0,Cloudy,0.8708,108
CS22012,Advanced Data Structures & Algorithms,Lecture,Computing,84,Friday,10:30-12:30,0,0,Cloudy,0.8018,67
CS3253,Big Data Analytics (BA),Lecture,Computing,40,Thursday,08:30-10:30,0,0,Sunny,0.7755,31
IT3133,Programming Distributed Components (PDC),Lecture,Computing,90,Tuesday,09:00-11:00,1,0,Sunny,0.8465,76
SE22013,Software Project Management,Lecture,Computing,59,Wednesday,10:30-12:30,0,0,Sunny,0.834,49
IS3102,Organizational Behaviour (OB),Lecture,Computing,36,Tuesday,09:00-11:00,1,0,Sunny,0.8165,29
CS22993,Group Project in Software Development,Lecture,Computing,83,Wednesday,08:30-10:30,0,0,Sunny,0.787,65
IS3073,Management Information Systems (MIS),Lecture,Computing,30,Monday,12:00-13:30,0,1,Sunny,0.9765,29
IT3103,Service Oriented Web Programming (SOWP),Lecture,Computing,93,Wednesday,12:00-13:30,0,0,Sunny,0.8571,80
SE22013,Software Project Management,Lecture,Computing,57,Thursday,08:30-10:30,0,1,Rainy,0.99,56
IT3133,Programming Distributed Components (PDC),Lecture,Computing,90,Wednesday,12:00-13:30,0,0,Sunny,0.8223,74
IT3143,Independent Study (IS),Lecture,Computing,125,Wednesday,11:30-14:30,0,0,Rainy,0.815,102
IT3143,Independent Study (IS),Lecture,Computing,120,Wednesday,12:00-13:30,0,0,Cloudy,0.7912,95
IT3113,Cyber Security (CS),Lecture,Computing,87,Thursday,10:30-12:30,0,0,Sunny,0.8581,75
IT3162,GIS and Remote Sensing (GIS&RS),Lecture,Computing,120,Wednesday,09:00-11:00,0,1,Sunny,0.9849,118
DS22012,Categorical Data Analysis (CDA),Lecture,Computing,87,Friday,10:30-12:30,0,0,Sunny,0.7846,68
IT3103,Service Oriented Web Programming (SOWP),Lecture,Computing,88,Friday,08:30-10:30,0,0,Sunny,0.6502,57
DS22012,Categorical Data Analysis (CDA),Lecture,Computing,81,Tuesday,08:30-10:30,0,1,Sunny,0.9536,77
IS3083,E-Commerce (EC),Lecture,Computing,33,Wednesday,11:30-14:30,1,0,Rainy,0.9217,30
IT3133,Programming Distributed Components (PDC),Lecture,Computing,86,Monday,12:00-13:30,0,0,Sunny,0.7697,66
IT3143,Independent Study (IS),Lecture,Computing,133,Thursday,10:30-12:30,0,0,Cloudy,0.8642,115
IS3073,Management Information Systems (MIS),Lecture,Computing,36,Tuesday,11:30-14:30,0,0,Cloudy,0.8824,32
IT3143,Independent Study (IS),Lecture,Computing,128,Thursday,11:30-14:30,0,0,Sunny,0.8719,112
CS22012,Advanced Data Structures & Algorithms,Lecture,Computing,81,Tuesday,11:30-14:30,0,0,Sunny,0.8613,70
CS22023,Artificial Intelligence,Lecture,Computing,82,Thursday,08:30-10:30,1,0,Cloudy,0.8571,70
IS3083,E-Commerce (EC),Lecture,Computing,39,Tuesday,14:30-16:30,1,0,Sunny,0.9522,37
IS3102,Organizational Behaviour (OB),Lecture,Computing,37,Friday,12:00-13:30,0,1,Sunny,0.9543,35
IT3162,GIS and Remote Sensing (GIS&RS),Lecture,Computing,125,Friday,08:30-10:30,1,0,Sunny,0.7878,98
CS22012,Advanced Data Structures & Algorithms,Lecture,Computing,79,Wednesday,11:30-14:30,0,0,Cloudy,0.839,66
IS3083,E-Commerce (EC),Lecture,Computing,35,Friday,12:00-13:30,0,0,Sunny,0.7429,26
CS22012,Advanced Data Structures & Algorithms,Lecture,Computing,85,Wednesday,09:00-11:00,0,0,Sunny,0.7754,66
IS3093,Financial Management Concepts (FMC),Lecture,Computing,37,Thursday,08:30-10:30,1,0,Rainy,0.8301,31
CS22012,Advanced Data Structures & Algorithms,Lecture,Computing,81,Tuesday,09:00-11:00,1,0,Sunny,0.8803,71
IT3153,Software Quality Assurance (SQA),Lecture,Computing,124,Tuesday,14:30-16:30,0,0,Cloudy,0.8366,104
SE22013,Software Project Management,Lecture,Computing,56,Tuesday,08:30-10:30,1,0,Sunny,0.876,49
SE22013,Software Project Management,Lecture,Computing,53,Wednesday,12:00-13:30,0,0,Sunny,0.8301,44
IS3112,Marketing Management (MM),Lecture,Computing,26,Wednesday,10:30-12:30,0,0,Sunny,0.8352,22
SE22013,Software Project Management,Lecture,Computing,57,Tuesday,09:00-11:00,0,0,Cloudy,0.7813,45
DS22012,Categorical Data Analysis (CDA),Lecture,Computing,83,Thursday,09:00-11:00,1,0,Sunny,0.8531,71
IS3093,Financial Management Concepts (FMC),Lecture,Computing,33,Wednesday,12:00-13:30,0,1,Cloudy,0.9671,32
IT3133,Programming Distributed Components (PDC),Lecture,Computing,86,Thursday,08:30-10:30,0,0,Sunny,0.7681,66
CS22023,Artificial Intelligence,Lecture,Computing,87,Monday,10:30-12:30,0,0,Cloudy,0.8428,73
IT3113,Cyber Security (CS),Lecture,Computing,89,Monday,11:30-14:30,0,0,Sunny,0.8212,73
IS3073,Management Information Systems (MIS),Lecture,Computing,31,Wednesday,11:30-14:30,1,0,Cloudy,0.9518,30
IT3182,Essentials of Artificial Intelligence (EAI),Lecture,Computing,122,Wednesday,08:30-10:30,0,0,Rainy,0.7025,86
DS22012,Categorical Data Analysis (CDA),Lecture,Computing,81,Friday,12:00-13:30,1,0,Sunny,0.8788,71
IT3123,Cloud Computing & Virtualization (CC&V),Lecture,Computing,88,Monday,14:30-16:30,0,0,Rainy,0.6623,58
CS3253,Big Data Analytics (BA),Lecture,Computing,41,Friday,12:00-13:30,0,1,Cloudy,0.9628,39
IS3093,Financial Management Concepts (FMC),Lecture,Computing,34,Friday,10:30-12:30,0,0,Sunny,0.7859,27
IT3133,Programming Distributed Components (PDC),Lecture,Computing,93,Wednesday,12:00-13:30,0,1,Sunny,0.99,92
CS22023,Artificial Intelligence,Lecture,Computing,79,Thursday,11:30-14:30,0,0,Cloudy,0.8254,65
DS22012,Categorical Data Analysis (CDA),Lecture,Computing,82,Monday,10:30-12:30,0,0,Sunny,0.8165,67
IT3182,Essentials of Artificial Intelligence (EAI),Lecture,Computing,125,Monday,09:00-11:00,0,0,Sunny,0.6742,84
IT3143,Independent Study (IS),Lecture,Computing,123,Monday,09:00-11:00,0,0,Cloudy,0.6872,85
IT3143,Independent Study (IS),Lecture,Computing,126,Wednesday,09:00-11:00,1,1,Cloudy,0.99,125
CS22993,Group Project in Software Development,Lecture,Computing,81,Thursday,11:30-14:30,0,0,Sunny,0.8,65
IT3143,Independent Study (IS),Lecture,Computing,125,Monday,08:30-10:30,0,1,Cloudy,0.9472,118
CS3253,Big Data Analytics (BA),Lecture,Computing,41,Wednesday,09:00-11:00,0,0,Sunny,0.7949,33
IS3073,Management Information Systems (MIS),Lecture,Computing,38,Friday,11:30-14:30,0,0,Sunny,0.7824,30
IT3162,GIS and Remote Sensing (GIS&RS),Lecture,Computing,123,Thursday,08:30-10:30,0,1,Rainy,0.99,122
CS22993,Group Project in Software Development,Lecture,Computing,82,Monday,09:00-11:00,0,0,Rainy,0.6536,54
CS3253,Big Data Analytics (BA),Lecture,Computing,46,Thursday,09:00-11:00,0,0,Sunny,0.7721,36
IT3133,Programming Distributed Components (PDC),Lecture,Computing,84,Friday,08:30-10:30,0,0,Cloudy,0.692,58
IT3123,Cloud Computing & Virtualization (CC&V),Lecture,Computing,85,Friday,14:30-16:30,1,1,Sunny,0.9723,83
IS3093,Financial Management Concepts (FMC),Lecture,Computing,38,Tuesday,08:30-10:30,0,1,Rainy,0.9437,36
IT3103,Service Oriented Web Programming (SOWP),Lecture,Computing,96,Wednesday,09:00-11:00,0,0,Sunny,0.7579,73
IT3113,Cyber Security (CS),Lecture,Computing,89,Wednesday,10:30-12:30,1,0,Cloudy,0.9359,83
IT3103,Service Oriented Web Programming (SOWP),Lecture,Computing,83,Monday,08:30-10:30,0,0,Sunny,0.6876,57
IS3093,Financial Management Concepts (FMC),Lecture,Computing,35,Friday,10:30-12:30,0,1,Sunny,0.99,35
IT3113,Cyber Security (CS),Lecture,Computing,88,Tuesday,09:00-11:00,0,0,Sunny,0.7361,65
IT3182,Essentials of Artificial Intelligence (EAI),Lecture,Computing,124,Thursday,08:30-10:30,0,1,Rainy,0.9518,118
IT3123,Cloud Computing & Virtualization (CC&V),Lecture,Computing,86,Friday,08:30-10:30,0,0,Sunny,0.647,56
CS3253,Big Data Analytics (BA),Lecture,Computing,40,Monday,12:00-13:30,0,0,Sunny,0.7424,30
IT3133,Programming Distributed Components (PDC),Lecture,Computing,91,Thursday,09:00-11:00,0,0,Rainy,0.6833,62
CS22012,Advanced Data Structures & Algorithms,Lecture,Computing,77,Monday,09:00-11:00,0,0,Rainy,0.6437,50
IS3083,E-Commerce (EC),Lecture,Computing,38,Tuesday,08:30-10:30,0,0,Sunny,0.7885,30
CS3253,Big Data Analytics (BA),Lecture,Computing,39,Friday,12:00-13:30,1,0,Rainy,0.8206,32
IS3093,Financial Management Concepts (FMC),Lecture,Computing,37,Wednesday,08:30-10:30,0,0,Sunny,0.7562,28
SE22013,Software Project Management,Lecture,Computing,55,Tuesday,11:30-14:30,0,0,Sunny,0.8742,48
IT3113,Cyber Security (CS),Lecture,Computing,86,Monday,12:00-13:30,0,0,Cloudy,0.7797,67
IS3093,Financial Management Concepts (FMC),Lecture,Computing,37,Wednesday,09:00-11:00,0,1,Rainy,0.9858,36
IS3112,Marketing Management (MM),Lecture,Computing,37,Wednesday,10:30-12:30,0,0,Cloudy,0.8545,32
CS3253,Big Data Analytics (BA),Lecture,Computing,38,Tuesday,11:30-14:30,1,0,Sunny,0.964,37
IS3093,Financial Management Concepts (FMC),Lecture,Computing,32,Friday,11:30-14:30,1,1,Sunny,0.9483,30
IS3102,Organizational Behaviour (OB),Lecture,Computing,37,Friday,14:30-16:30,0,0,Cloudy,0.7479,28
CS3253,Big Data Analytics (BA),Lecture,Computing,35,Monday,09:00-11:00,0,1,Sunny,0.9837,34
IS3083,E-Commerce (EC),Lecture,Computing,39,Thursday,08:30-10:30,0,0,Cloudy,0.7791,30
IT3143,Independent Study (IS),Lecture,Computing,121,Monday,08:30-10:30,1,0,Sunny,0.7742,94
DS22012,Categorical Data Analysis (CDA),Lecture,Computing,84,Tuesday,14:30-16:30,0,0,Sunny,0.8397,71
CS22993,Group Project in Software Development,Lecture,Computing,82,Friday,08:30-10:30,0,0,Sunny,0.699,57
IT3182,Essentials of Artificial Intelligence (EAI),Lecture,Computing,119,Monday,14:30-16:30,1,0,Sunny,0.8518,101
CS3253,Big Data Analytics (BA),Lecture,Computing,40,Friday,10:30-12:30,0,0,Sunny,0.8195,33
IS3073,Management Information Systems (MIS),Lecture,Computing,38,Thursday,11:30-14:30,0,0,Rainy,0.7823,30
IT3182,Essentials of Artificial Intelligence (EAI),Lecture,Computing,123,Tuesday,12:00-13:30,1,1,Rainy,0.9636,119
IT3133,Programming Distributed Components (PDC),Lecture,Computing,90,Monday,09:00-11:00,0,0,Rainy,0.6217,56
IT3103,Service Oriented Web Programming (SOWP),Lecture,Computing,84,Friday,14:30-16:30,1,0,Sunny,0.8566,72
IT3133,Programming Distributed Components (PDC),Lecture,Computing,92,Wednesday,08:30-10:30,1,0,Cloudy,0.8661,80
IS3083,E-Commerce (EC),Lecture,Computing,37,Monday,08:30-10:30,0,0,Sunny,0.7027,26
CS3253,Big Data Analytics (BA),Lecture,Computing,38,Wednesday,08:30-10:30,1,1,Sunny,0.9873,38
DS22012,Categorical Data Analysis (CDA),Lecture,Computing,80,Thursday,11:30-14:30,0,1,Sunny,0.9731,78
DS22012,Categorical Data Analysis (CDA),Lecture,Computing,83,Monday,10:30-12:30,0,0,Cloudy,0.7793,65
IT3133,Programming Distributed Components (PDC),Lecture,Computing,90,Thursday,10:30-12:30,0,0,Sunny,0.8624,78
SE22013,Software Project Management,Lecture,Computing,56,Thursday,11:30-14:30,0,0,Cloudy,0.8578,48
IS3073,Management Information Systems (MIS),Lecture,Computing,31,Friday,10:30-12:30,0,1,Rainy,0.99,31
IS3102,Organizational Behaviour (OB),Lecture,Computing,32,Monday,12:00-13:30,0,0,Sunny,0.7551,24
IS3102,Organizational Behaviour (OB),Lecture,Computing,34,Tuesday,08:30-10:30,1,1,Cloudy,0.9895,34
SE22013,Software Project Management,Lecture,Computing,58,Wednesday,09:00-11:00,0,0,Sunny,0.7189,42
IS3093,Financial Management Concepts (FMC),Lecture,Computing,34,Tuesday,09:00-11:00,0,0,Rainy,0.6484,22
IS3112,Marketing Management (MM),Lecture,Computing,32,Friday,12:00-13:30,0,0,Cloudy,0.7355,24
IT3182,Essentials of Artificial Intelligence (EAI),Lecture,Computing,127,Monday,10:30-12:30,0,0,Sunny,0.7806,99
IT3153,Software Quality Assurance (SQA),Lecture,Computing,122,Monday,09:00-11:00,1,1,Cloudy,0.9517,116
CS22023,Artificial Intelligence,Lecture,Computing,82,Monday,10:30-12:30,0,0,Sunny,0.8194,67
DS22012,Categorical Data Analysis (CDA),Lecture,Computing,86,Monday,08:30-10:30,1,1,Sunny,0.99,85
IS3093,Financial Management Concepts (FMC),Lecture,Computing,33,Tuesday,12:00-13:30,0,1,Sunny,0.99,33
IT3162,GIS and Remote Sensing (GIS&RS),Lecture,Computing,123,Thursday,12:00-13:30,1,0,Cloudy,0.9146,112
CS22993,Group Project in Software Development,Lecture,Computing,84,Thursday,14:30-16:30,0,0,Cloudy,0.8413,71
CS3253,Big Data Analytics (BA),Lecture,Computing,44,Friday,09:00-11:00,0,0,Cloudy,0.6969,31
IT3133,Programming Distributed Components (PDC),Lecture,Computing,87,Thursday,14:30-16:30,0,0,Rainy,0.8027,70
IT3162,GIS and Remote Sensing (GIS&RS),Lecture,Computing,121,Wednesday,10:30-12:30,0,0,Cloudy,0.8674,105
CS22012,Advanced Data Structures & Algorithms,Lecture,Computing,81,Wednesday,12:00-13:30,1,0,Sunny,0.9542,77
CS22993,Group Project in Software Development,Lecture,Computing,85,Thursday,11:30-14:30,1,0,Sunny,0.9499,81
CS22993,Group Project in Software Development,Lecture,Computing,77,Thursday,09:00-11:00,0,0,Rainy,0.6981,54
IT3162,GIS and Remote Sensing (GIS&RS),Lecture,Computing,123,Wednesday,11:30-14:30,0,0,Rainy,0.8162,100
SE22013,Software Project Management,Lecture,Computing,59,Thursday,12:00-13:30,1,0,Cloudy,0.9074,54
IT3153,Software Quality Assurance (SQA),Lecture,Computing,125,Tuesday,09:00-11:00,1,0,Cloudy,0.8621,108
DS22012,Categorical Data Analysis (CDA),Lecture,Computing,84,Monday,08:30-10:30,0,1,Cloudy,0.9643,81
SE22013,Software Project Management,Lecture,Computing,58,Tuesday,12:00-13:30,0,1,Cloudy,0.9829,57
IT3103,Service Oriented Web Programming (SOWP),Lecture,Computing,88,Wednesday,12:00-13:30,0,0,Sunny,0.8334,73
CS22012,Advanced Data Structures & Algorithms,Lecture,Computing,82,Wednesday,12:00-13:30,0,0,Sunny,0.8209,67
CS22023,Artificial Intelligence,Lecture,Computing,81,Wednesday,11:30-14:30,0,0,Sunny,0.8727,71
IT3143,Independent Study (IS),Lecture,Computing,120,Monday,09:00-11:00,0,0,Sunny,0.6819,82
CS22012,Advanced Data Structures & Algorithms,Lecture,Computing,78,Wednesday,11:30-14:30,1,0,Sunny,0.9529,74
IT3123,Cloud Computing & Virtualization (CC&V),Lecture,Computing,78,Tuesday,10:30-12:30,0,0,Sunny,0.8436,66
IT3162,GIS and Remote Sensing (GIS&RS),Lecture,Computing,123,Friday,08:30-10:30,0,0,Sunny,0.7033,87
CS3253,Big Data Analytics (BA),Lecture,Computing,37,Wednesday,09:00-11:00,0,0,Cloudy,0.7584,28
IT3123,Cloud Computing & Virtualization (CC&V),Lecture,Computing,90,Monday,10:30-12:30,0,0,Cloudy,0.7929,71
IT3113,Cyber Security (CS),Lecture,Computing,91,Thursday,08:30-10:30,0,0,Sunny,0.7732,70
SE22013,Software Project Management,Lecture,Computing,60,Thursday,08:30-10:30,0,0,Sunny,0.7278,44
IS3093,Financial Management Concepts (FMC),Lecture,Computing,39,Friday,10:30-12:30,1,1,Sunny,0.9611,37
IS3102,Organizational Behaviour (OB),Lecture,Computing,30,Monday,08:30-10:30,0,0,Sunny,0.685,21
IT3113,Cyber Security (CS),Lecture,Computing,87,Wednesday,08:30-10:30,0,0,Sunny,0.6982,61
IS3083,E-Commerce (EC),Lecture,Computing,33,Tuesday,12:00-13:30,0,1,Rainy,0.9682,32
IT3182,Essentials of Artificial Intelligence (EAI),Lecture,Computing,124,Monday,12:00-13:30,0,0,Cloudy,0.7403,92
CS22012,Advanced Data Structures & Algorithms,Lecture,Computing,84,Monday,09:00-11:00,0,1,Sunny,0.9472,80
CS22993,Group Project in Software Development,Lecture,Computing,85,Friday,10:30-12:30,0,0,Sunny,0.7697,65
IT3113,Cyber Security (CS),Lecture,Computing,87,Thursday,10:30-12:30,0,0,Cloudy,0.8261,72
IT3133,Programming Distributed Components (PDC),Lecture,Computing,86,Friday,09:00-11:00,0,0,Cloudy,0.6601,57
DS22012,Categorical Data Analysis (CDA),Lecture,Computing,85,Tuesday,11:30-14:30,0,0,Sunny,0.9056,77
IT3143,Independent Study (IS),Lecture,Computing,121,Friday,08:30-10:30,0,0,Sunny,0.6865,83
IT3143,Independent Study (IS),Lecture,Computing,122,Monday,08:30-10:30,0,0,Rainy,0.6343,77
IT3133,Programming Distributed Components (PDC),Lecture,Computing,87,Monday,14:30-16:30,0,0,Rainy,0.6794,59
CS22012,Advanced Data Structures & Algorithms,Lecture,Computing,85,Thursday,08:30-10:30,0,0,Sunny,0.7533,64
IS3093,Financial Management Concepts (FMC),Lecture,Computing,32,Monday,08:30-10:30,0,0,Sunny,0.6781,22
CS22012,Advanced Data Structures & Algorithms,Lecture,Computing,82,Tuesday,08:30-10:30,0,0,Sunny,0.7266,60
IT3113,Cyber Security (CS),Lecture,Computing,95,Friday,09:00-11:00,0,1,Rainy,0.9704,92
IS3073,Management Information Systems (MIS),Lecture,Computing,35,Thursday,09:00-11:00,0,0,Sunny,0.7492,26
CS22023,Artificial Intelligence,Lecture,Computing,79,Friday,14:30-16:30,0,0,Sunny,0.7282,58
CS22012,Advanced Data Structures & Algorithms,Lecture,Computing,74,Tuesday,12:00-13:30,1,1,Sunny,0.972,72
IT3162,GIS and Remote Sensing (GIS&RS),Lecture,Computing,129,Monday,12:00-13:30,1,0,Rainy,0.8,103
IT3162,GIS and Remote Sensing (GIS&RS),Lecture,Computing,127,Thursday,09:00-11:00,0,0,Rainy,0.718,91
IT3153,Software Quality Assurance (SQA),Lecture,Computing,122,Monday,10:30-12:30,0,1,Sunny,0.9767,119
IT3162,GIS and Remote Sensing (GIS&RS),Lecture,Computing,121,Wednesday,10:30-12:30,0,0,Sunny,0.8949,108
IS3102,Organizational Behaviour (OB),Lecture,Computing,43,Monday,12:00-13:30,0,1,Sunny,0.9791,42
IT3123,Cloud Computing & Virtualization (CC&V),Lecture,Computing,84,Thursday,08:30-10:30,0,1,Sunny,0.9403,79
SE22013,Software Project Management,Lecture,Computing,52,Thursday,12:00-13:30,0,0,Sunny,0.8159,42
IT3123,Cloud Computing & Virtualization (CC&V),Lecture,Computing,88,Monday,12:00-13:30,0,0,Sunny,0.7251,64
CS3253,Big Data Analytics (BA),Lecture,Computing,31,Thursday,08:30-10:30,0,0,Sunny,0.7531,23
IS3073,Management Information Systems (MIS),Lecture,Computing,33,Monday,09:00-11:00,0,1,Cloudy,0.99,33
IS3102,Organizational Behaviour (OB),Lecture,Computing,39,Monday,12:00-13:30,0,0,Sunny,0.7836,31
SE22013,Software Project Management,Lecture,Computing,59,Wednesday,10:30-12:30,0,1,Sunny,0.9522,56
CS22023,Artificial Intelligence,Lecture,Computing,83,Tuesday,12:00-13:30,0,0,Sunny,0.8313,69
IS3093,Financial Management Concepts (FMC),Lecture,Computing,36,Monday,10:30-12:30,0,0,Cloudy,0.7927,29
IT3153,Software Quality Assurance (SQA),Lecture,Computing,129,Wednesday,12:00-13:30,1,0,Sunny,0.9016,116
IT3123,Cloud Computing & Virtualization (CC&V),Lecture,Computing,85,Monday,09:00-11:00,0,0,Cloudy,0.7135,61
IS3073,Management Information Systems (MIS),Lecture,Computing,29,Wednesday,11:30-14:30,0,0,Rainy,0.8048,23
SE22013,Software Project Management,Lecture,Computing,54,Wednesday,08:30-10:30,0,0,Sunny,0.7553,41
IT3143,Independent Study (IS),Lecture,Computing,117,Friday,10:30-12:30,0,0,Sunny,0.769,90
IS3112,Marketing Management (MM),Lecture,Computing,36,Friday,08:30-10:30,1,0,Sunny,0.7743,28
DS22012,Categorical Data Analysis (CDA),Lecture,Computing,82,Thursday,12:00-13:30,0,0,Sunny,0.8391,69
IT3113,Cyber Security (CS),Lecture,Computing,91,Tuesday,09:00-11:00,0,0,Sunny,0.7334,67
SE22013,Software Project Management,Lecture,Computing,59,Thursday,09:00-11:00,0,0,Sunny,0.7489,44
IT3103,Service Oriented Web Programming (SOWP),Lecture,Computing,85,Tuesday,11:30-14:30,0,0,Cloudy,0.8648,74
IT3133,Programming Distributed Components (PDC),Lecture,Computing,91,Friday,08:30-10:30,0,0,Sunny,0.7204,66
IS3093,Financial Management Concepts (FMC),Lecture,Computing,39,Monday,11:30-14:30,1,0,Sunny,0.9259,36
CS22023,Artificial Intelligence,Lecture,Computing,84,Monday,10:30-12:30,0,0,Rainy,0.7418,62
CS22012,Advanced Data Structures & Algorithms,Lecture,Computing,76,Wednesday,08:30-10:30,1,1,Sunny,0.9195,70
IT3123,Cloud Computing & Virtualization (CC&V),Lecture,Computing,86,Tuesday,08:30-10:30,0,0,Rainy,0.7341,63
IS3073,Management Information Systems (MIS),Lecture,Computing,35,Friday,14:30-16:30,0,0,Cloudy,0.7441,26
IS3073,Management Information Systems (MIS),Lecture,Computing,36,Friday,08:30-10:30,1,0,Cloudy,0.7849,28
IT3162,GIS and Remote Sensing (GIS&RS),Lecture,Computing,121,Wednesday,14:30-16:30,0,0,Rainy,0.7715,93
IS3083,E-Commerce (EC),Lecture,Computing,34,Thursday,12:00-13:30,0,0,Cloudy,0.7932,27
IS3073,Management Information Systems (MIS),Lecture,Computing,35,Thursday,09:00-11:00,0,1,Sunny,0.9835,34
IT3103,Service Oriented Web Programming (SOWP),Lecture,Computing,94,Thursday,08:30-10:30,0,1,Rainy,0.9569,90
DS22012,Categorical Data Analysis (CDA),Lecture,Computing,77,Tuesday,08:30-10:30,0,0,Sunny,0.7572,58
CS3253,Big Data Analytics (BA),Lecture,Computing,37,Tuesday,12:00-13:30,0,1,Rainy,0.941,35
IS3083,E-Commerce (EC),Lecture,Computing,33,Friday,11:30-14:30,1,0,Sunny,0.9192,30
IT3153,Software Quality Assurance (SQA),Lecture,Computing,126,Thursday,10:30-12:30,0,0,Sunny,0.831,105
IT3182,Essentials of Artificial Intelligence (EAI),Lecture,Computing,128,Thursday,09:00-11:00,0,0,Rainy,0.6661,85
IS3073,Management Information Systems (MIS),Lecture,Computing,31,Friday,09:00-11:00,0,0,Sunny,0.6781,21
IS3093,Financial Management Concepts (FMC),Lecture,Computing,35,Thursday,09:00-11:00,0,0,Cloudy,0.8087,28
IS3093,Financial Management Concepts (FMC),Lecture,Computing,33,Thursday,11:30-14:30,0,0,Sunny,0.8725,29
IT3103,Service Oriented Web Programming (SOWP),Lecture,Computing,86,Tuesday,08:30-10:30,0,0,Sunny,0.7658,66
CS22023,Artificial Intelligence,Lecture,Computing,82,Wednesday,12:00-13:30,0,0,Cloudy,0.7731,63
IT3113,Cyber Security (CS),Lecture,Computing,86,Thursday,08:30-10:30,0,0,Sunny,0.7448,64
IS3093,Financial Management Concepts (FMC),Lecture,Computing,29,Monday,11:30-14:30,0,0,Sunny,0.7538,22
IT3103,Service Oriented Web Programming (SOWP),Lecture,Computing,98,Wednesday,09:00-11:00,0,0,Cloudy,0.7623,75
IS3093,Financial Management Concepts (FMC),Lecture,Computing,35,Monday,12:00-13:30,0,0,Sunny,0.7659,27
IT3103,Service Oriented Web Programming (SOWP),Lecture,Computing,88,Tuesday,14:30-16:30,0,1,Sunny,0.9678,85
IT3182,Essentials of Artificial Intelligence (EAI),Lecture,Computing,122,Wednesday,12:00-13:30,0,0,Sunny,0.8052,98
IT3162,GIS and Remote Sensing (GIS&RS),Lecture,Computing,125,Thursday,08:30-10:30,0,0,Rainy,0.7434,93
CS3253,Big Data Analytics (BA),Lecture,Computing,34,Monday,12:00-13:30,0,0,Sunny,0.7128,24
IT3143,Independent Study (IS),Lecture,Computing,120,Wednesday,10:30-12:30,0,0,Sunny,0.8549,103
IT3162,GIS and Remote Sensing (GIS&RS),Lecture,Computing,122,Monday,08:30-10:30,0,0,Rainy,0.6183,75
SE22013,Software Project Management,Lecture,Computing,56,Wednesday,08:30-10:30,0,1,Cloudy,0.9882,55
IS3073,Management Information Systems (MIS),Lecture,Computing,40,Tuesday,09:00-11:00,0,0,Sunny,0.784,31
IS3073,Management Information Systems (MIS),Lecture,Computing,35,Thursday,09:00-11:00,0,0,Cloudy,0.7338,26
CS22012,Advanced Data Structures & Algorithms,Lecture,Computing,85,Monday,12:00-13:30,0,0,Sunny,0.7773,66
SE22013,Software Project Management,Lecture,Computing,57,Thursday,12:00-13:30,1,1,Cloudy,0.9814,56
IS3093,Financial Management Concepts (FMC),Lecture,Computing,33,Tuesday,14:30-16:30,0,0,Rainy,0.8174,27
CS22023,Artificial Intelligence,Lecture,Computing,74,Thursday,11:30-14:30,0,0,Cloudy,0.8631,64
SE22013,Software Project Management,Lecture,Computing,58,Wednesday,12:00-13:30,0,1,Sunny,0.9729,56
CS22012,Advanced Data Structures & Algorithms,Lecture,Computing,82,Thursday,11:30-14:30,1,0,Rainy,0.9114,75
CS22012,Advanced Data Structures & Algorithms,Lecture,Computing,85,Monday,12:00-13:30,1,0,Sunny,0.8647,74
IT3153,Software Quality Assurance (SQA),Lecture,Computing,123,Tuesday,14:30-16:30,1,0,Cloudy,0.8882,109
IS3083,E-Commerce (EC),Lecture,Computing,36,Wednesday,11:30-14:30,1,0,Rainy,0.9023,32
IT3143,Independent Study (IS),Lecture,Computing,123,Wednesday,11:30-14:30,0,1,Sunny,0.99,122
CS22023,Artificial Intelligence,Lecture,Computing,81,Monday,11:30-14:30,0,0,Cloudy,0.8098,66
DS22012,Categorical Data Analysis (CDA),Lecture,Computing,83,Monday,09:00-11:00,0,0,Sunny,0.6697,56
CS22023,Artificial Intelligence,Lecture,Computing,82,Tuesday,09:00-11:00,0,0,Rainy,0.7112,58
CS22023,Artificial Intelligence,Lecture,Computing,82,Friday,08:30-10:30,0,0,Sunny,0.7038,58
IS3083,E-Commerce (EC),Lecture,Computing,32,Friday,09:00-11:00,0,0,Sunny,0.6962,22
IT3123,Cloud Computing & Virtualization (CC&V),Lecture,Computing,83,Monday,08:30-10:30,0,0,Cloudy,0.7038,58
IT3133,Programming Distributed Components (PDC),Lecture,Computing,89,Wednesday,14:30-16:30,0,0,Sunny,0.8165,73
IS3093,Financial Management Concepts (FMC),Lecture,Computing,40,Wednesday,09:00-11:00,1,0,Sunny,0.8621,34
CS22012,Advanced Data Structures & Algorithms,Lecture,Computing,87,Tuesday,08:30-10:30,0,1,Cloudy,0.9734,85
CS22993,Group Project in Software Development,Lecture,Computing,84,Friday,09:00-11:00,1,0,Rainy,0.7605,64
IS3083,E-Commerce (EC),Lecture,Computing,33,Wednesday,09:00-11:00,0,0,Sunny,0.7604,25
IT3123,Cloud Computing & Virtualization (CC&V),Lecture,Computing,84,Monday,14:30-16:30,0,0,Rainy,0.7134,60
IS3073,Management Information Systems (MIS),Lecture,Computing,35,Wednesday,08:30-10:30,0,0,Cloudy,0.7579,27
IT3133,Programming Distributed Components (PDC),Lecture,Computing,87,Monday,10:30-12:30,0,0,Sunny,0.7638,66
CS3253,Big Data Analytics (BA),Lecture,Computing,37,Wednesday,14:30-16:30,0,0,Rainy,0.7585,28
IT3103,Service Oriented Web Programming (SOWP),Lecture,Computing,84,Friday,11:30-14:30,0,0,Cloudy,0.7616,64
IT3103,Service Oriented Web Programming (SOWP),Lecture,Computing,92,Tuesday,11:30-14:30,0,0,Sunny,0.8568,79
IT3162,GIS and Remote Sensing (GIS&RS),Lecture,Computing,124,Friday,08:30-10:30,0,1,Sunny,0.9795,121
IT3113,Cyber Security (CS),Lecture,Computing,90,Monday,14:30-16:30,0,1,Sunny,0.9556,86
IS3083,E-Commerce (EC),Lecture,Computing,34,Tuesday,10:30-12:30,0,0,Cloudy,0.851,29
IT3143,Independent Study (IS),Lecture,Computing,124,Monday,10:30-12:30,0,0,Sunny,0.8302,103
IT3153,Software Quality Assurance (SQA),Lecture,Computing,122,Thursday,09:00-11:00,0,0,Sunny,0.6983,85
DS22012,Categorical Data Analysis (CDA),Lecture,Computing,87,Friday,14:30-16:30,0,0,Sunny,0.735,64
SE22013,Software Project Management,Lecture,Computing,60,Thursday,09:00-11:00,0,1,Cloudy,0.9734,58
IT3133,Programming Distributed Components (PDC),Lecture,Computing,91,Wednesday,08:30-10:30,0,0,Sunny,0.7605,69
IT3143,Independent Study (IS),Lecture,Computing,128,Wednesday,09:00-11:00,1,0,Cloudy,0.8619,110
IT3103,Service Oriented Web Programming (SOWP),Lecture,Computing,86,Friday,10:30-12:30,0,1,Sunny,0.9574,82
IT3143,Independent Study (IS),Lecture,Computing,121,Tuesday,08:30-10:30,0,1,Sunny,0.9416,114
SE22013,Software Project Management,Lecture,Computing,64,Monday,12:00-13:30,0,0,Rainy,0.6953,44
CS22012,Advanced Data Structures & Algorithms,Lecture,Computing,86,Friday,12:00-13:30,0,0,Sunny,0.7689,66
IT3113,Cyber Security (CS),Lecture,Computing,87,Monday,11:30-14:30,1,0,Sunny,0.9191,80
IT3133,Programming Distributed Components (PDC),Lecture,Computing,85,Monday,11:30-14:30,0,0,Sunny,0.8142,69
CS3253,Big Data Analytics (BA),Lecture,Computing,37,Thursday,11:30-14:30,0,0,Cloudy,0.845,31
CS22012,Advanced Data Structures & Algorithms,Lecture,Computing,86,Thursday,11:30-14:30,0,1,Sunny,0.9443,81
IT3133,Programming Distributed Components (PDC),Lecture,Computing,87,Wednesday,10:30-12:30,0,0,Sunny,0.8846,77
IT3103,Service Oriented Web Programming (SOWP),Lecture,Computing,89,Friday,14:30-16:30,1,0,Cloudy,0.8668,77
IT3103,Service Oriented Web Programming (SOWP),Lecture,Computing,85,Wednesday,12:00-13:30,1,1,Sunny,0.9557,81
IT3103,Service Oriented Web Programming (SOWP),Lecture,Computing,88,Thursday,11:30-14:30,0,0,Sunny,0.8543,75
IT3143,Independent Study (IS),Lecture,Computing,125,Tuesday,10:30-12:30,0,1,Sunny,0.9658,121
IS3083,E-Commerce (EC),Lecture,Computing,40,Tuesday,11:30-14:30,0,0,Rainy,0.8065,32
IT3103,Service Oriented Web Programming (SOWP),Lecture,Computing,90,Thursday,11:30-14:30,0,0,Cloudy,0.876,79
IS3073,Management Information Systems (MIS),Lecture,Computing,31,Thursday,09:00-11:00,0,1,Sunny,0.9884,31
IS3102,Organizational Behaviour (OB),Lecture,Computing,37,Wednesday,09:00-11:00,1,0,Sunny,0.8676,32
IT3143,Independent Study (IS),Lecture,Computing,123,Monday,10:30-12:30,1,0,Sunny,0.8993,111
SE22013,Software Project Management,Lecture,Computing,57,Tuesday,12:00-13:30,0,0,Sunny,0.8287,47
IS3073,Management Information Systems (MIS),Lecture,Computing,33,Monday,12:00-13:30,0,0,Sunny,0.7581,25
IS3112,Marketing Management (MM),Lecture,Computing,37,Monday,10:30-12:30,0,0,Sunny,0.7932,29
IT3182,Essentials of Artificial Intelligence (EAI),Lecture,Computing,122,Tuesday,12:00-13:30,0,0,Sunny,0.7893,96
IT3153,Software Quality Assurance (SQA),Lecture,Computing,119,Thursday,08:30-10:30,1,0,Sunny,0.8494,101
CS22012,Advanced Data Structures & Algorithms,Lecture,Computing,82,Friday,10:30-12:30,0,0,Sunny,0.7701,63
CS3253,Big Data Analytics (BA),Lecture,Computing,37,Friday,10:30-12:30,0,0,Sunny,0.7664,28
IS3073,Management Information Systems (MIS),Lecture,Computing,29,Monday,08:30-10:30,0,0,Sunny,0.68,20
CS22023,Artificial Intelligence,Lecture,Computing,84,Friday,08:30-10:30,0,0,Sunny,0.6341,53
CS3253,Big Data Analytics (BA),Lecture,Computing,38,Wednesday,10:30-12:30,0,1,Sunny,0.9301,35
IT3113,Cyber Security (CS),Lecture,Computing,84,Monday,14:30-16:30,0,0,Cloudy,0.7539,63
IT3113,Cyber Security (CS),Lecture,Computing,95,Friday,08:30-10:30,0,0,Sunny,0.6772,64
DS22012,Categorical Data Analysis (CDA),Lecture,Computing,88,Monday,10:30-12:30,0,0,Cloudy,0.8053,71
SE22013,Software Project Management,Lecture,Computing,57,Wednesday,09:00-11:00,0,1,Sunny,0.99,56
CS22993,Group Project in Software Development,Lecture,Computing,82,Friday,12:00-13:30,0,0,Rainy,0.692,57
IS3073,Management Information Systems (MIS),Lecture,Computing,37,Wednesday,09:00-11:00,0,1,Cloudy,0.9473,35
IT3162,GIS and Remote Sensing (GIS&RS),Lecture,Computing,117,Tuesday,09:00-11:00,0,0,Rainy,0.7274,85
IT3182,Essentials of Artificial Intelligence (EAI),Lecture,Computing,124,Tuesday,08:30-10:30,0,1,Rainy,0.9789,121
IS3112,Marketing Management (MM),Lecture,Computing,38,Tuesday,14:30-16:30,0,0,Cloudy,0.8071,31
IS3112,Marketing Management (MM),Lecture,Computing,37,Friday,09:00-11:00,0,0,Sunny,0.6841,25
CS22993,Group Project in Software Development,Lecture,Computing,86,Monday,09:00-11:00,1,0,Cloudy,0.7778,67
IT3113,Cyber Security (CS),Lecture,Computing,88,Friday,09:00-11:00,0,0,Cloudy,0.6732,59
IT3153,Software Quality Assurance (SQA),Lecture,Computing,121,Wednesday,10:30-12:30,0,0,Rainy,0.8096,98
IS3083,E-Commerce (EC),Lecture,Computing,33,Monday,08:30-10:30,0,0,Sunny,0.6949,23
IT3153,Software Quality Assurance (SQA),Lecture,Computing,128,Friday,09:00-11:00,0,0,Sunny,0.7153,92
IT3103,Service Oriented Web Programming (SOWP),Lecture,Computing,85,Monday,11:30-14:30,0,0,Cloudy,0.7647,65
IT3113,Cyber Security (CS),Lecture,Computing,96,Monday,08:30-10:30,0,1,Rainy,0.9693,93
IS3093,Financial Management Concepts (FMC),Lecture,Computing,38,Tuesday,09:00-11:00,0,0,Rainy,0.6954,26
IS3073,Management Information Systems (MIS),Lecture,Computing,32,Monday,12:00-13:30,0,0,Sunny,0.7585,24
IT3113,Cyber Security (CS),Lecture,Computing,90,Monday,10:30-12:30,0,0,Sunny,0.8081,73
CS3253,Big Data Analytics (BA),Lecture,Computing,39,Wednesday,11:30-14:30,0,0,Cloudy,0.868,34
IT3103,Service Oriented Web Programming (SOWP),Lecture,Computing,94,Friday,09:00-11:00,0,0,Sunny,0.7003,66
IT3143,Independent Study (IS),Lecture,Computing,123,Monday,12:00-13:30,0,0,Cloudy,0.7262,89
CS3253,Big Data Analytics (BA),Lecture,Computing,41,Wednesday,09:00-11:00,0,0,Sunny,0.7912,32
DS22012,Categorical Data Analysis (CDA),Lecture,Computing,84,Monday,14:30-16:30,0,0,Sunny,0.7346,62
IS3083,E-Commerce (EC),Lecture,Computing,31,Friday,11:30-14:30,0,0,Sunny,0.8087,25
IS3093,Financial Management Concepts (FMC),Lecture,Computing,35,Monday,12:00-13:30,0,0,Cloudy,0.7363,26
IT3113,Cyber Security (CS),Lecture,Computing,83,Monday,14:30-16:30,0,0,Sunny,0.7548,63
IT3103,Service Oriented Web Programming (SOWP),Lecture,Computing,89,Monday,09:00-11:00,0,1,Sunny,0.9781,87
